{
    "cumulative_return": 1.863820319768759,
    "annualized_return": 1.863820319768759,
    "sharpe_ratio": 5.127959411647191,
    "max_drawdown": -0.10869287199211458,
    "win_rate": 0.6309523809523809,
    "total_trades": 252,
    "accuracy": 0.49603174603174605,
    "precision": 0.4576271186440678,
    "recall": 0.46153846153846156,
    "f1_score": 0.4595744680851064
}