{
    "cumulative_return": 0.011388812675451332,
    "annualized_return": 0.013237826666065988,
    "sharpe_ratio": 0.16376215903564473,
    "max_drawdown": -0.15068288774705058,
    "win_rate": 0.5161290322580645,
    "total_trades": 217,
    "accuracy": 0.5345622119815668,
    "precision": 0.536,
    "recall": 0.6090909090909091,
    "f1_score": 0.5702127659574469
}