{
    "cumulative_return": 0.2892306132277087,
    "annualized_return": 0.33082801829127906,
    "sharpe_ratio": 1.270439339203614,
    "max_drawdown": -0.11765316803187663,
    "win_rate": 0.5133928571428571,
    "total_trades": 224
}