{
    "cumulative_return": 2.40269471538728,
    "annualized_return": 2.9174743543395514,
    "sharpe_ratio": 3.8762484402342934,
    "max_drawdown": -0.09816755099590173,
    "win_rate": 0.584070796460177,
    "total_trades": 226
}