{
    "cumulative_return": 0.9433712518633415,
    "annualized_return": 0.9433712518633415,
    "sharpe_ratio": 2.9488966798527767,
    "max_drawdown": -0.09296075918100462,
    "win_rate": 0.5317460317460317,
    "total_trades": 252,
    "accuracy": 0.5158730158730159,
    "precision": 0.5454545454545454,
    "recall": 0.36923076923076925,
    "f1_score": 0.44036697247706424
}