{
    "cumulative_return": -0.018371310563408794,
    "annualized_return": -0.020463058350824515,
    "sharpe_ratio": 0.03135185585164101,
    "max_drawdown": -0.2442996767164784,
    "win_rate": 0.4823008849557522,
    "total_trades": 226
}