{
    "cumulative_return": 0.891504295484878,
    "annualized_return": 0.9011736681058233,
    "sharpe_ratio": 2.688165974271912,
    "max_drawdown": -0.14184777888199912,
    "win_rate": 0.544,
    "total_trades": 250,
    "accuracy": 0.516,
    "precision": 0.5144508670520231,
    "recall": 0.7063492063492064,
    "f1_score": 0.5953177257525084
}