{
    "cumulative_return": -0.23336029596063268,
    "annualized_return": -0.23336029596063268,
    "sharpe_ratio": -1.1718284895788302,
    "max_drawdown": -0.36654133527237,
    "win_rate": 0.4603174603174603,
    "total_trades": 252,
    "accuracy": 0.503968253968254,
    "precision": 0.5126582278481012,
    "recall": 0.627906976744186,
    "f1_score": 0.5644599303135889
}