{
    "cumulative_return": -0.10901734324034351,
    "annualized_return": -0.12077101640532062,
    "sharpe_ratio": -0.5231507082905387,
    "max_drawdown": -0.3073799245613329,
    "win_rate": 0.48672566371681414,
    "total_trades": 226
}