{
    "cumulative_return": -0.18919785190516236,
    "annualized_return": -0.24172824030671192,
    "sharpe_ratio": -1.5711073117588008,
    "max_drawdown": -0.21894237523287663,
    "win_rate": 0.44502617801047123,
    "total_trades": 191
}