{
    "cumulative_return": 0.5906015442208721,
    "annualized_return": 0.6778374328862238,
    "sharpe_ratio": 2.656830417353489,
    "max_drawdown": -0.09392367295864852,
    "win_rate": 0.504424778761062,
    "total_trades": 226
}