{
    "cumulative_return": -0.03412012411722021,
    "annualized_return": -0.03412012411722021,
    "sharpe_ratio": 0.10865969440753036,
    "max_drawdown": -0.30127083870095495,
    "win_rate": 0.5119047619047619,
    "total_trades": 252,
    "accuracy": 0.5595238095238095,
    "precision": 0.5,
    "recall": 0.4864864864864865,
    "f1_score": 0.4931506849315068
}