{
    "cumulative_return": 0.56169141584359,
    "annualized_return": 0.8006282687082833,
    "sharpe_ratio": 3.68033626865534,
    "max_drawdown": -0.03974097400869327,
    "win_rate": 0.5549738219895288,
    "total_trades": 191
}