{
    "cumulative_return": 0.8697579606135779,
    "annualized_return": 0.8697579606135779,
    "sharpe_ratio": 3.1645770657397168,
    "max_drawdown": -0.07120364095180975,
    "win_rate": 0.5357142857142857,
    "total_trades": 252,
    "accuracy": 0.5317460317460317,
    "precision": 0.5964912280701754,
    "recall": 0.26356589147286824,
    "f1_score": 0.3655913978494624
}