{
    "cumulative_return": 1.5999412228530572,
    "annualized_return": 1.9020353418520575,
    "sharpe_ratio": 5.374015864052245,
    "max_drawdown": -0.0779351434779114,
    "win_rate": 0.6415929203539823,
    "total_trades": 226
}