{
    "cumulative_return": 0.3798622300690302,
    "annualized_return": 0.43193407285635077,
    "sharpe_ratio": 1.1336767250329194,
    "max_drawdown": -0.24131042178852627,
    "win_rate": 0.5176991150442478,
    "total_trades": 226
}