{
    "cumulative_return": -0.46113969367586105,
    "annualized_return": -0.4981382757966909,
    "sharpe_ratio": -2.6712561876918723,
    "max_drawdown": -0.4894414545539352,
    "win_rate": 0.43805309734513276,
    "total_trades": 226
}