{
    "cumulative_return": 0.6273778715545173,
    "annualized_return": 0.7211508313257022,
    "sharpe_ratio": 2.3221719716253277,
    "max_drawdown": -0.08586422868492319,
    "win_rate": 0.5353982300884956,
    "total_trades": 226
}