{
    "cumulative_return": -0.3465705129391028,
    "annualized_return": -0.37778796716511986,
    "sharpe_ratio": -2.1314456608956567,
    "max_drawdown": -0.3750171252954557,
    "win_rate": 0.4557522123893805,
    "total_trades": 226
}