{
    "cumulative_return": -0.09671747318794588,
    "annualized_return": -0.10812999032199544,
    "sharpe_ratio": -0.3316021132820526,
    "max_drawdown": -0.32936444027547773,
    "win_rate": 0.48214285714285715,
    "total_trades": 224
}