{
    "cumulative_return": 0.30698797709822556,
    "annualized_return": 0.3478698860185008,
    "sharpe_ratio": 1.380484816283659,
    "max_drawdown": -0.1201206283788207,
    "win_rate": 0.5265486725663717,
    "total_trades": 226
}