{
    "cumulative_return": 0.48666885863369536,
    "annualized_return": 0.48666885863369536,
    "sharpe_ratio": 1.1996661802202135,
    "max_drawdown": -0.23491836549769504,
    "win_rate": 0.5198412698412699,
    "total_trades": 252,
    "accuracy": 0.5277777777777778,
    "precision": 0.46774193548387094,
    "recall": 0.5225225225225225,
    "f1_score": 0.49361702127659574
}