{
    "cumulative_return": 3.4633289510132466,
    "annualized_return": 3.4633289510132466,
    "sharpe_ratio": 6.357763395077298,
    "max_drawdown": -0.03786995801444206,
    "win_rate": 0.6349206349206349,
    "total_trades": 252,
    "accuracy": 0.4801587301587302,
    "precision": 0.4827586206896552,
    "recall": 0.4409448818897638,
    "f1_score": 0.4609053497942387
}