{
    "cumulative_return": -0.29442766834085465,
    "annualized_return": -0.31985964079303186,
    "sharpe_ratio": -1.4190783604705126,
    "max_drawdown": -0.41570414540275946,
    "win_rate": 0.45614035087719296,
    "total_trades": 228
}