{
    "cumulative_return": -0.42500778855780097,
    "annualized_return": -0.4741065492702703,
    "sharpe_ratio": -3.560022456088748,
    "max_drawdown": -0.454203997205522,
    "win_rate": 0.42857142857142855,
    "total_trades": 217
}