{
    "cumulative_return": -0.6299448200954796,
    "annualized_return": -0.6667110962776619,
    "sharpe_ratio": -4.3375759346730725,
    "max_drawdown": -0.6345252003276015,
    "win_rate": 0.36403508771929827,
    "total_trades": 228
}