{
    "cumulative_return": -0.41000935411578787,
    "annualized_return": -0.41000935411578787,
    "sharpe_ratio": -1.861024467669599,
    "max_drawdown": -0.47275712223202954,
    "win_rate": 0.4523809523809524,
    "total_trades": 252
}