{
    "cumulative_return": 1.222765204275075,
    "annualized_return": 1.222765204275075,
    "sharpe_ratio": 3.237315972741201,
    "max_drawdown": -0.205723053205305,
    "win_rate": 0.5912698412698413,
    "total_trades": 252
}