{
    "cumulative_return": -0.4832920707715159,
    "annualized_return": -0.4832920707715159,
    "sharpe_ratio": -2.9777483109799547,
    "max_drawdown": -0.511236134205224,
    "win_rate": 0.43253968253968256,
    "total_trades": 252
}