{
    "cumulative_return": -0.3871109123836578,
    "annualized_return": -0.43364512235893227,
    "sharpe_ratio": -3.1213646840445968,
    "max_drawdown": -0.41823139945091076,
    "win_rate": 0.43317972350230416,
    "total_trades": 217,
    "accuracy": 0.4470046082949309,
    "precision": 0.5714285714285714,
    "recall": 0.0975609756097561,
    "f1_score": 0.16666666666666666
}