{
    "cumulative_return": 0.2197895549710529,
    "annualized_return": 0.2197895549710529,
    "sharpe_ratio": 1.0246824450515173,
    "max_drawdown": -0.18951367517002868,
    "win_rate": 0.5674603174603174,
    "total_trades": 252,
    "accuracy": 0.5079365079365079,
    "precision": 0.573170731707317,
    "recall": 0.34558823529411764,
    "f1_score": 0.43119266055045874
}