{
    "cumulative_return": 0.007253842009109057,
    "annualized_return": 0.007253842009109057,
    "sharpe_ratio": 0.16981971254953815,
    "max_drawdown": -0.28457038133502527,
    "win_rate": 0.4880952380952381,
    "total_trades": 252
}