{
    "cumulative_return": -0.4920135285510381,
    "annualized_return": -0.5445833081615492,
    "sharpe_ratio": -4.435634709341748,
    "max_drawdown": -0.49649808425967906,
    "win_rate": 0.3824884792626728,
    "total_trades": 217
}