{
    "cumulative_return": 0.35621273406242016,
    "annualized_return": 0.40459582147437567,
    "sharpe_ratio": 1.3023717122232399,
    "max_drawdown": -0.3058884257462087,
    "win_rate": 0.5176991150442478,
    "total_trades": 226
}