{
    "cumulative_return": 0.44247342703720816,
    "annualized_return": 0.44247342703720816,
    "sharpe_ratio": 1.4400768079987045,
    "max_drawdown": -0.2700647155865857,
    "win_rate": 0.5992063492063492,
    "total_trades": 252
}