{
    "cumulative_return": 0.5724799814963564,
    "annualized_return": 0.5724799814963564,
    "sharpe_ratio": 2.075328232107885,
    "max_drawdown": -0.17624771023067046,
    "win_rate": 0.5476190476190477,
    "total_trades": 252
}