{
    "cumulative_return": 0.5724799814963564,
    "annualized_return": 0.5724799814963564,
    "sharpe_ratio": 2.0753282321078848,
    "max_drawdown": -0.17624771023067046,
    "win_rate": 0.5476190476190477,
    "total_trades": 252,
    "accuracy": 0.4523809523809524,
    "precision": 0.4774774774774775,
    "recall": 0.39849624060150374,
    "f1_score": 0.4344262295081967
}