{
    "cumulative_return": -0.047097049249768985,
    "annualized_return": -0.047097049249768985,
    "sharpe_ratio": -0.11445932428634775,
    "max_drawdown": -0.24609805642541246,
    "win_rate": 0.5198412698412699,
    "total_trades": 252,
    "accuracy": 0.5317460317460317,
    "precision": 0.6,
    "recall": 0.39705882352941174,
    "f1_score": 0.4778761061946903
}