{
    "cumulative_return": -0.4797938917016721,
    "annualized_return": -0.4825065574354823,
    "sharpe_ratio": -2.104038144560212,
    "max_drawdown": -0.49365261849366504,
    "win_rate": 0.46,
    "total_trades": 250
}