{
    "cumulative_return": 0.31966430209452557,
    "annualized_return": 0.31966430209452557,
    "sharpe_ratio": 1.3898342472188052,
    "max_drawdown": -0.1713273085636916,
    "win_rate": 0.5833333333333334,
    "total_trades": 252
}