{
    "cumulative_return": 0.7563467095455711,
    "annualized_return": 0.8636257345921277,
    "sharpe_ratio": 2.646291894303591,
    "max_drawdown": -0.1252077662865892,
    "win_rate": 0.5614035087719298,
    "total_trades": 228
}