{
    "cumulative_return": -0.40298394184233577,
    "annualized_return": -0.40298394184233577,
    "sharpe_ratio": -1.8155158059580079,
    "max_drawdown": -0.42709595653550936,
    "win_rate": 0.46825396825396826,
    "total_trades": 252
}