{
    "cumulative_return": -0.5951386720347421,
    "annualized_return": -0.6929139888712885,
    "sharpe_ratio": -6.805506397652085,
    "max_drawdown": -0.6332765728744414,
    "win_rate": 0.2694300518134715,
    "total_trades": 193
}