{
    "cumulative_return": 0.7904039990708223,
    "annualized_return": 0.7904039990708223,
    "sharpe_ratio": 2.374635601605868,
    "max_drawdown": -0.20572305320530515,
    "win_rate": 0.5714285714285714,
    "total_trades": 252,
    "accuracy": 0.5555555555555556,
    "precision": 0.5660377358490566,
    "recall": 0.6766917293233082,
    "f1_score": 0.6164383561643836
}