{
    "cumulative_return": -0.6940658423484439,
    "annualized_return": -0.6969509041910324,
    "sharpe_ratio": -4.022574466015929,
    "max_drawdown": -0.7288323218605273,
    "win_rate": 0.436,
    "total_trades": 250
}