{
    "cumulative_return": -0.13409334784596183,
    "annualized_return": -0.1713788458034018,
    "sharpe_ratio": -0.9187289912826544,
    "max_drawdown": -0.14340044955707965,
    "win_rate": 0.47150259067357514,
    "total_trades": 193
}