{
    "cumulative_return": 0.27497336911437054,
    "annualized_return": 0.3079962351835557,
    "sharpe_ratio": 1.4387196192793117,
    "max_drawdown": -0.12716403101893353,
    "win_rate": 0.5482456140350878,
    "total_trades": 228
}