{
    "cumulative_return": -0.4970531587392495,
    "annualized_return": -0.5321535299595415,
    "sharpe_ratio": -3.7716314209259743,
    "max_drawdown": -0.5234127524279332,
    "win_rate": 0.41228070175438597,
    "total_trades": 228
}