{
    "cumulative_return": -0.40643977441850754,
    "annualized_return": -0.4381518182258223,
    "sharpe_ratio": -2.6642130633665646,
    "max_drawdown": -0.40643977441850754,
    "win_rate": 0.4342105263157895,
    "total_trades": 228
}