{
    "cumulative_return": -0.41000935411578787,
    "annualized_return": -0.41000935411578787,
    "sharpe_ratio": -1.8610244676695995,
    "max_drawdown": -0.47275712223202954,
    "win_rate": 0.4523809523809524,
    "total_trades": 252,
    "accuracy": 0.5277777777777778,
    "precision": 0.5192307692307693,
    "recall": 0.43902439024390244,
    "f1_score": 0.47577092511013214
}