{
    "cumulative_return": -0.0468590526195537,
    "annualized_return": -0.0468590526195537,
    "sharpe_ratio": -0.08913247265726626,
    "max_drawdown": -0.20316358570352763,
    "win_rate": 0.5079365079365079,
    "total_trades": 252
}