{
    "cumulative_return": 0.1558224678451925,
    "annualized_return": 0.1735760868095908,
    "sharpe_ratio": 0.8654843186378303,
    "max_drawdown": -0.18913364055299567,
    "win_rate": 0.5350877192982456,
    "total_trades": 228
}