{
    "cumulative_return": -0.703309306940437,
    "annualized_return": -0.7389300009384252,
    "sharpe_ratio": -5.434551765246923,
    "max_drawdown": -0.7096762240214832,
    "win_rate": 0.3684210526315789,
    "total_trades": 228
}