{
    "cumulative_return": -0.5207157829898453,
    "annualized_return": -0.5207157829898453,
    "sharpe_ratio": -2.1411276644639208,
    "max_drawdown": -0.6027030788243255,
    "win_rate": 0.4603174603174603,
    "total_trades": 252,
    "accuracy": 0.5158730158730159,
    "precision": 0.5865384615384616,
    "recall": 0.4357142857142857,
    "f1_score": 0.5
}