{
    "cumulative_return": -0.28112474244797103,
    "annualized_return": -0.3056723909765834,
    "sharpe_ratio": -1.4864945847863262,
    "max_drawdown": -0.3024299884182538,
    "win_rate": 0.4605263157894737,
    "total_trades": 228
}