{
    "cumulative_return": 0.12999080571369115,
    "annualized_return": 0.14462108676135288,
    "sharpe_ratio": 0.6742252397017442,
    "max_drawdown": -0.20633607966321202,
    "win_rate": 0.4780701754385965,
    "total_trades": 228
}