{
    "cumulative_return": 0.25773664257214723,
    "annualized_return": 0.28846563981463746,
    "sharpe_ratio": 1.2994636374892208,
    "max_drawdown": -0.15285421407991462,
    "win_rate": 0.5,
    "total_trades": 228
}