{
    "cumulative_return": -0.5053578262777801,
    "annualized_return": -0.5406843298085747,
    "sharpe_ratio": -3.1093573919627064,
    "max_drawdown": -0.537247575124542,
    "win_rate": 0.4166666666666667,
    "total_trades": 228
}