{
    "cumulative_return": -0.537239332862604,
    "annualized_return": -0.5764958975218087,
    "sharpe_ratio": -2.063675709030986,
    "max_drawdown": -0.5463000915665012,
    "win_rate": 0.4469026548672566,
    "total_trades": 226
}