{
    "cumulative_return": 0.03527378490023758,
    "annualized_return": 0.039058445513306506,
    "sharpe_ratio": 0.27900352165410797,
    "max_drawdown": -0.32453277827990945,
    "win_rate": 0.47368421052631576,
    "total_trades": 228
}