{
    "cumulative_return": 0.1456966643941029,
    "annualized_return": 0.1637649470660809,
    "sharpe_ratio": 0.6487176012451961,
    "max_drawdown": -0.3222692933518819,
    "win_rate": 0.5132743362831859,
    "total_trades": 226
}