{
    "cumulative_return": -0.8277340705899051,
    "annualized_return": -0.8592888458853282,
    "sharpe_ratio": -3.015912422957417,
    "max_drawdown": -0.8311732428963573,
    "win_rate": 0.45132743362831856,
    "total_trades": 226
}