{
    "cumulative_return": -0.5961213537871979,
    "annualized_return": -0.6361249133332325,
    "sharpe_ratio": -1.3867854290081212,
    "max_drawdown": -0.610571142003138,
    "win_rate": 0.4690265486725664,
    "total_trades": 226
}