{
    "cumulative_return": -0.41783327545359317,
    "annualized_return": -0.45296208166452,
    "sharpe_ratio": -1.8239703148016377,
    "max_drawdown": -0.479546740256246,
    "win_rate": 0.4690265486725664,
    "total_trades": 226
}