{
    "cumulative_return": -0.34545750338598014,
    "annualized_return": -0.3766060876675835,
    "sharpe_ratio": -1.8470977050957995,
    "max_drawdown": -0.39892382167165685,
    "win_rate": 0.4690265486725664,
    "total_trades": 226
}