{
    "cumulative_return": 3.5743561367626437,
    "annualized_return": 4.531860507389944,
    "sharpe_ratio": 4.925317979833023,
    "max_drawdown": -0.14228422074719776,
    "win_rate": 0.6116071428571429,
    "total_trades": 224
}