{
    "cumulative_return": -0.25465128831138517,
    "annualized_return": -0.2773572272898679,
    "sharpe_ratio": -1.4231530797667804,
    "max_drawdown": -0.36735470850395713,
    "win_rate": 0.4298245614035088,
    "total_trades": 228
}