{
    "cumulative_return": 0.4496798111764617,
    "annualized_return": 0.4496798111764617,
    "sharpe_ratio": 1.5866431531306926,
    "max_drawdown": -0.1928455455118126,
    "win_rate": 0.5277777777777778,
    "total_trades": 252,
    "accuracy": 0.47619047619047616,
    "precision": 0.45323741007194246,
    "recall": 0.5294117647058824,
    "f1_score": 0.4883720930232558
}