{
    "cumulative_return": -0.563036351382638,
    "annualized_return": -0.599504678657041,
    "sharpe_ratio": -1.2344512131404073,
    "max_drawdown": -0.7618206625318181,
    "win_rate": 0.5043859649122807,
    "total_trades": 228
}