{
    "cumulative_return": -0.09903036553699707,
    "annualized_return": -0.1285432105674844,
    "sharpe_ratio": -0.5354077359607241,
    "max_drawdown": -0.1776510087732096,
    "win_rate": 0.44502617801047123,
    "total_trades": 191
}