{
    "cumulative_return": -0.14027437611555926,
    "annualized_return": -0.15509408273233571,
    "sharpe_ratio": -0.6455377017536329,
    "max_drawdown": -0.2501900988778673,
    "win_rate": 0.4823008849557522,
    "total_trades": 226
}