{
    "cumulative_return": 0.4212205590621094,
    "annualized_return": 0.582450073995969,
    "sharpe_ratio": 2.2642225545546815,
    "max_drawdown": -0.13181356897900026,
    "win_rate": 0.5129533678756477,
    "total_trades": 193
}