{
    "cumulative_return": -0.35748041225193683,
    "annualized_return": -0.3893606259115179,
    "sharpe_ratio": -1.9350256672476767,
    "max_drawdown": -0.3871285549548446,
    "win_rate": 0.42920353982300885,
    "total_trades": 226
}