{
    "cumulative_return": -0.692035440699502,
    "annualized_return": -0.692035440699502,
    "sharpe_ratio": -3.5854535630973223,
    "max_drawdown": -0.7344194057767989,
    "win_rate": 0.38095238095238093,
    "total_trades": 252,
    "accuracy": 0.42857142857142855,
    "precision": 0.4714285714285714,
    "recall": 0.2357142857142857,
    "f1_score": 0.3142857142857143
}