{
    "cumulative_return": -0.3289524733346054,
    "annualized_return": -0.3615932944861414,
    "sharpe_ratio": -0.9964731965034151,
    "max_drawdown": -0.5042190087184805,
    "win_rate": 0.48214285714285715,
    "total_trades": 224
}