{
    "cumulative_return": -0.6583816952144537,
    "annualized_return": -0.6949014104651534,
    "sharpe_ratio": -3.680498685438724,
    "max_drawdown": -0.7353050847665893,
    "win_rate": 0.3991228070175439,
    "total_trades": 228
}