{
    "cumulative_return": -0.40324197095119774,
    "annualized_return": -0.4376520042347599,
    "sharpe_ratio": -1.3118731715452445,
    "max_drawdown": -0.4547760882061052,
    "win_rate": 0.46017699115044247,
    "total_trades": 226
}