{
    "cumulative_return": -0.06284078042298524,
    "annualized_return": -0.06284078042298524,
    "sharpe_ratio": -0.1574101696801522,
    "max_drawdown": -0.22531728551798405,
    "win_rate": 0.49603174603174605,
    "total_trades": 252,
    "accuracy": 0.46825396825396826,
    "precision": 0.48717948717948717,
    "recall": 0.2878787878787879,
    "f1_score": 0.3619047619047619
}