{
    "cumulative_return": -0.13185389998226094,
    "annualized_return": -0.14586154400519258,
    "sharpe_ratio": -0.6383195862238479,
    "max_drawdown": -0.2892873436275614,
    "win_rate": 0.504424778761062,
    "total_trades": 226
}