{
    "cumulative_return": 0.3364101680205762,
    "annualized_return": 0.3364101680205762,
    "sharpe_ratio": 1.4550956251139762,
    "max_drawdown": -0.13586994202431452,
    "win_rate": 0.5,
    "total_trades": 252,
    "accuracy": 0.4642857142857143,
    "precision": 0.47019867549668876,
    "recall": 0.5634920634920635,
    "f1_score": 0.5126353790613718
}