{
    "cumulative_return": -0.5646035895964641,
    "annualized_return": -0.6010920216020732,
    "sharpe_ratio": -1.2422840524278251,
    "max_drawdown": -0.6952538682263307,
    "win_rate": 0.4824561403508772,
    "total_trades": 228
}