{
    "cumulative_return": -0.31028461024584375,
    "annualized_return": -0.3367338972741798,
    "sharpe_ratio": -1.689448691919341,
    "max_drawdown": -0.3325077556934357,
    "win_rate": 0.4473684210526316,
    "total_trades": 228
}