{
    "cumulative_return": -0.1449280418560499,
    "annualized_return": -0.16019208831213327,
    "sharpe_ratio": -0.6723619169795634,
    "max_drawdown": -0.20089957498845473,
    "win_rate": 0.4823008849557522,
    "total_trades": 226
}