{
    "cumulative_return": -0.12333713865684681,
    "annualized_return": -0.12333713865684681,
    "sharpe_ratio": -0.4448729071289824,
    "max_drawdown": -0.23935816878972788,
    "win_rate": 0.4880952380952381,
    "total_trades": 252,
    "accuracy": 0.5,
    "precision": 0.4918032786885246,
    "recall": 0.7317073170731707,
    "f1_score": 0.5882352941176471
}