{
    "cumulative_return": -0.3835013263548358,
    "annualized_return": -0.4168704518637728,
    "sharpe_ratio": -2.9505002082677527,
    "max_drawdown": -0.4087261809784264,
    "win_rate": 0.46017699115044247,
    "total_trades": 226
}