{
    "cumulative_return": -0.33573303957372547,
    "annualized_return": -0.3662701031546557,
    "sharpe_ratio": -1.8140269596880028,
    "max_drawdown": -0.35311350126229835,
    "win_rate": 0.4690265486725664,
    "total_trades": 226
}