{
    "cumulative_return": -0.0031182644805413107,
    "annualized_return": -0.0031182644805413107,
    "sharpe_ratio": 0.10401463798014551,
    "max_drawdown": -0.18818977566582565,
    "win_rate": 0.5198412698412699,
    "total_trades": 252,
    "accuracy": 0.5277777777777778,
    "precision": 0.5116279069767442,
    "recall": 0.7154471544715447,
    "f1_score": 0.5966101694915255
}