{
    "cumulative_return": -0.3813645620361389,
    "annualized_return": -0.4146163781493789,
    "sharpe_ratio": -2.9283322674670758,
    "max_drawdown": -0.4124065833007486,
    "win_rate": 0.42920353982300885,
    "total_trades": 226
}