{
    "cumulative_return": -0.7051092491081878,
    "annualized_return": -0.7051092491081878,
    "sharpe_ratio": -5.59620406410172,
    "max_drawdown": -0.7028082144291072,
    "win_rate": 0.35714285714285715,
    "total_trades": 252,
    "accuracy": 0.5317460317460317,
    "precision": 0.5511811023622047,
    "recall": 0.5343511450381679,
    "f1_score": 0.5426356589147286
}