{
    "cumulative_return": -0.2760026043061701,
    "annualized_return": -0.34695821795015347,
    "sharpe_ratio": -2.8816527001675962,
    "max_drawdown": -0.2825588549786884,
    "win_rate": 0.39790575916230364,
    "total_trades": 191
}