{
    "cumulative_return": -0.6463254738326806,
    "annualized_return": -0.686185330013846,
    "sharpe_ratio": -5.864354167665482,
    "max_drawdown": -0.6512831008470836,
    "win_rate": 0.3407079646017699,
    "total_trades": 226
}