{
    "cumulative_return": 0.08028524814020122,
    "annualized_return": 0.09076388806671654,
    "sharpe_ratio": 0.5312789675535813,
    "max_drawdown": -0.11362132652587036,
    "win_rate": 0.5669642857142857,
    "total_trades": 224
}