{
    "cumulative_return": -0.29316623561613486,
    "annualized_return": -0.3208243492526037,
    "sharpe_ratio": -1.3874563596711174,
    "max_drawdown": -0.3497736803143977,
    "win_rate": 0.4690265486725664,
    "total_trades": 226
}