{
    "cumulative_return": -0.703225859277654,
    "annualized_return": -0.703225859277654,
    "sharpe_ratio": -6.839411255993908,
    "max_drawdown": -0.7012174145140834,
    "win_rate": 0.32142857142857145,
    "total_trades": 252,
    "accuracy": 0.5277777777777778,
    "precision": 0.5520833333333334,
    "recall": 0.4108527131782946,
    "f1_score": 0.4711111111111111
}