{
    "cumulative_return": -0.33043500891296584,
    "annualized_return": -0.41094497682766495,
    "sharpe_ratio": -3.6309242557539485,
    "max_drawdown": -0.33475925377880883,
    "win_rate": 0.36649214659685864,
    "total_trades": 191
}