{
    "cumulative_return": -0.2531584810283254,
    "annualized_return": -0.2531584810283254,
    "sharpe_ratio": -1.1790260909595174,
    "max_drawdown": -0.34350880354741453,
    "win_rate": 0.45634920634920634,
    "total_trades": 252,
    "accuracy": 0.4801587301587302,
    "precision": 0.5,
    "recall": 0.015267175572519083,
    "f1_score": 0.02962962962962963
}