{
    "cumulative_return": -0.19067315483155722,
    "annualized_return": -0.21013270023314978,
    "sharpe_ratio": -0.7942845582036008,
    "max_drawdown": -0.32165124911846094,
    "win_rate": 0.45132743362831856,
    "total_trades": 226
}