{
    "cumulative_return": -0.1347786712405904,
    "annualized_return": -0.14906955029065028,
    "sharpe_ratio": -0.5609624184889056,
    "max_drawdown": -0.2997878136648064,
    "win_rate": 0.5309734513274337,
    "total_trades": 226
}