{
    "cumulative_return": -0.4252352751908258,
    "annualized_return": -0.4277760550847717,
    "sharpe_ratio": -2.6216715642034534,
    "max_drawdown": -0.5294528208562089,
    "win_rate": 0.404,
    "total_trades": 250,
    "accuracy": 0.46,
    "precision": 0.4342857142857143,
    "recall": 0.6785714285714286,
    "f1_score": 0.5296167247386759
}