{
    "cumulative_return": -0.5865616423006681,
    "annualized_return": -0.5865616423006681,
    "sharpe_ratio": -3.0479582848203908,
    "max_drawdown": -0.6020550989644559,
    "win_rate": 0.44841269841269843,
    "total_trades": 252,
    "accuracy": 0.5238095238095238,
    "precision": 0.5641025641025641,
    "recall": 0.176,
    "f1_score": 0.2682926829268293
}