{
    "cumulative_return": -0.4828463450137007,
    "annualized_return": -0.5206274292027303,
    "sharpe_ratio": -2.6545075856928326,
    "max_drawdown": -0.5154374312184901,
    "win_rate": 0.4336283185840708,
    "total_trades": 226
}