{
    "cumulative_return": 0.19680642510027946,
    "annualized_return": 0.19680642510027946,
    "sharpe_ratio": 0.8431803280854997,
    "max_drawdown": -0.18645761856132473,
    "win_rate": 0.49603174603174605,
    "total_trades": 252,
    "accuracy": 0.4880952380952381,
    "precision": 0.5645161290322581,
    "recall": 0.25547445255474455,
    "f1_score": 0.35175879396984927
}