{
    "cumulative_return": -0.5168470260456726,
    "annualized_return": -0.5556344174992023,
    "sharpe_ratio": -2.9515541981973206,
    "max_drawdown": -0.5424657800884665,
    "win_rate": 0.4424778761061947,
    "total_trades": 226
}