{
    "cumulative_return": -0.4437194933128661,
    "annualized_return": -0.48001434456333447,
    "sharpe_ratio": -3.118371311958334,
    "max_drawdown": -0.45676024135091486,
    "win_rate": 0.3938053097345133,
    "total_trades": 226
}