{
    "cumulative_return": -0.2020868265553385,
    "annualized_return": -0.224288750528013,
    "sharpe_ratio": -1.1570469111604962,
    "max_drawdown": -0.2662513793458721,
    "win_rate": 0.48214285714285715,
    "total_trades": 224
}