{
    "cumulative_return": -0.581129254056648,
    "annualized_return": -0.6210320246465011,
    "sharpe_ratio": -6.49427852394223,
    "max_drawdown": -0.5829069283982004,
    "win_rate": 0.3185840707964602,
    "total_trades": 226
}