{
    "cumulative_return": -0.5546804534718064,
    "annualized_return": -0.5546804534718064,
    "sharpe_ratio": -5.219548810216041,
    "max_drawdown": -0.572658779338615,
    "win_rate": 0.3492063492063492,
    "total_trades": 252,
    "accuracy": 0.503968253968254,
    "precision": 0.5087719298245614,
    "recall": 0.4566929133858268,
    "f1_score": 0.48132780082987553
}