{
    "cumulative_return": -0.043848416061005424,
    "annualized_return": -0.04419133620680671,
    "sharpe_ratio": -0.287508645095381,
    "max_drawdown": -0.11195315926364152,
    "win_rate": 0.48,
    "total_trades": 250,
    "accuracy": 0.492,
    "precision": 0.4909090909090909,
    "recall": 0.6532258064516129,
    "f1_score": 0.5605536332179931
}