{
    "cumulative_return": -0.33234827628201036,
    "annualized_return": -0.41316474500955314,
    "sharpe_ratio": -5.030879260887225,
    "max_drawdown": -0.33296292026117985,
    "win_rate": 0.31413612565445026,
    "total_trades": 191
}