{
    "cumulative_return": -0.41309465872191986,
    "annualized_return": -0.41309465872191986,
    "sharpe_ratio": -2.0798752035540486,
    "max_drawdown": -0.4124237964102389,
    "win_rate": 0.4523809523809524,
    "total_trades": 252,
    "accuracy": 0.4880952380952381,
    "precision": 0.75,
    "recall": 0.022900763358778626,
    "f1_score": 0.044444444444444446
}