{
    "cumulative_return": -0.09009509518298686,
    "annualized_return": -0.09992493095494426,
    "sharpe_ratio": -0.6066397186643753,
    "max_drawdown": -0.1978194137040943,
    "win_rate": 0.4778761061946903,
    "total_trades": 226
}