{
    "cumulative_return": -0.2580519398738321,
    "annualized_return": -0.2580519398738321,
    "sharpe_ratio": -1.398895851770851,
    "max_drawdown": -0.4090368049011433,
    "win_rate": 0.42857142857142855,
    "total_trades": 252,
    "accuracy": 0.503968253968254,
    "precision": 0.4642857142857143,
    "recall": 0.3277310924369748,
    "f1_score": 0.3842364532019704
}