{
    "cumulative_return": -0.45007701161670033,
    "annualized_return": -0.4866363674234868,
    "sharpe_ratio": -3.5622498430282805,
    "max_drawdown": -0.46174714740948397,
    "win_rate": 0.42035398230088494,
    "total_trades": 226
}