{
    "cumulative_return": -0.527460958683017,
    "annualized_return": -0.5665054662787996,
    "sharpe_ratio": -3.334161102990254,
    "max_drawdown": -0.5373696025789002,
    "win_rate": 0.3938053097345133,
    "total_trades": 226
}