{
    "cumulative_return": -0.11688386474837031,
    "annualized_return": -0.15125459206958258,
    "sharpe_ratio": -1.4433033748830424,
    "max_drawdown": -0.1513220697300926,
    "win_rate": 0.44502617801047123,
    "total_trades": 191
}