{
    "cumulative_return": -0.11924665942919066,
    "annualized_return": -0.13201923030934126,
    "sharpe_ratio": -0.615285957585518,
    "max_drawdown": -0.18598110981568142,
    "win_rate": 0.49557522123893805,
    "total_trades": 226
}