{
    "cumulative_return": -0.09774733824837512,
    "annualized_return": -0.10927386866974342,
    "sharpe_ratio": -0.8234849948835212,
    "max_drawdown": -0.18790220935042354,
    "win_rate": 0.48214285714285715,
    "total_trades": 224
}