{
    "cumulative_return": -0.2700567576584283,
    "annualized_return": -0.2700567576584283,
    "sharpe_ratio": -1.5997168759240743,
    "max_drawdown": -0.26778134297927814,
    "win_rate": 0.4365079365079365,
    "total_trades": 252,
    "accuracy": 0.4880952380952381,
    "precision": 0.48333333333333334,
    "recall": 0.464,
    "f1_score": 0.47346938775510206
}