{
    "cumulative_return": 0.1810829065712536,
    "annualized_return": 0.2039150029453065,
    "sharpe_ratio": 1.2486194826358032,
    "max_drawdown": -0.11642767486972626,
    "win_rate": 0.5265486725663717,
    "total_trades": 226
}