{
    "cumulative_return": 0.03497493719294176,
    "annualized_return": 0.03943195055918913,
    "sharpe_ratio": 0.3619474484900613,
    "max_drawdown": -0.09782709493429875,
    "win_rate": 0.53125,
    "total_trades": 224
}