{
    "cumulative_return": -0.5718709281988723,
    "annualized_return": -0.5718709281988723,
    "sharpe_ratio": -3.4334008472216224,
    "max_drawdown": -0.5713815551456627,
    "win_rate": 0.4126984126984127,
    "total_trades": 252,
    "accuracy": 0.4880952380952381,
    "precision": 0.5384615384615384,
    "recall": 0.10687022900763359,
    "f1_score": 0.17834394904458598
}