{
    "cumulative_return": -0.0849881165023827,
    "annualized_return": -0.09429012673138959,
    "sharpe_ratio": -0.4379693334722109,
    "max_drawdown": -0.18671006106629326,
    "win_rate": 0.42035398230088494,
    "total_trades": 226
}