{
    "cumulative_return": 0.13157354040612157,
    "annualized_return": 0.147780069644337,
    "sharpe_ratio": 0.9735526023421364,
    "max_drawdown": -0.1009727378271404,
    "win_rate": 0.5088495575221239,
    "total_trades": 226
}