{
    "cumulative_return": -0.2509467880196027,
    "annualized_return": -0.2509467880196027,
    "sharpe_ratio": -1.6952538609152081,
    "max_drawdown": -0.2631588095499409,
    "win_rate": 0.44841269841269843,
    "total_trades": 252,
    "accuracy": 0.48412698412698413,
    "precision": 1.0,
    "recall": 0.015151515151515152,
    "f1_score": 0.029850746268656716
}