{
    "cumulative_return": -0.09492348802948036,
    "annualized_return": -0.09564534821539528,
    "sharpe_ratio": -0.7189048021197415,
    "max_drawdown": -0.1451981597303654,
    "win_rate": 0.476,
    "total_trades": 250,
    "accuracy": 0.472,
    "precision": 0.4,
    "recall": 0.12903225806451613,
    "f1_score": 0.1951219512195122
}