{
    "cumulative_return": -0.38288095867250327,
    "annualized_return": -0.41621611814754134,
    "sharpe_ratio": -2.074957944704366,
    "max_drawdown": -0.3952074789125648,
    "win_rate": 0.415929203539823,
    "total_trades": 226
}