{
    "cumulative_return": -0.3219523394616738,
    "annualized_return": -0.3515930204456589,
    "sharpe_ratio": -2.104437410565106,
    "max_drawdown": -0.40249291833009804,
    "win_rate": 0.41150442477876104,
    "total_trades": 226
}