{
    "cumulative_return": 1.5169110333447824,
    "annualized_return": 1.5169110333447824,
    "sharpe_ratio": 4.217257229859707,
    "max_drawdown": -0.10265320265320253,
    "win_rate": 0.6309523809523809,
    "total_trades": 252,
    "accuracy": 0.5119047619047619,
    "precision": 0.5403225806451613,
    "recall": 0.5037593984962406,
    "f1_score": 0.5214007782101168
}