{
    "cumulative_return": 0.06363082464784586,
    "annualized_return": 0.06363082464784586,
    "sharpe_ratio": 0.36486479095897767,
    "max_drawdown": -0.21424419399127717,
    "win_rate": 0.5277777777777778,
    "total_trades": 252
}