{
    "cumulative_return": -0.06459163852511529,
    "annualized_return": -0.06459163852511529,
    "sharpe_ratio": -0.19842229958165836,
    "max_drawdown": -0.2666801991519039,
    "win_rate": 0.5,
    "total_trades": 252
}