{
    "cumulative_return": 7.3788190771259305,
    "annualized_return": 7.3788190771259305,
    "sharpe_ratio": 9.615600721315063,
    "max_drawdown": -0.05891846480367867,
    "win_rate": 0.7658730158730159,
    "total_trades": 252,
    "accuracy": 0.5595238095238095,
    "precision": 0.5774647887323944,
    "recall": 0.6165413533834586,
    "f1_score": 0.5963636363636363
}