{
    "cumulative_return": -0.5403409161692196,
    "annualized_return": -0.5431902824922882,
    "sharpe_ratio": -2.5407471685749985,
    "max_drawdown": -0.5389647174592146,
    "win_rate": 0.428,
    "total_trades": 250
}