{
    "cumulative_return": 1.8075315088321995,
    "annualized_return": 1.8075315088321995,
    "sharpe_ratio": 5.101360705383782,
    "max_drawdown": -0.10631379403363064,
    "win_rate": 0.6865079365079365,
    "total_trades": 252
}