{
    "cumulative_return": -0.06459163852511529,
    "annualized_return": -0.06459163852511529,
    "sharpe_ratio": -0.19842229958165836,
    "max_drawdown": -0.2666801991519039,
    "win_rate": 0.5,
    "total_trades": 252,
    "accuracy": 0.5119047619047619,
    "precision": 0.54421768707483,
    "recall": 0.5882352941176471,
    "f1_score": 0.5653710247349824
}