{
    "cumulative_return": 7.3788190771259305,
    "annualized_return": 7.3788190771259305,
    "sharpe_ratio": 9.615600721315063,
    "max_drawdown": -0.05891846480367867,
    "win_rate": 0.7658730158730159,
    "total_trades": 252
}