{
    "cumulative_return": -0.2523028452028344,
    "annualized_return": -0.2523028452028344,
    "sharpe_ratio": -0.9605292563435003,
    "max_drawdown": -0.3158287884711225,
    "win_rate": 0.4722222222222222,
    "total_trades": 252,
    "accuracy": 0.49206349206349204,
    "precision": 0.4861878453038674,
    "recall": 0.7154471544715447,
    "f1_score": 0.5789473684210527
}