{
    "cumulative_return": -0.2523028452028344,
    "annualized_return": -0.2523028452028344,
    "sharpe_ratio": -0.9605292563435003,
    "max_drawdown": -0.3158287884711225,
    "win_rate": 0.4722222222222222,
    "total_trades": 252
}