{
    "cumulative_return": 1.6783371692963915,
    "annualized_return": 1.699530075853795,
    "sharpe_ratio": 3.6033161035048615,
    "max_drawdown": -0.19039023540690017,
    "win_rate": 0.604,
    "total_trades": 250
}