{
    "cumulative_return": -0.1867119708225361,
    "annualized_return": -0.2133751407715515,
    "sharpe_ratio": -1.2451787439736477,
    "max_drawdown": -0.28679332382991324,
    "win_rate": 0.4608294930875576,
    "total_trades": 217
}