{
    "cumulative_return": 1.5169110333447824,
    "annualized_return": 1.5169110333447824,
    "sharpe_ratio": 4.217257229859707,
    "max_drawdown": -0.10265320265320253,
    "win_rate": 0.6309523809523809,
    "total_trades": 252
}