{
    "cumulative_return": -0.40449847061454514,
    "annualized_return": -0.40449847061454514,
    "sharpe_ratio": -2.1255896410974686,
    "max_drawdown": -0.43887988096675484,
    "win_rate": 0.4246031746031746,
    "total_trades": 252,
    "accuracy": 0.5158730158730159,
    "precision": 0.5270935960591133,
    "recall": 0.8045112781954887,
    "f1_score": 0.6369047619047619
}