{
    "cumulative_return": 2.294620052113789,
    "annualized_return": 2.294620052113789,
    "sharpe_ratio": 4.513140511395962,
    "max_drawdown": -0.1738477607163847,
    "win_rate": 0.6746031746031746,
    "total_trades": 252,
    "accuracy": 0.5277777777777778,
    "precision": 0.5153374233128835,
    "recall": 0.6774193548387096,
    "f1_score": 0.5853658536585366
}