{
    "cumulative_return": 0.06363082464784586,
    "annualized_return": 0.06363082464784586,
    "sharpe_ratio": 0.36486479095897767,
    "max_drawdown": -0.21424419399127717,
    "win_rate": 0.5277777777777778,
    "total_trades": 252,
    "accuracy": 0.5158730158730159,
    "precision": 0.5294117647058824,
    "recall": 0.07317073170731707,
    "f1_score": 0.12857142857142856
}