{
    "cumulative_return": 0.10378654937424514,
    "annualized_return": 0.7384273500803538,
    "sharpe_ratio": 3.4860735618802456,
    "max_drawdown": -0.0347628319464319,
    "win_rate": 0.5777777777777777,
    "total_trades": 45
}