{
    "cumulative_return": 1.1651532295543365,
    "annualized_return": 1.4524474350979482,
    "sharpe_ratio": 5.344322261046146,
    "max_drawdown": -0.08289710582036607,
    "win_rate": 0.6405529953917051,
    "total_trades": 217
}