Horizon,Strategy,Accuracy,F1-Score,ROC-AUC
1,expanding,0.512185534591195,0.438715513342379,0.5116789115175354
