Horizon,Strategy,Accuracy,F1-Score,ROC-AUC
30,GOOGL_expanding,0.9276041666666667,0.9624222762908894,0.5000663587620109
