Horizon,Strategy,Accuracy,F1-Score,ROC-AUC
7,AAPL_expanding,0.5330863781781444,0.6218464475657984,0.5059146205029681
