Horizon,Strategy,Accuracy,F1-Score,ROC-AUC
30,MSFT_expanding,0.48046594982078855,0.3358533791523482,0.5399556268958834
