Horizon,Strategy,Accuracy,F1-Score,ROC-AUC
1,MSFT_expanding,0.5785256410256411,0.7062911031145304,0.5459438806821106
