Horizon,Strategy,Accuracy,F1-Score,ROC-AUC
252,GOOGL_expanding,0.673469387755102,0.6581196581196581,0.6827798507462688
