Horizon,Strategy,Accuracy,F1-Score,ROC-AUC
30,rolling,0.5706957779823754,0.6413186813186813,0.5533168506459588
