Horizon,Strategy,Accuracy,F1-Score,ROC-AUC
30,AAPL_rolling,0.5366746221161496,0.5644630571343106,0.5373413358093194
