Horizon,Strategy,Accuracy,F1-Score,ROC-AUC
252,GOOGL_expanding,0.9555555555555556,0.9772727272727273,0.4993887530562347
