Horizon,Strategy,Accuracy,F1-Score,ROC-AUC
3,expanding,0.5051114023591088,0.5038107752956636,0.506064774479695
