Horizon,Strategy,Accuracy,F1-Score,ROC-AUC
1,GOOGL_rolling,0.49139953088350274,0.42813186813186815,0.494797554899744
