Horizon,Strategy,Accuracy,F1-Score,ROC-AUC
30,MSFT_rolling,0.9184397163120568,0.9574861367837338,0.49702552293225866
