Horizon,Strategy,Accuracy,F1-Score,ROC-AUC
252,rolling,0.7338237501876596,0.7798336023842046,0.7231063677637001
