Horizon,Strategy,Accuracy,F1-Score,ROC-AUC
3,AAPL_expanding,0.5198653198653199,0.5880993645291739,0.5111409273386522
