Horizon,Strategy,Accuracy,F1-Score,ROC-AUC
1,MSFT_expanding,0.6030061892130858,0.6810626509447365,0.586902562395135
