Horizon,Strategy,Accuracy,F1-Score,ROC-AUC
7,MSFT_expanding,0.44901960784313727,0.1251061420888763,0.5150699082616492
