Horizon,Strategy,Accuracy,F1-Score,ROC-AUC
252,rolling,0.9847311827956989,0.9923068588146061,0.49956360462579097
