Horizon,Strategy,Accuracy,F1-Score,ROC-AUC
7,AAPL_expanding,0.8865771812080537,0.9398790466026326,0.4999053926206244
