Horizon,Strategy,Accuracy,F1-Score,ROC-AUC
252,MSFT_rolling,0.958273381294964,0.9786921381337252,0.4963975155279503
