Horizon,Strategy,Accuracy,F1-Score,ROC-AUC
30,expanding,0.5428120478758385,0.6227479921858042,0.5221826579292789
