Horizon,Strategy,Accuracy,F1-Score,ROC-AUC
1,GOOGL_expanding,0.5601875977071391,0.37941176470588234,0.5406135921481191
