Horizon,Strategy,Accuracy,F1-Score,ROC-AUC
30,AAPL_rolling,0.9516835016835017,0.9752394098869813,0.5010790005047955
