Horizon,Strategy,Accuracy,F1-Score,ROC-AUC
7,AAPL_rolling,0.8848993288590604,0.9389353747552074,0.4989593188268685
