Horizon,Strategy,Accuracy,F1-Score,ROC-AUC
30,AAPL_expanding,0.9523569023569024,0.9755971371906528,0.49973498233215546
