Horizon,Strategy,Accuracy,F1-Score,ROC-AUC
1,MSFT_rolling,0.6045977011494252,0.6683476713141501,0.5928338717094874
