Horizon,Strategy,Accuracy,F1-Score,ROC-AUC
30,GOOGL_rolling,0.9276041666666667,0.9624019475250203,0.503755905929819
