Horizon,Strategy,Accuracy,F1-Score,ROC-AUC
30,MSFT_expanding,0.9219858156028369,0.959409594095941,0.4989445403953176
