Horizon,Strategy,Accuracy,F1-Score,ROC-AUC
1,AAPL_rolling,0.5298496126386146,0.40788215037306297,0.5101447161356258
