Horizon,Strategy,Accuracy,F1-Score,ROC-AUC
3,rolling,0.5055045871559632,0.5179506835313658,0.5052937087131223
