Horizon,Strategy,Accuracy,F1-Score,ROC-AUC
1,GOOGL_rolling,0.5586563307493541,0.46153846153846156,0.5477232406859847
