Horizon,Strategy,Accuracy,F1-Score,ROC-AUC
1,AAPL_rolling,0.6518456375838926,0.7789025039957379,0.5169082199242313
