Horizon,Strategy,Accuracy,F1-Score,ROC-AUC
7,AAPL_rolling,0.5246275463666769,0.4497624494105226,0.519749871268166
