Horizon,Strategy,Accuracy,F1-Score,ROC-AUC
252,GOOGL_rolling,0.5793333333333334,0.35015447991761073,0.5677899128552715
