Horizon,Strategy,Accuracy,F1-Score,ROC-AUC
7,MSFT_rolling,0.51424,0.5230914231856739,0.5198639416610968
