Horizon,Strategy,Accuracy,F1-Score,ROC-AUC
3,GOOGL_rolling,0.4806413766132186,0.4103019538188277,0.4754576697658719
