Horizon,Strategy,Accuracy,F1-Score,ROC-AUC
1,rolling,0.509958071278826,0.47294250281848926,0.5096898829533588
