Horizon,Strategy,Accuracy,F1-Score,ROC-AUC
252,MSFT_rolling,0.7488505747126437,0.7769270035732516,0.7439638508468615
