Horizon,Strategy,Accuracy,F1-Score,ROC-AUC
3,GOOGL_expanding,0.5411887382690302,0.599271402550091,0.5318452380952381
