Horizon,Strategy,Accuracy,F1-Score,ROC-AUC
7,GOOGL_expanding,0.5532915360501567,0.5851528384279476,0.5512456293706294
