Horizon,Strategy,Accuracy,F1-Score,ROC-AUC
252,expanding,0.7382468500203224,0.7950784896054306,0.718482789979374
