Horizon,Strategy,Accuracy,F1-Score,ROC-AUC
7,GOOGL_expanding,0.8036175710594315,0.8909925415949512,0.4985593246737065
