Horizon,Strategy,Accuracy,F1-Score,ROC-AUC
3,MSFT_rolling,0.44723377038695233,0.6103910740448552,0.49883303897970654
