Horizon,Strategy,Accuracy,F1-Score,ROC-AUC
3,AAPL_rolling,0.7986577181208053,0.8878714259017007,0.5005787123331054
