Horizon,Strategy,Accuracy,F1-Score,ROC-AUC
252,AAPL_rolling,0.7018115942028985,0.7170849089034033,0.7020327117098059
