Horizon,Strategy,Accuracy,F1-Score,ROC-AUC
3,MSFT_rolling,0.6972590627763041,0.8110792319576252,0.5377988688961776
