Horizon,Strategy,Accuracy,F1-Score,ROC-AUC
3,MSFT_expanding,0.5559315995724974,0.5637795275590551,0.5718810447668671
