Horizon,Strategy,Accuracy,F1-Score,ROC-AUC
30,GOOGL_expanding,0.5513227513227513,0.6510288065843621,0.5114397412582083
