Horizon,Strategy,Accuracy,F1-Score,ROC-AUC
1,MSFT_rolling,0.46522781774580335,0.6285397001665741,0.5067068596225174
