Horizon,Strategy,Accuracy,F1-Score,ROC-AUC
3,MSFT_expanding,0.71105216622458,0.829150982852363,0.5080552830824878
