Horizon,Strategy,Accuracy,F1-Score,ROC-AUC
3,AAPL_rolling,0.5195989061075661,0.4176795580110497,0.504721047065045
