Horizon,Strategy,Accuracy,F1-Score,ROC-AUC
30,GOOGL_rolling,0.44203539823008847,0.26214160327677005,0.46160960251869343
