Horizon,Strategy,Accuracy,F1-Score,ROC-AUC
7,MSFT_expanding,0.8097259062776304,0.8946956351536505,0.5002220590046631
