Horizon,Strategy,Accuracy,F1-Score,ROC-AUC
252,AAPL_expanding,0.5494565217391304,0.5184898354307841,0.6471602315867594
