Horizon,Strategy,Accuracy,F1-Score,ROC-AUC
252,expanding,0.987434554973822,0.9936775553213909,0.5
