Horizon,Strategy,Accuracy,F1-Score,ROC-AUC
7,rolling,0.523341201153947,0.5527254829580411,0.5212780406969438
