Horizon,Strategy,Accuracy,F1-Score,ROC-AUC
3,AAPL_expanding,0.801510067114094,0.8897175351915727,0.5010766534663449
