Horizon,Strategy,Accuracy,F1-Score,ROC-AUC
30,AAPL_expanding,0.5417935702199662,0.6274078150798019,0.5179330214604545
