Horizon,Strategy,Accuracy,F1-Score,ROC-AUC
3,GOOGL_rolling,0.6795865633074936,0.800771208226221,0.5138270094584232
