Horizon,Strategy,Accuracy,F1-Score,ROC-AUC
252,MSFT_expanding,0.7493256262042389,0.7780242279474492,0.7536127167630058
