Horizon,Strategy,Accuracy,F1-Score,ROC-AUC
1,AAPL_expanding,0.5390309555854643,0.5559157212317666,0.5384836629557004
