Horizon,Strategy,Accuracy,F1-Score,ROC-AUC
7,MSFT_rolling,0.7969938107869142,0.885952712100139,0.5070882184936609
