Horizon,Strategy,Accuracy,F1-Score,ROC-AUC
7,GOOGL_rolling,0.7927648578811369,0.8831925429653364,0.5084260038002679
