Horizon,Strategy,Accuracy,F1-Score,ROC-AUC
1,GOOGL_expanding,0.5555555555555556,0.4543147208121827,0.5441857964625557
