Horizon,Strategy,Accuracy,F1-Score,ROC-AUC
1,AAPL_expanding,0.6669463087248322,0.7947471822975908,0.515705026584069
