Horizon,Strategy,Accuracy,F1-Score,ROC-AUC
7,expanding,0.509441384736428,0.5278303672851192,0.5091061817672833
