Horizon,Strategy,Accuracy,F1-Score,ROC-AUC
30,MSFT_rolling,0.5308080808080808,0.5125065593842925,0.5402612368229407
