{
    "cumulative_return": -0.41960927702118156,
    "annualized_return": -0.5121801618886612,
    "sharpe_ratio": -5.066858432671266,
    "max_drawdown": -0.4233576086057667,
    "win_rate": 0.3403141361256545,
    "total_trades": 191
}