{
    "cumulative_return": -0.29738622986239915,
    "annualized_return": -0.32534415057842614,
    "sharpe_ratio": -1.4138341315464282,
    "max_drawdown": -0.33703621407700424,
    "win_rate": 0.4424778761061947,
    "total_trades": 226
}