{
    "cumulative_return": -0.2951310875953598,
    "annualized_return": -0.32292918036595863,
    "sharpe_ratio": -1.329235907383354,
    "max_drawdown": -0.3515036781644552,
    "win_rate": 0.4469026548672566,
    "total_trades": 226
}