{
    "cumulative_return": -0.43769558584466073,
    "annualized_return": -0.4737317722714409,
    "sharpe_ratio": -2.291945636996005,
    "max_drawdown": -0.46510443099823406,
    "win_rate": 0.45132743362831856,
    "total_trades": 226
}