{
    "cumulative_return": -0.22720909168849956,
    "annualized_return": -0.22720909168849956,
    "sharpe_ratio": -1.0277145468530007,
    "max_drawdown": -0.2888655035849896,
    "win_rate": 0.43253968253968256,
    "total_trades": 252,
    "accuracy": 0.503968253968254,
    "precision": 0.5357142857142857,
    "recall": 0.3435114503816794,
    "f1_score": 0.4186046511627907
}