{
    "cumulative_return": 0.34222927958329263,
    "annualized_return": 0.34222927958329263,
    "sharpe_ratio": 1.3787572534324612,
    "max_drawdown": -0.18408375644700115,
    "win_rate": 0.5396825396825397,
    "total_trades": 252,
    "accuracy": 0.5396825396825397,
    "precision": 0.5228758169934641,
    "recall": 0.6504065040650406,
    "f1_score": 0.5797101449275363
}