{
    "cumulative_return": 0.40028333417614403,
    "annualized_return": 0.4555838236939169,
    "sharpe_ratio": 1.9327960524507801,
    "max_drawdown": -0.11222576019749861,
    "win_rate": 0.5265486725663717,
    "total_trades": 226
}