{
    "cumulative_return": -0.08526269713504486,
    "annualized_return": -0.0859146237869649,
    "sharpe_ratio": -0.32874952583538,
    "max_drawdown": -0.259075316828818,
    "win_rate": 0.524,
    "total_trades": 250,
    "accuracy": 0.5,
    "precision": 0.4057971014492754,
    "recall": 0.25,
    "f1_score": 0.30939226519337015
}