{
    "cumulative_return": -0.1925913681584308,
    "annualized_return": -0.21221988039849615,
    "sharpe_ratio": -0.8045757101201411,
    "max_drawdown": -0.31677529240734337,
    "win_rate": 0.4823008849557522,
    "total_trades": 226
}