{
    "cumulative_return": -0.667818234232207,
    "annualized_return": -0.667818234232207,
    "sharpe_ratio": -3.8813922308176663,
    "max_drawdown": -0.6748431959879896,
    "win_rate": 0.4126984126984127,
    "total_trades": 252,
    "accuracy": 0.5277777777777778,
    "precision": 0.5833333333333334,
    "recall": 0.168,
    "f1_score": 0.2608695652173913
}