{
    "cumulative_return": 0.45843504330651164,
    "annualized_return": 0.5231453820987875,
    "sharpe_ratio": 1.9045314758339842,
    "max_drawdown": -0.13787496717917058,
    "win_rate": 0.5486725663716814,
    "total_trades": 226
}