{
    "cumulative_return": -0.491813186264766,
    "annualized_return": -0.491813186264766,
    "sharpe_ratio": -2.816059988176268,
    "max_drawdown": -0.5448908739445848,
    "win_rate": 0.4166666666666667,
    "total_trades": 252,
    "accuracy": 0.46825396825396826,
    "precision": 0.4692737430167598,
    "recall": 0.6829268292682927,
    "f1_score": 0.5562913907284768
}