{
    "cumulative_return": -0.2865359888572714,
    "annualized_return": -0.3243490290800578,
    "sharpe_ratio": -2.6713629766056486,
    "max_drawdown": -0.2886066292126065,
    "win_rate": 0.42857142857142855,
    "total_trades": 217,
    "accuracy": 0.45622119815668205,
    "precision": 0.0,
    "recall": 0.0,
    "f1_score": 0.0
}