{
    "cumulative_return": -0.27400327647784306,
    "annualized_return": -0.30026113964486745,
    "sharpe_ratio": -1.9035692156369803,
    "max_drawdown": -0.3409852854849792,
    "win_rate": 0.4336283185840708,
    "total_trades": 226
}