{
    "cumulative_return": 0.46113125701746216,
    "annualized_return": 0.5320586293907748,
    "sharpe_ratio": 2.231534087153595,
    "max_drawdown": -0.0861757240555857,
    "win_rate": 0.5491071428571429,
    "total_trades": 224
}