{
    "cumulative_return": -0.25103834035289063,
    "annualized_return": -0.2755358761377912,
    "sharpe_ratio": -1.7071809498011585,
    "max_drawdown": -0.29069223166595304,
    "win_rate": 0.4778761061946903,
    "total_trades": 226
}