{
    "cumulative_return": -0.49999639924970796,
    "annualized_return": -0.5528837941927158,
    "sharpe_ratio": -5.845057754699978,
    "max_drawdown": -0.508872350605644,
    "win_rate": 0.34101382488479265,
    "total_trades": 217,
    "accuracy": 0.45622119815668205,
    "precision": 0.5,
    "recall": 0.3728813559322034,
    "f1_score": 0.42718446601941745
}