{
    "cumulative_return": -0.24401951554232526,
    "annualized_return": -0.24401951554232526,
    "sharpe_ratio": -1.3781934151334196,
    "max_drawdown": -0.32918817508332093,
    "win_rate": 0.4801587301587302,
    "total_trades": 252,
    "accuracy": 0.4880952380952381,
    "precision": 0.0,
    "recall": 0.0,
    "f1_score": 0.0
}