{
    "cumulative_return": 0.1910503485825894,
    "annualized_return": 0.21524948067028982,
    "sharpe_ratio": 0.9413529401105418,
    "max_drawdown": -0.21182354846254559,
    "win_rate": 0.5265486725663717,
    "total_trades": 226
}