{
    "cumulative_return": 0.32182964544652926,
    "annualized_return": 0.36494776163107523,
    "sharpe_ratio": 1.6155589306974125,
    "max_drawdown": -0.1285132202658551,
    "win_rate": 0.504424778761062,
    "total_trades": 226
}