{
    "cumulative_return": 0.25559832473914645,
    "annualized_return": 0.25559832473914645,
    "sharpe_ratio": 0.9998995019081919,
    "max_drawdown": -0.1389736477115122,
    "win_rate": 0.5277777777777778,
    "total_trades": 252,
    "accuracy": 0.5277777777777778,
    "precision": 0.5277777777777778,
    "recall": 1.0,
    "f1_score": 0.6909090909090909
}