{
    "cumulative_return": -0.45147140307869216,
    "annualized_return": -0.45410028427771576,
    "sharpe_ratio": -1.91816231337141,
    "max_drawdown": -0.5187260340709717,
    "win_rate": 0.456,
    "total_trades": 250,
    "accuracy": 0.48,
    "precision": 0.5,
    "recall": 0.13846153846153847,
    "f1_score": 0.21686746987951808
}