{
    "cumulative_return": 0.0008411244940713658,
    "annualized_return": 0.0008411244940713658,
    "sharpe_ratio": 0.14741451859548063,
    "max_drawdown": -0.28457038133502527,
    "win_rate": 0.49206349206349204,
    "total_trades": 252,
    "accuracy": 0.49603174603174605,
    "precision": 0.4940239043824701,
    "recall": 1.0,
    "f1_score": 0.6613333333333333
}