{
    "cumulative_return": 0.43680992610645286,
    "annualized_return": 0.440981861703037,
    "sharpe_ratio": 1.3905780877677203,
    "max_drawdown": -0.27086171190626457,
    "win_rate": 0.536,
    "total_trades": 250
}