{
    "cumulative_return": -0.039590473407069116,
    "annualized_return": -0.039590473407069116,
    "sharpe_ratio": -0.01854971192858675,
    "max_drawdown": -0.22420404103034378,
    "win_rate": 0.5158730158730159,
    "total_trades": 252,
    "accuracy": 0.5119047619047619,
    "precision": 0.0,
    "recall": 0.0,
    "f1_score": 0.0
}