{
    "cumulative_return": -0.012955776785207651,
    "annualized_return": -0.012955776785207651,
    "sharpe_ratio": 0.06083864304738474,
    "max_drawdown": -0.18913364055299542,
    "win_rate": 0.503968253968254,
    "total_trades": 252,
    "accuracy": 0.4880952380952381,
    "precision": 0.5084033613445378,
    "recall": 0.9097744360902256,
    "f1_score": 0.6522911051212938
}