{
    "cumulative_return": 1.3954282281319128,
    "annualized_return": 1.7578713029094524,
    "sharpe_ratio": 6.127308959148544,
    "max_drawdown": -0.0848402359193727,
    "win_rate": 0.6866359447004609,
    "total_trades": 217
}