{
    "cumulative_return": 1.8094801054903558,
    "annualized_return": 1.8094801054903558,
    "sharpe_ratio": 3.8924890698555603,
    "max_drawdown": -0.21860015320644513,
    "win_rate": 0.6547619047619048,
    "total_trades": 252,
    "accuracy": 0.5238095238095238,
    "precision": 0.5123456790123457,
    "recall": 0.6693548387096774,
    "f1_score": 0.5804195804195804
}