{
    "cumulative_return": -0.36751786337469416,
    "annualized_return": -0.4125657361280147,
    "sharpe_ratio": -2.9076137475545796,
    "max_drawdown": -0.3676986727181571,
    "win_rate": 0.42857142857142855,
    "total_trades": 217
}