{
    "cumulative_return": -0.014647301052236106,
    "annualized_return": -0.014647301052236106,
    "sharpe_ratio": 0.041122177586748104,
    "max_drawdown": -0.23738809455873683,
    "win_rate": 0.503968253968254,
    "total_trades": 252,
    "accuracy": 0.5158730158730159,
    "precision": 0.5426829268292683,
    "recall": 0.6544117647058824,
    "f1_score": 0.5933333333333334
}