{
    "cumulative_return": 3.9269688571121364,
    "annualized_return": 3.9269688571121364,
    "sharpe_ratio": 6.6356680567363115,
    "max_drawdown": -0.08450639007223557,
    "win_rate": 0.6904761904761905,
    "total_trades": 252,
    "accuracy": 0.4722222222222222,
    "precision": 0.46621621621621623,
    "recall": 0.5609756097560976,
    "f1_score": 0.5092250922509225
}