{
    "cumulative_return": -0.32175866327229874,
    "annualized_return": -0.32175866327229874,
    "sharpe_ratio": -1.686386606451526,
    "max_drawdown": -0.4309622924851742,
    "win_rate": 0.45634920634920634,
    "total_trades": 252,
    "accuracy": 0.4603174603174603,
    "precision": 0.0,
    "recall": 0.0,
    "f1_score": 0.0
}