{
    "cumulative_return": 2.5200263455473815,
    "annualized_return": 2.5200263455473815,
    "sharpe_ratio": 5.880941143558561,
    "max_drawdown": -0.10265320265320262,
    "win_rate": 0.6825396825396826,
    "total_trades": 252,
    "accuracy": 0.5158730158730159,
    "precision": 0.5345911949685535,
    "recall": 0.6390977443609023,
    "f1_score": 0.5821917808219178
}