{
    "cumulative_return": -0.21996696807360339,
    "annualized_return": -0.21996696807360339,
    "sharpe_ratio": -0.8953891528032268,
    "max_drawdown": -0.3038299894208741,
    "win_rate": 0.44047619047619047,
    "total_trades": 252,
    "accuracy": 0.503968253968254,
    "precision": 0.0,
    "recall": 0.0,
    "f1_score": 0.0
}