{
    "cumulative_return": -0.39298248267512126,
    "annualized_return": -0.39298248267512126,
    "sharpe_ratio": -2.461446300013733,
    "max_drawdown": -0.4075737372020328,
    "win_rate": 0.39285714285714285,
    "total_trades": 252
}