{
    "cumulative_return": -0.4582590397190375,
    "annualized_return": -0.4582590397190375,
    "sharpe_ratio": -2.949029597217041,
    "max_drawdown": -0.45981193219697,
    "win_rate": 0.376984126984127,
    "total_trades": 252
}