{
    "cumulative_return": -0.30689891344061515,
    "annualized_return": -0.30689891344061515,
    "sharpe_ratio": -1.9378818754705407,
    "max_drawdown": -0.34051414808695096,
    "win_rate": 0.40476190476190477,
    "total_trades": 252,
    "accuracy": 0.5317460317460317,
    "precision": 0.515625,
    "recall": 0.7983870967741935,
    "f1_score": 0.6265822784810127
}