{
    "cumulative_return": -0.48409868282331414,
    "annualized_return": -0.48409868282331414,
    "sharpe_ratio": -3.2020471979120955,
    "max_drawdown": -0.514569917192065,
    "win_rate": 0.373015873015873,
    "total_trades": 252
}