{
    "cumulative_return": -0.36735166641171957,
    "annualized_return": -0.36735166641171957,
    "sharpe_ratio": -2.4540296946373754,
    "max_drawdown": -0.3892933409643674,
    "win_rate": 0.38492063492063494,
    "total_trades": 252
}