{
    "cumulative_return": -0.30317310293764754,
    "annualized_return": -0.30317310293764754,
    "sharpe_ratio": -1.7437249378232433,
    "max_drawdown": -0.3631755209440944,
    "win_rate": 0.39285714285714285,
    "total_trades": 252,
    "accuracy": 0.503968253968254,
    "precision": 0.5238095238095238,
    "recall": 0.0873015873015873,
    "f1_score": 0.14965986394557823
}