{
    "cumulative_return": 0.06436477801032048,
    "annualized_return": 0.0751273972011468,
    "sharpe_ratio": 0.4458017198930298,
    "max_drawdown": -0.1287275147436726,
    "win_rate": 0.4792626728110599,
    "total_trades": 217,
    "accuracy": 0.5023041474654378,
    "precision": 0.5025125628140703,
    "recall": 0.9174311926605505,
    "f1_score": 0.6493506493506493
}