{
    "cumulative_return": -0.30689891344061515,
    "annualized_return": -0.30689891344061515,
    "sharpe_ratio": -1.9378818754705407,
    "max_drawdown": -0.34051414808695096,
    "win_rate": 0.40476190476190477,
    "total_trades": 252
}