{
    "cumulative_return": -0.39298248267512126,
    "annualized_return": -0.39298248267512126,
    "sharpe_ratio": -2.461446300013733,
    "max_drawdown": -0.4075737372020328,
    "win_rate": 0.39285714285714285,
    "total_trades": 252,
    "accuracy": 0.5436507936507936,
    "precision": 0.5321637426900585,
    "recall": 0.7222222222222222,
    "f1_score": 0.6127946127946128
}