{
    "cumulative_return": -0.644917415028312,
    "annualized_return": -0.6995294912413861,
    "sharpe_ratio": -5.913991223319147,
    "max_drawdown": -0.6470395479121798,
    "win_rate": 0.3317972350230415,
    "total_trades": 217
}