{
    "cumulative_return": -0.43698300986245897,
    "annualized_return": -0.4395644542148025,
    "sharpe_ratio": -1.5606039607572852,
    "max_drawdown": -0.4521435593898329,
    "win_rate": 0.448,
    "total_trades": 250,
    "accuracy": 0.564,
    "precision": 0.0,
    "recall": 0.0,
    "f1_score": 0.0
}