{
    "cumulative_return": -0.36735166641171957,
    "annualized_return": -0.36735166641171957,
    "sharpe_ratio": -2.4540296946373754,
    "max_drawdown": -0.3892933409643674,
    "win_rate": 0.38492063492063494,
    "total_trades": 252,
    "accuracy": 0.5674603174603174,
    "precision": 0.6923076923076923,
    "recall": 0.21774193548387097,
    "f1_score": 0.3312883435582822
}