{
    "cumulative_return": -0.30317310293764754,
    "annualized_return": -0.30317310293764754,
    "sharpe_ratio": -1.7437249378232433,
    "max_drawdown": -0.3631755209440944,
    "win_rate": 0.39285714285714285,
    "total_trades": 252
}