{
    "cumulative_return": -0.48409868282331414,
    "annualized_return": -0.48409868282331414,
    "sharpe_ratio": -3.2020471979120955,
    "max_drawdown": -0.514569917192065,
    "win_rate": 0.373015873015873,
    "total_trades": 252,
    "accuracy": 0.5357142857142857,
    "precision": 0.488,
    "recall": 0.5350877192982456,
    "f1_score": 0.5104602510460251
}