{
    "cumulative_return": -0.3080524613871576,
    "annualized_return": -0.3090668816786032,
    "sharpe_ratio": -0.5531746262248368,
    "max_drawdown": -0.33408909445073354,
    "win_rate": 0.450199203187251,
    "total_trades": 251
}