{
    "cumulative_return": -0.4582590397190375,
    "annualized_return": -0.4582590397190375,
    "sharpe_ratio": -2.949029597217041,
    "max_drawdown": -0.45981193219697,
    "win_rate": 0.376984126984127,
    "total_trades": 252,
    "accuracy": 0.5,
    "precision": 0.4142857142857143,
    "recall": 0.2543859649122807,
    "f1_score": 0.31521739130434784
}