{
    "cumulative_return": 0.03647664240533821,
    "annualized_return": 0.03647664240533821,
    "sharpe_ratio": 0.26979364452446464,
    "max_drawdown": -0.20671312565840305,
    "win_rate": 0.48412698412698413,
    "total_trades": 252
}