{
    "cumulative_return": -0.44972626400612437,
    "annualized_return": -0.486271255532298,
    "sharpe_ratio": -1.6379365958966892,
    "max_drawdown": -0.5680939791441528,
    "win_rate": 0.4823008849557522,
    "total_trades": 226
}