{
    "cumulative_return": -0.5070230835683472,
    "annualized_return": -0.5070230835683472,
    "sharpe_ratio": -1.9069904129114228,
    "max_drawdown": -0.556406567658364,
    "win_rate": 0.4087301587301587,
    "total_trades": 252
}