{
    "cumulative_return": 0.013357721867255368,
    "annualized_return": 0.015528841400493487,
    "sharpe_ratio": 0.1794483227721598,
    "max_drawdown": -0.21326924681395196,
    "win_rate": 0.5069124423963134,
    "total_trades": 217,
    "accuracy": 0.5161290322580645,
    "precision": 0.6153846153846154,
    "recall": 0.27350427350427353,
    "f1_score": 0.378698224852071
}