{
    "cumulative_return": -0.4399569268471567,
    "annualized_return": -0.44254835482485677,
    "sharpe_ratio": -1.4528865433156095,
    "max_drawdown": -0.5553234814264608,
    "win_rate": 0.48,
    "total_trades": 250
}