{
    "cumulative_return": -0.4809763457760109,
    "annualized_return": -0.5186942267406828,
    "sharpe_ratio": -1.8188243135221411,
    "max_drawdown": -0.6101318215655808,
    "win_rate": 0.4557522123893805,
    "total_trades": 226
}