{
    "cumulative_return": -0.47794109088547054,
    "annualized_return": -0.47794109088547054,
    "sharpe_ratio": -1.5011867512377193,
    "max_drawdown": -0.5247310277695222,
    "win_rate": 0.42063492063492064,
    "total_trades": 252
}