{
    "cumulative_return": -0.3520462291708729,
    "annualized_return": -0.380977335603518,
    "sharpe_ratio": -1.9100039280066883,
    "max_drawdown": -0.37654943035795285,
    "win_rate": 0.43859649122807015,
    "total_trades": 228
}