{
    "cumulative_return": -0.6520031456123982,
    "annualized_return": -0.6520031456123982,
    "sharpe_ratio": -2.5760397062120086,
    "max_drawdown": -0.683192635090246,
    "win_rate": 0.42063492063492064,
    "total_trades": 252,
    "accuracy": 0.48412698412698413,
    "precision": 0.5217391304347826,
    "recall": 0.4444444444444444,
    "f1_score": 0.48
}