{
    "cumulative_return": -0.5171685870594331,
    "annualized_return": -0.5171685870594331,
    "sharpe_ratio": -2.174127571697272,
    "max_drawdown": -0.5674559012458518,
    "win_rate": 0.44047619047619047,
    "total_trades": 252
}