{
    "cumulative_return": -0.09814230298393056,
    "annualized_return": -0.09814230298393056,
    "sharpe_ratio": -0.057431944731178595,
    "max_drawdown": -0.24874661839838472,
    "win_rate": 0.45634920634920634,
    "total_trades": 252
}