{
    "cumulative_return": 0.010144653527898395,
    "annualized_return": 0.011218480453917712,
    "sharpe_ratio": 0.23093395531399719,
    "max_drawdown": -0.21469768242683848,
    "win_rate": 0.4692982456140351,
    "total_trades": 228
}