{
    "cumulative_return": -0.3597989267100007,
    "annualized_return": -0.3597989267100007,
    "sharpe_ratio": -1.7780658652723424,
    "max_drawdown": -0.37983169509767195,
    "win_rate": 0.4523809523809524,
    "total_trades": 252,
    "accuracy": 0.45634920634920634,
    "precision": 0.5,
    "recall": 0.014598540145985401,
    "f1_score": 0.028368794326241134
}