{
    "cumulative_return": -0.3389819882221998,
    "annualized_return": -0.4175581260145158,
    "sharpe_ratio": -2.5338749434145647,
    "max_drawdown": -0.3984453850084475,
    "win_rate": 0.41450777202072536,
    "total_trades": 193
}