{
    "cumulative_return": -0.736697670419182,
    "annualized_return": -0.736697670419182,
    "sharpe_ratio": -3.3429778548487863,
    "max_drawdown": -0.7249256018293683,
    "win_rate": 0.373015873015873,
    "total_trades": 252
}