{
    "cumulative_return": -0.1871275994219359,
    "annualized_return": -0.1871275994219359,
    "sharpe_ratio": -0.7584507302536947,
    "max_drawdown": -0.31805992832247915,
    "win_rate": 0.4603174603174603,
    "total_trades": 252,
    "accuracy": 0.503968253968254,
    "precision": 0.5422535211267606,
    "recall": 0.5620437956204379,
    "f1_score": 0.5519713261648745
}