{
    "cumulative_return": -0.09814230298393056,
    "annualized_return": -0.09814230298393056,
    "sharpe_ratio": -0.05743194473117858,
    "max_drawdown": -0.24874661839838472,
    "win_rate": 0.45634920634920634,
    "total_trades": 252,
    "accuracy": 0.5,
    "precision": 0.4976303317535545,
    "recall": 0.84,
    "f1_score": 0.625
}