{
    "cumulative_return": -0.6583942278861598,
    "annualized_return": -0.6583942278861598,
    "sharpe_ratio": -3.322462251030669,
    "max_drawdown": -0.6736450088368742,
    "win_rate": 0.4166666666666667,
    "total_trades": 252
}