{
    "cumulative_return": 0.5024202861290352,
    "annualized_return": 0.5024202861290352,
    "sharpe_ratio": 1.3603361277012376,
    "max_drawdown": -0.2821829981833657,
    "win_rate": 0.5119047619047619,
    "total_trades": 252
}