{
    "cumulative_return": -0.43111510791366914,
    "annualized_return": -0.43367648412404824,
    "sharpe_ratio": -1.4080361239689791,
    "max_drawdown": -0.6008783260139499,
    "win_rate": 0.464,
    "total_trades": 250
}