{
    "cumulative_return": -0.6583942278861598,
    "annualized_return": -0.6583942278861598,
    "sharpe_ratio": -3.3224622510306676,
    "max_drawdown": -0.6736450088368742,
    "win_rate": 0.4166666666666667,
    "total_trades": 252,
    "accuracy": 0.5119047619047619,
    "precision": 0.543010752688172,
    "recall": 0.7266187050359713,
    "f1_score": 0.6215384615384615
}