{
    "cumulative_return": -0.43307295598151385,
    "annualized_return": -0.4659490811550058,
    "sharpe_ratio": -1.6456251925888632,
    "max_drawdown": -0.5317343591925611,
    "win_rate": 0.4868421052631579,
    "total_trades": 228
}