{
    "cumulative_return": -0.5312937614756028,
    "annualized_return": -0.5672284468662133,
    "sharpe_ratio": -1.9639063210619443,
    "max_drawdown": -0.5840620896233805,
    "win_rate": 0.4780701754385965,
    "total_trades": 228
}