{
    "cumulative_return": 0.051499467742090355,
    "annualized_return": 0.05707243360277192,
    "sharpe_ratio": 0.342632188586398,
    "max_drawdown": -0.3801380701769749,
    "win_rate": 0.5394736842105263,
    "total_trades": 228
}