{
    "cumulative_return": -0.14168313288652867,
    "annualized_return": -0.15537644507361625,
    "sharpe_ratio": -0.397080012456465,
    "max_drawdown": -0.28819341599796855,
    "win_rate": 0.5175438596491229,
    "total_trades": 228
}