{
    "cumulative_return": -0.4028401419607841,
    "annualized_return": -0.4028401419607841,
    "sharpe_ratio": -2.0789906171897714,
    "max_drawdown": -0.4215260917750159,
    "win_rate": 0.44047619047619047,
    "total_trades": 252
}