{
    "cumulative_return": -0.23621849786833626,
    "annualized_return": -0.2575792564238779,
    "sharpe_ratio": -0.8174403696499342,
    "max_drawdown": -0.3159820921848313,
    "win_rate": 0.4780701754385965,
    "total_trades": 228
}