{
    "cumulative_return": -0.5970517639647324,
    "annualized_return": -0.6338183735414809,
    "sharpe_ratio": -4.248117742171258,
    "max_drawdown": -0.6004232967159181,
    "win_rate": 0.38596491228070173,
    "total_trades": 228
}