{
    "cumulative_return": -0.15110294293375826,
    "annualized_return": -0.17323890364641614,
    "sharpe_ratio": -0.819542924771417,
    "max_drawdown": -0.3014295289563277,
    "win_rate": 0.41935483870967744,
    "total_trades": 217
}