{
    "cumulative_return": -0.7583593000501961,
    "annualized_return": -0.7919150740211636,
    "sharpe_ratio": -4.538333128341585,
    "max_drawdown": -0.7760644027801642,
    "win_rate": 0.3201754385964912,
    "total_trades": 228
}