{
    "cumulative_return": -0.3221090458453364,
    "annualized_return": -0.398070693161376,
    "sharpe_ratio": -2.3697152923777844,
    "max_drawdown": -0.3537992578928541,
    "win_rate": 0.38860103626943004,
    "total_trades": 193
}