{
    "cumulative_return": 0.8116947511719173,
    "annualized_return": 0.8116947511719173,
    "sharpe_ratio": 3.6817403301799385,
    "max_drawdown": -0.0411448190480288,
    "win_rate": 0.5753968253968254,
    "total_trades": 252,
    "accuracy": 0.5,
    "precision": 0.5327868852459017,
    "recall": 0.48507462686567165,
    "f1_score": 0.5078125
}