{
    "cumulative_return": -0.06056918031795988,
    "annualized_return": -0.06998884153434559,
    "sharpe_ratio": -0.31053411856006835,
    "max_drawdown": -0.18732086251096342,
    "win_rate": 0.4930875576036866,
    "total_trades": 217
}