{
    "cumulative_return": -0.2773954279454808,
    "annualized_return": -0.2773954279454808,
    "sharpe_ratio": -1.8220186959853941,
    "max_drawdown": -0.3477482751270989,
    "win_rate": 0.4801587301587302,
    "total_trades": 252
}