{
    "cumulative_return": 0.1704679732017469,
    "annualized_return": 0.1704679732017469,
    "sharpe_ratio": 0.8189918386421793,
    "max_drawdown": -0.11002816507124326,
    "win_rate": 0.5277777777777778,
    "total_trades": 252
}