{
    "cumulative_return": -0.20883352365420715,
    "annualized_return": -0.20883352365420715,
    "sharpe_ratio": -0.9431135298931308,
    "max_drawdown": -0.31274968424172206,
    "win_rate": 0.49603174603174605,
    "total_trades": 252
}