{
    "cumulative_return": -0.08552643061753284,
    "annualized_return": -0.08552643061753284,
    "sharpe_ratio": -0.44211193942756605,
    "max_drawdown": -0.1523658467619642,
    "win_rate": 0.4801587301587302,
    "total_trades": 252
}