{
    "cumulative_return": 0.1704679732017469,
    "annualized_return": 0.1704679732017469,
    "sharpe_ratio": 0.8189918386421793,
    "max_drawdown": -0.11002816507124326,
    "win_rate": 0.5277777777777778,
    "total_trades": 252,
    "accuracy": 0.5476190476190477,
    "precision": 0.5588235294117647,
    "recall": 0.8260869565217391,
    "f1_score": 0.6666666666666666
}