{
    "cumulative_return": -0.44601205092855745,
    "annualized_return": -0.4486234138315811,
    "sharpe_ratio": -3.151833619078899,
    "max_drawdown": -0.4544570107246005,
    "win_rate": 0.416,
    "total_trades": 250
}