{
    "cumulative_return": -0.17818853265735612,
    "annualized_return": -0.20379339285284637,
    "sharpe_ratio": -1.1729534228916412,
    "max_drawdown": -0.27152671990719673,
    "win_rate": 0.41935483870967744,
    "total_trades": 217
}