{
    "cumulative_return": 0.8116947511719173,
    "annualized_return": 0.8116947511719173,
    "sharpe_ratio": 3.6817403301799385,
    "max_drawdown": -0.0411448190480288,
    "win_rate": 0.5753968253968254,
    "total_trades": 252
}