{
    "cumulative_return": -0.15624831799668792,
    "annualized_return": -0.15624831799668792,
    "sharpe_ratio": -0.9071265127936321,
    "max_drawdown": -0.2348528346024439,
    "win_rate": 0.49206349206349204,
    "total_trades": 252
}