{
    "cumulative_return": 0.7889779451612438,
    "annualized_return": 0.7889779451612438,
    "sharpe_ratio": 2.07501740800338,
    "max_drawdown": -0.14859580686066742,
    "win_rate": 0.5158730158730159,
    "total_trades": 252
}