{
    "cumulative_return": -0.07401858936501482,
    "annualized_return": -0.07401858936501482,
    "sharpe_ratio": -0.43336996728965643,
    "max_drawdown": -0.17064719051817331,
    "win_rate": 0.49206349206349204,
    "total_trades": 252
}