{
    "cumulative_return": -0.15624831799668792,
    "annualized_return": -0.15624831799668792,
    "sharpe_ratio": -0.9071265127936321,
    "max_drawdown": -0.2348528346024439,
    "win_rate": 0.49206349206349204,
    "total_trades": 252,
    "accuracy": 0.5119047619047619,
    "precision": 0.5069767441860465,
    "recall": 0.8650793650793651,
    "f1_score": 0.6392961876832844
}