{
    "cumulative_return": -0.08552643061753284,
    "annualized_return": -0.08552643061753284,
    "sharpe_ratio": -0.44211193942756605,
    "max_drawdown": -0.1523658467619642,
    "win_rate": 0.4801587301587302,
    "total_trades": 252,
    "accuracy": 0.4722222222222222,
    "precision": 0.5384615384615384,
    "recall": 0.05223880597014925,
    "f1_score": 0.09523809523809523
}