{
    "cumulative_return": -0.5620401083203234,
    "annualized_return": -0.5649233114265992,
    "sharpe_ratio": -4.53296624727153,
    "max_drawdown": -0.5779095622660024,
    "win_rate": 0.364,
    "total_trades": 250
}