{
    "cumulative_return": -0.2773954279454808,
    "annualized_return": -0.2773954279454808,
    "sharpe_ratio": -1.8220186959853941,
    "max_drawdown": -0.3477482751270989,
    "win_rate": 0.4801587301587302,
    "total_trades": 252,
    "accuracy": 0.49206349206349204,
    "precision": 0.4807692307692308,
    "recall": 0.1984126984126984,
    "f1_score": 0.2808988764044944
}