{
    "cumulative_return": -0.3585394570970324,
    "annualized_return": -0.3585394570970324,
    "sharpe_ratio": -2.9108852816825657,
    "max_drawdown": -0.4458900881911309,
    "win_rate": 0.38492063492063494,
    "total_trades": 252
}