{
    "cumulative_return": -0.44601205092855745,
    "annualized_return": -0.4486234138315811,
    "sharpe_ratio": -3.151833619078899,
    "max_drawdown": -0.4544570107246005,
    "win_rate": 0.416,
    "total_trades": 250,
    "accuracy": 0.516,
    "precision": 0.5157894736842106,
    "recall": 0.3951612903225806,
    "f1_score": 0.4474885844748858
}