{
    "cumulative_return": -0.4257158496752541,
    "annualized_return": -0.4282583311497786,
    "sharpe_ratio": -4.45190835648122,
    "max_drawdown": -0.4456953134871892,
    "win_rate": 0.408,
    "total_trades": 250
}