{
    "cumulative_return": -0.48368672227112264,
    "annualized_return": -0.48368672227112264,
    "sharpe_ratio": -2.6231161497858455,
    "max_drawdown": -0.48309655023708653,
    "win_rate": 0.42857142857142855,
    "total_trades": 252,
    "accuracy": 0.4722222222222222,
    "precision": 0.4444444444444444,
    "recall": 0.061068702290076333,
    "f1_score": 0.10738255033557047
}