{
    "cumulative_return": -0.704031938883827,
    "annualized_return": -0.704031938883827,
    "sharpe_ratio": -8.313599748736015,
    "max_drawdown": -0.6952140555068148,
    "win_rate": 0.2698412698412698,
    "total_trades": 252
}