{
    "cumulative_return": -0.510769757548972,
    "annualized_return": -0.510769757548972,
    "sharpe_ratio": -3.843569718416748,
    "max_drawdown": -0.520284567660383,
    "win_rate": 0.376984126984127,
    "total_trades": 252
}