{
    "cumulative_return": -0.4275497759115573,
    "annualized_return": -0.4275497759115573,
    "sharpe_ratio": -3.474802007109441,
    "max_drawdown": -0.4411860374399068,
    "win_rate": 0.376984126984127,
    "total_trades": 252,
    "accuracy": 0.5238095238095238,
    "precision": 0.5217391304347826,
    "recall": 0.6614173228346457,
    "f1_score": 0.5833333333333334
}