{
    "cumulative_return": 0.5102079732191545,
    "annualized_return": 0.5102079732191545,
    "sharpe_ratio": 2.638897283612937,
    "max_drawdown": -0.08348864630481884,
    "win_rate": 0.5436507936507936,
    "total_trades": 252
}