{
    "cumulative_return": 0.5102079732191545,
    "annualized_return": 0.5102079732191545,
    "sharpe_ratio": 2.638897283612937,
    "max_drawdown": -0.08348864630481884,
    "win_rate": 0.5436507936507936,
    "total_trades": 252,
    "accuracy": 0.5436507936507936,
    "precision": 0.5355648535564853,
    "recall": 0.9696969696969697,
    "f1_score": 0.6900269541778976
}