{
    "cumulative_return": -0.04676016738227229,
    "annualized_return": -0.04676016738227229,
    "sharpe_ratio": -0.2179890242229528,
    "max_drawdown": -0.14039270591301112,
    "win_rate": 0.4880952380952381,
    "total_trades": 252
}