{
    "cumulative_return": -0.12507801131852947,
    "annualized_return": -0.12507801131852947,
    "sharpe_ratio": -0.5688790577386071,
    "max_drawdown": -0.14338220838159743,
    "win_rate": 0.5119047619047619,
    "total_trades": 252,
    "accuracy": 0.5357142857142857,
    "precision": 0.52,
    "recall": 0.2184873949579832,
    "f1_score": 0.3076923076923077
}