{
    "cumulative_return": -0.3703195473232971,
    "annualized_return": -0.41558649177110607,
    "sharpe_ratio": -4.910514984744291,
    "max_drawdown": -0.36836834126573187,
    "win_rate": 0.33640552995391704,
    "total_trades": 217
}