{
    "cumulative_return": -0.3897095842407511,
    "annualized_return": -0.3897095842407511,
    "sharpe_ratio": -2.3978189162394004,
    "max_drawdown": -0.40803423011396767,
    "win_rate": 0.38095238095238093,
    "total_trades": 252
}