{
    "cumulative_return": -0.8207238093046806,
    "annualized_return": -0.8207238093046806,
    "sharpe_ratio": -4.430334544157223,
    "max_drawdown": -0.8127084923997915,
    "win_rate": 0.3531746031746032,
    "total_trades": 252,
    "accuracy": 0.4642857142857143,
    "precision": 0.5,
    "recall": 0.14814814814814814,
    "f1_score": 0.22857142857142856
}