{
    "cumulative_return": -0.49536806529000077,
    "annualized_return": -0.5943857005736131,
    "sharpe_ratio": -4.416334261781565,
    "max_drawdown": -0.4959955229818389,
    "win_rate": 0.33507853403141363,
    "total_trades": 191
}