{
    "cumulative_return": -0.5710983179558576,
    "annualized_return": -0.6108987524423422,
    "sharpe_ratio": -2.0264306186275642,
    "max_drawdown": -0.6260138150977778,
    "win_rate": 0.40707964601769914,
    "total_trades": 226
}