{
    "cumulative_return": -0.6437301285180278,
    "annualized_return": -0.6466595727104959,
    "sharpe_ratio": -2.7585151323654182,
    "max_drawdown": -0.7200625328461806,
    "win_rate": 0.448,
    "total_trades": 250,
    "accuracy": 0.496,
    "precision": 0.4780701754385965,
    "recall": 0.9396551724137931,
    "f1_score": 0.6337209302325582
}