{
    "cumulative_return": -0.41446467338508897,
    "annualized_return": -0.4494314196418435,
    "sharpe_ratio": -1.848674045643051,
    "max_drawdown": -0.5268995893080433,
    "win_rate": 0.415929203539823,
    "total_trades": 226
}