{
    "cumulative_return": -0.8867966510283274,
    "annualized_return": -0.9137832427222798,
    "sharpe_ratio": -7.044473486761914,
    "max_drawdown": -0.8867966510283274,
    "win_rate": 0.29910714285714285,
    "total_trades": 224
}