{
    "cumulative_return": -0.07134954594675813,
    "annualized_return": -0.09304612420147029,
    "sharpe_ratio": -0.36664709398052103,
    "max_drawdown": -0.19257202322838396,
    "win_rate": 0.4869109947643979,
    "total_trades": 191
}