{
    "cumulative_return": -0.717434165938241,
    "annualized_return": -0.7556715040094525,
    "sharpe_ratio": -4.033960205935677,
    "max_drawdown": -0.7566052917214852,
    "win_rate": 0.3274336283185841,
    "total_trades": 226
}