{
    "cumulative_return": -0.1365935665249377,
    "annualized_return": -0.15680616532520353,
    "sharpe_ratio": -0.7217931556619464,
    "max_drawdown": -0.21978341271158416,
    "win_rate": 0.45161290322580644,
    "total_trades": 217,
    "accuracy": 0.4930875576036866,
    "precision": 0.6521739130434783,
    "recall": 0.1282051282051282,
    "f1_score": 0.21428571428571427
}