{
    "cumulative_return": -0.7669322497603556,
    "annualized_return": -0.8028872814668225,
    "sharpe_ratio": -3.713008320905209,
    "max_drawdown": -0.7895774406715742,
    "win_rate": 0.37610619469026546,
    "total_trades": 226
}