{
    "cumulative_return": -0.6442597358235335,
    "annualized_return": -0.684140852019679,
    "sharpe_ratio": -3.7875978843800517,
    "max_drawdown": -0.6920181921232121,
    "win_rate": 0.3805309734513274,
    "total_trades": 226
}