{
    "cumulative_return": -0.8822856150551687,
    "annualized_return": -0.9099086219480826,
    "sharpe_ratio": -6.885655387221982,
    "max_drawdown": -0.8869686354278817,
    "win_rate": 0.29464285714285715,
    "total_trades": 224
}