{
    "cumulative_return": -0.7489479599026643,
    "annualized_return": -0.7489479599026643,
    "sharpe_ratio": -4.3894516871954385,
    "max_drawdown": -0.7495462046351973,
    "win_rate": 0.3611111111111111,
    "total_trades": 252,
    "accuracy": 0.46825396825396826,
    "precision": 0.5274725274725275,
    "recall": 0.34532374100719426,
    "f1_score": 0.41739130434782606
}