{
    "cumulative_return": -0.2739505195435681,
    "annualized_return": -0.2739505195435681,
    "sharpe_ratio": -1.2386546110289427,
    "max_drawdown": -0.3158115331251104,
    "win_rate": 0.4642857142857143,
    "total_trades": 252,
    "accuracy": 0.46825396825396826,
    "precision": 0.5428571428571428,
    "recall": 0.1386861313868613,
    "f1_score": 0.22093023255813954
}