{
    "cumulative_return": -0.6448568590097479,
    "annualized_return": -0.684731970473802,
    "sharpe_ratio": -3.22536821433169,
    "max_drawdown": -0.6613927894143788,
    "win_rate": 0.41150442477876104,
    "total_trades": 226
}