{
    "cumulative_return": -0.3440121604729016,
    "annualized_return": -0.3750709658947884,
    "sharpe_ratio": -1.9020189292153462,
    "max_drawdown": -0.3654592727412596,
    "win_rate": 0.43805309734513276,
    "total_trades": 226
}