{
    "cumulative_return": -0.8290116480156706,
    "annualized_return": -0.8604519611282533,
    "sharpe_ratio": -5.11768764921548,
    "max_drawdown": -0.8326273489264662,
    "win_rate": 0.3230088495575221,
    "total_trades": 226
}