{
    "cumulative_return": -0.7527644873992358,
    "annualized_return": -0.7527644873992358,
    "sharpe_ratio": -6.219086552014696,
    "max_drawdown": -0.7592067728503035,
    "win_rate": 0.32936507936507936,
    "total_trades": 252,
    "accuracy": 0.5,
    "precision": 0.5846153846153846,
    "recall": 0.2773722627737226,
    "f1_score": 0.37623762376237624
}