{
    "cumulative_return": -0.7105239208298824,
    "annualized_return": -0.7489996554712981,
    "sharpe_ratio": -6.207827479752658,
    "max_drawdown": -0.7146448760533967,
    "win_rate": 0.3185840707964602,
    "total_trades": 226
}