{
    "cumulative_return": -0.6715273388917338,
    "annualized_return": -0.6715273388917338,
    "sharpe_ratio": -3.456575491059841,
    "max_drawdown": -0.7011614029657441,
    "win_rate": 0.39285714285714285,
    "total_trades": 252,
    "accuracy": 0.45634920634920634,
    "precision": 0.5277777777777778,
    "recall": 0.1366906474820144,
    "f1_score": 0.21714285714285714
}