{
    "cumulative_return": -0.7172373247275281,
    "annualized_return": -0.7554817110923928,
    "sharpe_ratio": -3.51232474995318,
    "max_drawdown": -0.7232165932019992,
    "win_rate": 0.35398230088495575,
    "total_trades": 226
}