{
    "cumulative_return": -0.8070864192564328,
    "annualized_return": -0.8070864192564328,
    "sharpe_ratio": -8.514219523426815,
    "max_drawdown": -0.8003165790743719,
    "win_rate": 0.2777777777777778,
    "total_trades": 252,
    "accuracy": 0.5079365079365079,
    "precision": 0.5096153846153846,
    "recall": 0.42063492063492064,
    "f1_score": 0.4608695652173913
}