{
    "cumulative_return": -0.7289757145744629,
    "annualized_return": -0.7289757145744629,
    "sharpe_ratio": -4.015462458596797,
    "max_drawdown": -0.7539161590827407,
    "win_rate": 0.39285714285714285,
    "total_trades": 252,
    "accuracy": 0.503968253968254,
    "precision": 0.5842696629213483,
    "recall": 0.37142857142857144,
    "f1_score": 0.45414847161572053
}