{
    "cumulative_return": -0.7387170408344044,
    "annualized_return": -0.7761005280237446,
    "sharpe_ratio": -2.212747681048151,
    "max_drawdown": -0.7831468039718062,
    "win_rate": 0.45132743362831856,
    "total_trades": 226
}