{
    "cumulative_return": -0.6511572639986669,
    "annualized_return": -0.6909620173959173,
    "sharpe_ratio": -1.6633466337737246,
    "max_drawdown": -0.6805070281711181,
    "win_rate": 0.4557522123893805,
    "total_trades": 226
}