{
    "cumulative_return": -0.30720582481945635,
    "annualized_return": -0.33584926001971693,
    "sharpe_ratio": -1.7355211081703446,
    "max_drawdown": -0.35437153634225754,
    "win_rate": 0.4336283185840708,
    "total_trades": 226
}