{
    "cumulative_return": -0.740242256656292,
    "annualized_return": -0.740242256656292,
    "sharpe_ratio": -5.982196191536525,
    "max_drawdown": -0.7388023847989682,
    "win_rate": 0.38095238095238093,
    "total_trades": 252,
    "accuracy": 0.5198412698412699,
    "precision": 0.5390070921985816,
    "recall": 0.5757575757575758,
    "f1_score": 0.5567765567765568
}