{
    "cumulative_return": -0.7638954752470746,
    "annualized_return": -0.8000213800599552,
    "sharpe_ratio": -5.374670907632011,
    "max_drawdown": -0.769806821067712,
    "win_rate": 0.37610619469026546,
    "total_trades": 226
}