{
    "cumulative_return": -0.31410459193395746,
    "annualized_return": -0.31410459193395746,
    "sharpe_ratio": -1.6447382254446368,
    "max_drawdown": -0.32596232492856725,
    "win_rate": 0.42857142857142855,
    "total_trades": 252,
    "accuracy": 0.5158730158730159,
    "precision": 0.54,
    "recall": 0.21428571428571427,
    "f1_score": 0.3068181818181818
}