{
    "cumulative_return": 0.05965389720816039,
    "annualized_return": 0.06735661178089392,
    "sharpe_ratio": 0.3618286925885798,
    "max_drawdown": -0.45207040377984997,
    "win_rate": 0.5357142857142857,
    "total_trades": 224
}