{
    "cumulative_return": 0.13620070699666198,
    "annualized_return": 0.15301468953178055,
    "sharpe_ratio": 0.7515488774141932,
    "max_drawdown": -0.12292532059775058,
    "win_rate": 0.5265486725663717,
    "total_trades": 226
}