{
    "cumulative_return": -0.012637984956393677,
    "annualized_return": -0.012637984956393677,
    "sharpe_ratio": 0.06377469027998318,
    "max_drawdown": -0.23542796954352493,
    "win_rate": 0.4642857142857143,
    "total_trades": 252,
    "accuracy": 0.4603174603174603,
    "precision": 0.4642857142857143,
    "recall": 0.19696969696969696,
    "f1_score": 0.2765957446808511
}