{
    "cumulative_return": 0.7964272707140452,
    "annualized_return": 0.8048658029366536,
    "sharpe_ratio": 1.7041952585818687,
    "max_drawdown": -0.1975655368515383,
    "win_rate": 0.504,
    "total_trades": 250,
    "accuracy": 0.44,
    "precision": 0.42105263157894735,
    "recall": 0.11940298507462686,
    "f1_score": 0.18604651162790697
}