{
    "cumulative_return": -0.447295669993624,
    "annualized_return": -0.5426461187850888,
    "sharpe_ratio": -3.6387707265394296,
    "max_drawdown": -0.4805570085500718,
    "win_rate": 0.43455497382198954,
    "total_trades": 191
}