{
    "cumulative_return": -0.24662372785340936,
    "annualized_return": -0.2707727842862442,
    "sharpe_ratio": -1.3899059398399116,
    "max_drawdown": -0.3589806963020668,
    "win_rate": 0.4557522123893805,
    "total_trades": 226
}