{
    "cumulative_return": -0.6068072315888413,
    "annualized_return": -0.64684348792472,
    "sharpe_ratio": -4.340967452814085,
    "max_drawdown": -0.6289895798406216,
    "win_rate": 0.4026548672566372,
    "total_trades": 226
}