{
    "cumulative_return": -0.6846900481810052,
    "annualized_return": -0.7238975048359962,
    "sharpe_ratio": -4.177523605353611,
    "max_drawdown": -0.7181149568764807,
    "win_rate": 0.39823008849557523,
    "total_trades": 226
}