{
    "cumulative_return": 0.1444316667999399,
    "annualized_return": 0.1948181556326536,
    "sharpe_ratio": 0.9405348386430085,
    "max_drawdown": -0.125395444479595,
    "win_rate": 0.46596858638743455,
    "total_trades": 191
}