{
    "cumulative_return": -0.48357139352901246,
    "annualized_return": -0.5213767671242098,
    "sharpe_ratio": -3.451843669730877,
    "max_drawdown": -0.521895983818153,
    "win_rate": 0.41150442477876104,
    "total_trades": 226
}