{
    "cumulative_return": -0.4675971504297336,
    "annualized_return": -0.5079373312952842,
    "sharpe_ratio": -1.6910885589270597,
    "max_drawdown": -0.5151046670777895,
    "win_rate": 0.45535714285714285,
    "total_trades": 224
}