{
    "cumulative_return": -0.3414556598223861,
    "annualized_return": -0.37235471327734826,
    "sharpe_ratio": -1.819238825202521,
    "max_drawdown": -0.35139626176369004,
    "win_rate": 0.4424778761061947,
    "total_trades": 226
}