{
    "cumulative_return": 0.10948919407822677,
    "annualized_return": 0.12169006768596202,
    "sharpe_ratio": 0.49171273884317696,
    "max_drawdown": -0.26896992962252125,
    "win_rate": 0.4824561403508772,
    "total_trades": 228
}