{
    "cumulative_return": -0.2507896912831702,
    "annualized_return": -0.27526768493337006,
    "sharpe_ratio": -1.2831466761711383,
    "max_drawdown": -0.29025603575116526,
    "win_rate": 0.48672566371681414,
    "total_trades": 226
}