{
    "cumulative_return": -0.27545234987196854,
    "annualized_return": -0.34630329925939973,
    "sharpe_ratio": -2.6399929229107926,
    "max_drawdown": -0.28710871810544725,
    "win_rate": 0.4083769633507853,
    "total_trades": 191
}