{
    "cumulative_return": -0.2908546241815617,
    "annualized_return": -0.3160518187479038,
    "sharpe_ratio": -1.5310283210003093,
    "max_drawdown": -0.35173773671448394,
    "win_rate": 0.4517543859649123,
    "total_trades": 228
}