{
    "cumulative_return": 0.4053715798608799,
    "annualized_return": 0.5594478281571187,
    "sharpe_ratio": 2.915120089370332,
    "max_drawdown": -0.04938462414884796,
    "win_rate": 0.5906735751295337,
    "total_trades": 193
}