{
    "cumulative_return": -0.008646755978873988,
    "annualized_return": -0.011275113267332215,
    "sharpe_ratio": 0.007389260090729308,
    "max_drawdown": -0.13377851982429695,
    "win_rate": 0.44559585492227977,
    "total_trades": 193
}