{
    "cumulative_return": -0.41532450318669756,
    "annualized_return": -0.41532450318669756,
    "sharpe_ratio": -3.1573847053349198,
    "max_drawdown": -0.44328665819717444,
    "win_rate": 0.44047619047619047,
    "total_trades": 252,
    "accuracy": 0.5158730158730159,
    "precision": 0.5317919075144508,
    "recall": 0.6917293233082706,
    "f1_score": 0.6013071895424836
}