{
    "cumulative_return": -0.33001375992697424,
    "annualized_return": -0.36018301670728003,
    "sharpe_ratio": -1.552757534315562,
    "max_drawdown": -0.4296121640161931,
    "win_rate": 0.4424778761061947,
    "total_trades": 226
}