{
    "cumulative_return": -0.09110779765679022,
    "annualized_return": -0.1002015114050322,
    "sharpe_ratio": -0.418650326955886,
    "max_drawdown": -0.22712594485068696,
    "win_rate": 0.4342105263157895,
    "total_trades": 228
}