{
    "cumulative_return": -0.19930796194604483,
    "annualized_return": -0.21952360581903974,
    "sharpe_ratio": -1.3871362987132752,
    "max_drawdown": -0.2359917270741829,
    "win_rate": 0.40707964601769914,
    "total_trades": 226
}