{
    "cumulative_return": -0.11957234990830012,
    "annualized_return": -0.11957234990830012,
    "sharpe_ratio": -0.1870343980084286,
    "max_drawdown": -0.38139009169945715,
    "win_rate": 0.49603174603174605,
    "total_trades": 252,
    "accuracy": 0.503968253968254,
    "precision": 0.5,
    "recall": 0.992,
    "f1_score": 0.6648793565683646
}