{
    "cumulative_return": -0.05813696870895935,
    "annualized_return": -0.0651622967105745,
    "sharpe_ratio": -0.11880400884979948,
    "max_drawdown": -0.20064520155578167,
    "win_rate": 0.5223214285714286,
    "total_trades": 224
}