{
    "cumulative_return": -0.8334870882204797,
    "annualized_return": -0.8358580839755674,
    "sharpe_ratio": -7.5850404335396195,
    "max_drawdown": -0.8294051011444907,
    "win_rate": 0.288,
    "total_trades": 250,
    "accuracy": 0.448,
    "precision": 0.4453125,
    "recall": 0.4596774193548387,
    "f1_score": 0.4523809523809524
}