{
    "cumulative_return": 0.29161788905310915,
    "annualized_return": 0.33020747736725964,
    "sharpe_ratio": 1.206282937731913,
    "max_drawdown": -0.20644688683676574,
    "win_rate": 0.48672566371681414,
    "total_trades": 226
}