{
    "cumulative_return": 0.07556426986098441,
    "annualized_return": 0.08384333281444878,
    "sharpe_ratio": 0.4621252520484818,
    "max_drawdown": -0.14329362076002108,
    "win_rate": 0.4649122807017544,
    "total_trades": 228
}