{
    "cumulative_return": -0.12879078998624005,
    "annualized_return": -0.1413433084172051,
    "sharpe_ratio": -0.6488676466024128,
    "max_drawdown": -0.2501756178390354,
    "win_rate": 0.4342105263157895,
    "total_trades": 228
}