{
    "cumulative_return": -0.6362780093808911,
    "annualized_return": -0.6762284952957454,
    "sharpe_ratio": -2.9341975677765846,
    "max_drawdown": -0.649737601116366,
    "win_rate": 0.4469026548672566,
    "total_trades": 226
}