{
    "cumulative_return": -0.48111917558693174,
    "annualized_return": -0.5188419122916899,
    "sharpe_ratio": -2.7324476422537707,
    "max_drawdown": -0.48111917558693174,
    "win_rate": 0.415929203539823,
    "total_trades": 226
}