{
    "cumulative_return": 0.10372414709565825,
    "annualized_return": 0.11524986745018606,
    "sharpe_ratio": 0.7246939507737,
    "max_drawdown": -0.13331341075784736,
    "win_rate": 0.49122807017543857,
    "total_trades": 228
}