{
    "cumulative_return": 0.5865417576264507,
    "annualized_return": 0.6655269553483281,
    "sharpe_ratio": 2.1196152604000855,
    "max_drawdown": -0.12064734537032956,
    "win_rate": 0.5087719298245614,
    "total_trades": 228
}