{
    "cumulative_return": -0.44526883776221327,
    "annualized_return": -0.48162895577098197,
    "sharpe_ratio": -3.2699534419603156,
    "max_drawdown": -0.4795795780146692,
    "win_rate": 0.42035398230088494,
    "total_trades": 226
}