{
    "cumulative_return": -0.22148149470717182,
    "annualized_return": -0.2522926110307959,
    "sharpe_ratio": -1.8308280845507967,
    "max_drawdown": -0.230375623943546,
    "win_rate": 0.4377880184331797,
    "total_trades": 217,
    "accuracy": 0.45622119815668205,
    "precision": 0.5319148936170213,
    "recall": 0.2066115702479339,
    "f1_score": 0.2976190476190476
}