{
    "cumulative_return": -0.6532909332077356,
    "annualized_return": -0.6962887712065775,
    "sharpe_ratio": -4.507965985805338,
    "max_drawdown": -0.6760825745553813,
    "win_rate": 0.39285714285714285,
    "total_trades": 224
}