{
    "cumulative_return": 0.30819067669535416,
    "annualized_return": 0.34571227157711015,
    "sharpe_ratio": 1.8370312148049115,
    "max_drawdown": -0.08399436786424072,
    "win_rate": 0.5307017543859649,
    "total_trades": 228
}