{
    "cumulative_return": 0.06956971859295735,
    "annualized_return": 0.07787757739051404,
    "sharpe_ratio": 0.44280728683797604,
    "max_drawdown": -0.2101696278678684,
    "win_rate": 0.584070796460177,
    "total_trades": 226
}