{
    "cumulative_return": 0.8722039175126437,
    "annualized_return": 0.9999627287832928,
    "sharpe_ratio": 2.8611186339577173,
    "max_drawdown": -0.1436095544686922,
    "win_rate": 0.5877192982456141,
    "total_trades": 228
}