{
    "cumulative_return": -0.49890642045430633,
    "annualized_return": -0.5371969347931204,
    "sharpe_ratio": -3.884190858439752,
    "max_drawdown": -0.5074201584725104,
    "win_rate": 0.39823008849557523,
    "total_trades": 226
}