{
    "cumulative_return": -0.3188358613767901,
    "annualized_return": -0.3188358613767901,
    "sharpe_ratio": -2.2124261968486505,
    "max_drawdown": -0.3504154471726863,
    "win_rate": 0.4444444444444444,
    "total_trades": 252
}