{
    "cumulative_return": -0.24429910213416695,
    "annualized_return": -0.24599063888707917,
    "sharpe_ratio": -0.9597471605297774,
    "max_drawdown": -0.3214655084501177,
    "win_rate": 0.484,
    "total_trades": 250
}