{
    "cumulative_return": 0.01587397160088777,
    "annualized_return": 0.018457784451306303,
    "sharpe_ratio": 0.1949640285939518,
    "max_drawdown": -0.15419740607547275,
    "win_rate": 0.46543778801843316,
    "total_trades": 217,
    "accuracy": 0.5253456221198156,
    "precision": 0.6363636363636364,
    "recall": 0.34710743801652894,
    "f1_score": 0.44919786096256686
}