{
    "cumulative_return": -0.15402469147065068,
    "annualized_return": -0.15402469147065068,
    "sharpe_ratio": -0.6056863965800546,
    "max_drawdown": -0.25344468056453123,
    "win_rate": 0.4246031746031746,
    "total_trades": 252,
    "accuracy": 0.47619047619047616,
    "precision": 0.4397163120567376,
    "recall": 0.5391304347826087,
    "f1_score": 0.484375
}