{
    "cumulative_return": -0.20232305122352923,
    "annualized_return": -0.20232305122352923,
    "sharpe_ratio": -0.7711290071933227,
    "max_drawdown": -0.2735557350230802,
    "win_rate": 0.4365079365079365,
    "total_trades": 252
}