{
    "cumulative_return": -0.15402469147065068,
    "annualized_return": -0.15402469147065068,
    "sharpe_ratio": -0.6056863965800546,
    "max_drawdown": -0.25344468056453123,
    "win_rate": 0.4246031746031746,
    "total_trades": 252
}