{
    "cumulative_return": 0.36349805876454067,
    "annualized_return": 0.3668843154697452,
    "sharpe_ratio": 1.340540304952452,
    "max_drawdown": -0.1309010698633511,
    "win_rate": 0.52,
    "total_trades": 250
}