{
    "cumulative_return": -0.5236129363352391,
    "annualized_return": -0.5236129363352391,
    "sharpe_ratio": -3.1332498457324505,
    "max_drawdown": -0.5389048598063284,
    "win_rate": 0.3968253968253968,
    "total_trades": 252
}