{
    "cumulative_return": -0.19615775609576458,
    "annualized_return": -0.19615775609576458,
    "sharpe_ratio": -0.7406009141370036,
    "max_drawdown": -0.26877531982958747,
    "win_rate": 0.4801587301587302,
    "total_trades": 252,
    "accuracy": 0.5,
    "precision": 0.0,
    "recall": 0.0,
    "f1_score": 0.0
}