{
    "cumulative_return": 0.01587397160088777,
    "annualized_return": 0.018457784451306303,
    "sharpe_ratio": 0.1949640285939518,
    "max_drawdown": -0.15419740607547275,
    "win_rate": 0.46543778801843316,
    "total_trades": 217
}