{
    "cumulative_return": -0.3188358613767901,
    "annualized_return": -0.3188358613767901,
    "sharpe_ratio": -2.2124261968486505,
    "max_drawdown": -0.3504154471726863,
    "win_rate": 0.4444444444444444,
    "total_trades": 252,
    "accuracy": 0.5357142857142857,
    "precision": 0.5454545454545454,
    "recall": 0.7218045112781954,
    "f1_score": 0.6213592233009708
}