{
    "cumulative_return": -0.2163637071353781,
    "annualized_return": -0.2163637071353781,
    "sharpe_ratio": -0.5188789919923574,
    "max_drawdown": -0.3727836636109124,
    "win_rate": 0.48412698412698413,
    "total_trades": 252
}