{
    "cumulative_return": -0.5236129363352391,
    "annualized_return": -0.5236129363352391,
    "sharpe_ratio": -3.1332498457324505,
    "max_drawdown": -0.5389048598063284,
    "win_rate": 0.3968253968253968,
    "total_trades": 252,
    "accuracy": 0.48412698412698413,
    "precision": 0.4675324675324675,
    "recall": 0.9391304347826087,
    "f1_score": 0.6242774566473989
}