{
    "cumulative_return": -0.09477345545571114,
    "annualized_return": -0.09477345545571114,
    "sharpe_ratio": -0.3549983936920346,
    "max_drawdown": -0.21253832053290594,
    "win_rate": 0.4523809523809524,
    "total_trades": 252
}