{
    "cumulative_return": 0.3166500564880115,
    "annualized_return": 0.3166500564880115,
    "sharpe_ratio": 1.3862084948867062,
    "max_drawdown": -0.15001696342409424,
    "win_rate": 0.5079365079365079,
    "total_trades": 252
}