{
    "cumulative_return": -0.2403263004748617,
    "annualized_return": -0.2403263004748617,
    "sharpe_ratio": -1.5520806033953114,
    "max_drawdown": -0.2842334609245893,
    "win_rate": 0.44841269841269843,
    "total_trades": 252
}