{
    "cumulative_return": -0.43966566294932397,
    "annualized_return": -0.47578730009498493,
    "sharpe_ratio": -3.222284831934727,
    "max_drawdown": -0.45494125453800693,
    "win_rate": 0.4424778761061947,
    "total_trades": 226
}