{
    "cumulative_return": -0.08903462529160833,
    "annualized_return": -0.09875515611808916,
    "sharpe_ratio": -0.5983169902397285,
    "max_drawdown": -0.15668535891164345,
    "win_rate": 0.4469026548672566,
    "total_trades": 226
}