{
    "cumulative_return": -0.47973449753592323,
    "annualized_return": -0.47973449753592323,
    "sharpe_ratio": -3.486188714886783,
    "max_drawdown": -0.4995112404632741,
    "win_rate": 0.3968253968253968,
    "total_trades": 252,
    "accuracy": 0.47619047619047616,
    "precision": 0.4606741573033708,
    "recall": 0.328,
    "f1_score": 0.38317757009345793
}