{
    "cumulative_return": -0.1555796229595643,
    "annualized_return": -0.17324173917064345,
    "sharpe_ratio": -1.399253965384146,
    "max_drawdown": -0.18348880684928554,
    "win_rate": 0.4642857142857143,
    "total_trades": 224
}