{
    "cumulative_return": 0.37399163192680684,
    "annualized_return": 0.5207306678187387,
    "sharpe_ratio": 3.9901221501322683,
    "max_drawdown": -0.04904171608089434,
    "win_rate": 0.5706806282722513,
    "total_trades": 191
}