{
    "cumulative_return": -0.47130436662446495,
    "annualized_return": -0.4739931870473528,
    "sharpe_ratio": -5.192789908803459,
    "max_drawdown": -0.4833200956719976,
    "win_rate": 0.344,
    "total_trades": 250,
    "accuracy": 0.492,
    "precision": 0.49032258064516127,
    "recall": 0.6129032258064516,
    "f1_score": 0.5448028673835126
}