{
    "cumulative_return": 0.9405946975155066,
    "annualized_return": 0.9405946975155066,
    "sharpe_ratio": 2.8866544261625755,
    "max_drawdown": -0.1008698906121662,
    "win_rate": 0.5793650793650794,
    "total_trades": 252,
    "accuracy": 0.5,
    "precision": 0.5263157894736842,
    "recall": 0.3816793893129771,
    "f1_score": 0.4424778761061947
}