{
    "cumulative_return": -0.19712206973851787,
    "annualized_return": -0.21714740443114355,
    "sharpe_ratio": -1.5187419941538745,
    "max_drawdown": -0.2756613970214865,
    "win_rate": 0.4469026548672566,
    "total_trades": 226
}