{
    "cumulative_return": -0.3778149616669141,
    "annualized_return": -0.4108699241142022,
    "sharpe_ratio": -3.3109912097375775,
    "max_drawdown": -0.4071836497410127,
    "win_rate": 0.41150442477876104,
    "total_trades": 226
}