{
    "cumulative_return": -0.1899644568679998,
    "annualized_return": -0.2110180187520052,
    "sharpe_ratio": -1.7633493801763533,
    "max_drawdown": -0.2005884428992421,
    "win_rate": 0.4375,
    "total_trades": 224
}