{
    "cumulative_return": -0.20218034392795226,
    "annualized_return": -0.23072270510508242,
    "sharpe_ratio": -2.2853550503009292,
    "max_drawdown": -0.213381515798724,
    "win_rate": 0.37327188940092165,
    "total_trades": 217,
    "accuracy": 0.4608294930875576,
    "precision": 0.4675324675324675,
    "recall": 0.6728971962616822,
    "f1_score": 0.5517241379310345
}