{
    "cumulative_return": -0.2259295840684895,
    "annualized_return": -0.24840254246022353,
    "sharpe_ratio": -1.0358508221338942,
    "max_drawdown": -0.2924436173490781,
    "win_rate": 0.4646017699115044,
    "total_trades": 226
}