{
    "cumulative_return": -0.25988557897208886,
    "annualized_return": -0.2850717589679147,
    "sharpe_ratio": -1.240024214392517,
    "max_drawdown": -0.3219862266931882,
    "win_rate": 0.4557522123893805,
    "total_trades": 226
}