{
    "cumulative_return": -0.4060985140331017,
    "annualized_return": -0.49714219807939686,
    "sharpe_ratio": -6.736644585340821,
    "max_drawdown": -0.4066452631233857,
    "win_rate": 0.29842931937172773,
    "total_trades": 191
}