{
    "cumulative_return": -0.3997697901730348,
    "annualized_return": -0.4022158542173633,
    "sharpe_ratio": -4.067218499724465,
    "max_drawdown": -0.40068057391982653,
    "win_rate": 0.408,
    "total_trades": 250,
    "accuracy": 0.46,
    "precision": 0.417910447761194,
    "recall": 0.22580645161290322,
    "f1_score": 0.2931937172774869
}