{
    "cumulative_return": -0.38317352660638404,
    "annualized_return": -0.38317352660638404,
    "sharpe_ratio": -1.8718749325109991,
    "max_drawdown": -0.4299475311987889,
    "win_rate": 0.45634920634920634,
    "total_trades": 252,
    "accuracy": 0.5198412698412699,
    "precision": 0.5555555555555556,
    "recall": 0.3816793893129771,
    "f1_score": 0.45248868778280543
}