{
    "cumulative_return": -0.6021584907755713,
    "annualized_return": -0.6421845881678918,
    "sharpe_ratio": -5.366856273326664,
    "max_drawdown": -0.6096300709841216,
    "win_rate": 0.37610619469026546,
    "total_trades": 226
}