{
    "cumulative_return": -0.4002742866918171,
    "annualized_return": -0.43453282228129164,
    "sharpe_ratio": -3.010939250064556,
    "max_drawdown": -0.4140677954454673,
    "win_rate": 0.415929203539823,
    "total_trades": 226
}