{
    "cumulative_return": -0.5833949976399517,
    "annualized_return": -0.6233170444852703,
    "sharpe_ratio": -5.425117028786993,
    "max_drawdown": -0.5879743314649925,
    "win_rate": 0.3274336283185841,
    "total_trades": 226
}