{
    "cumulative_return": -0.16271856643538318,
    "annualized_return": -0.16271856643538318,
    "sharpe_ratio": -1.0280527966215953,
    "max_drawdown": -0.2110920318064223,
    "win_rate": 0.4642857142857143,
    "total_trades": 252,
    "accuracy": 0.5079365079365079,
    "precision": 0.6666666666666666,
    "recall": 0.047244094488188976,
    "f1_score": 0.08823529411764706
}