{
    "cumulative_return": 0.0683645362380414,
    "annualized_return": 0.07652339536272179,
    "sharpe_ratio": 0.5430610000722128,
    "max_drawdown": -0.15750307037455633,
    "win_rate": 0.504424778761062,
    "total_trades": 226
}