{
    "cumulative_return": 0.017804215228371945,
    "annualized_return": 0.020705403172065706,
    "sharpe_ratio": 0.20413977726462493,
    "max_drawdown": -0.19973508889811087,
    "win_rate": 0.5023041474654378,
    "total_trades": 217,
    "accuracy": 0.5023041474654378,
    "precision": 0.5473684210526316,
    "recall": 0.4444444444444444,
    "f1_score": 0.49056603773584906
}