{
    "cumulative_return": -0.44949753013891336,
    "annualized_return": -0.44949753013891336,
    "sharpe_ratio": -1.5803897704807048,
    "max_drawdown": -0.5369791175122569,
    "win_rate": 0.4126984126984127,
    "total_trades": 252,
    "accuracy": 0.503968253968254,
    "precision": 0.475,
    "recall": 0.8260869565217391,
    "f1_score": 0.6031746031746031
}