{
    "cumulative_return": -0.35894993580348367,
    "annualized_return": -0.35894993580348367,
    "sharpe_ratio": -1.258232318085426,
    "max_drawdown": -0.5353564465496585,
    "win_rate": 0.4365079365079365,
    "total_trades": 252,
    "accuracy": 0.48412698412698413,
    "precision": 0.5412844036697247,
    "recall": 0.4244604316546763,
    "f1_score": 0.47580645161290325
}