{
    "cumulative_return": -0.35894993580348367,
    "annualized_return": -0.35894993580348367,
    "sharpe_ratio": -1.258232318085426,
    "max_drawdown": -0.5353564465496585,
    "win_rate": 0.4365079365079365,
    "total_trades": 252
}