{
    "cumulative_return": 2.60524117021918,
    "annualized_return": 2.60524117021918,
    "sharpe_ratio": 3.4369270959615257,
    "max_drawdown": -0.15924553720410056,
    "win_rate": 0.5873015873015873,
    "total_trades": 252
}