{
    "cumulative_return": -0.7112493593865263,
    "annualized_return": -0.7112493593865263,
    "sharpe_ratio": -3.084550344869721,
    "max_drawdown": -0.7014739151788811,
    "win_rate": 0.4166666666666667,
    "total_trades": 252
}