{
    "cumulative_return": 0.017804215228371945,
    "annualized_return": 0.020705403172065706,
    "sharpe_ratio": 0.20413977726462493,
    "max_drawdown": -0.19973508889811087,
    "win_rate": 0.5023041474654378,
    "total_trades": 217
}