{
    "cumulative_return": 0.546986021215516,
    "annualized_return": 0.5523951615828933,
    "sharpe_ratio": 1.4080361239689791,
    "max_drawdown": -0.22089722772238835,
    "win_rate": 0.52,
    "total_trades": 250
}