{
    "cumulative_return": -0.1470555574921497,
    "annualized_return": -0.1470555574921497,
    "sharpe_ratio": -0.29354208955864786,
    "max_drawdown": -0.2848897134611421,
    "win_rate": 0.4722222222222222,
    "total_trades": 252
}