{
    "cumulative_return": -0.5162661700930651,
    "annualized_return": -0.5697344893778544,
    "sharpe_ratio": -4.109077832206128,
    "max_drawdown": -0.533459440803918,
    "win_rate": 0.4009216589861751,
    "total_trades": 217,
    "accuracy": 0.4976958525345622,
    "precision": 0.5833333333333334,
    "recall": 0.23931623931623933,
    "f1_score": 0.3393939393939394
}