{
    "cumulative_return": 0.05711935230886667,
    "annualized_return": 0.05711935230886667,
    "sharpe_ratio": 0.3525447201785367,
    "max_drawdown": -0.1901628966324094,
    "win_rate": 0.49603174603174605,
    "total_trades": 252,
    "accuracy": 0.5555555555555556,
    "precision": 0.5518672199170125,
    "recall": 0.9708029197080292,
    "f1_score": 0.7037037037037037
}