{
    "cumulative_return": -0.5755419158256498,
    "annualized_return": -0.5755419158256498,
    "sharpe_ratio": -2.0465107933654774,
    "max_drawdown": -0.556564682740184,
    "win_rate": 0.43253968253968256,
    "total_trades": 252,
    "accuracy": 0.4642857142857143,
    "precision": 0.5,
    "recall": 0.007407407407407408,
    "f1_score": 0.014598540145985401
}