{
    "cumulative_return": -0.35711650489791313,
    "annualized_return": -0.35711650489791313,
    "sharpe_ratio": -1.2496282706383777,
    "max_drawdown": -0.41459256289454033,
    "win_rate": 0.4365079365079365,
    "total_trades": 252,
    "accuracy": 0.4642857142857143,
    "precision": 0.5357142857142857,
    "recall": 0.2158273381294964,
    "f1_score": 0.3076923076923077
}