{
    "cumulative_return": -0.35711650489791313,
    "annualized_return": -0.35711650489791313,
    "sharpe_ratio": -1.2496282706383777,
    "max_drawdown": -0.41459256289454033,
    "win_rate": 0.4365079365079365,
    "total_trades": 252
}