{
    "cumulative_return": -0.6705745796823095,
    "annualized_return": -0.6734879861180751,
    "sharpe_ratio": -2.9900305963337015,
    "max_drawdown": -0.6754416646939199,
    "win_rate": 0.428,
    "total_trades": 250
}