{
    "cumulative_return": -0.17921797941107698,
    "annualized_return": -0.17921797941107698,
    "sharpe_ratio": -0.7270435102157855,
    "max_drawdown": -0.2558396441358324,
    "win_rate": 0.47619047619047616,
    "total_trades": 252,
    "accuracy": 0.48412698412698413,
    "precision": 0.47107438016528924,
    "recall": 0.4634146341463415,
    "f1_score": 0.4672131147540984
}