{
    "cumulative_return": -0.24742865618014853,
    "annualized_return": -0.24742865618014853,
    "sharpe_ratio": -0.8686536040628111,
    "max_drawdown": -0.34826585521099557,
    "win_rate": 0.4880952380952381,
    "total_trades": 252
}