{
    "cumulative_return": 0.13729010797323582,
    "annualized_return": 0.16113510528667518,
    "sharpe_ratio": 1.1061123043506929,
    "max_drawdown": -0.09855169307540579,
    "win_rate": 0.5299539170506913,
    "total_trades": 217
}