{
    "cumulative_return": -0.39241696539307225,
    "annualized_return": -0.39241696539307225,
    "sharpe_ratio": -1.8766465465266198,
    "max_drawdown": -0.4209554089836618,
    "win_rate": 0.45634920634920634,
    "total_trades": 252
}