{
    "cumulative_return": 0.35576341617593665,
    "annualized_return": 0.3590686107112,
    "sharpe_ratio": 1.5902168475648495,
    "max_drawdown": -0.10133107185479444,
    "win_rate": 0.516,
    "total_trades": 250
}