{
    "cumulative_return": -0.17921797941107698,
    "annualized_return": -0.17921797941107698,
    "sharpe_ratio": -0.7270435102157855,
    "max_drawdown": -0.2558396441358324,
    "win_rate": 0.47619047619047616,
    "total_trades": 252
}