{
    "cumulative_return": 0.17223613023373185,
    "annualized_return": 0.17372734779064114,
    "sharpe_ratio": 0.8764446758467807,
    "max_drawdown": -0.17911482530013464,
    "win_rate": 0.476,
    "total_trades": 250
}