{
    "cumulative_return": -0.2350735133658739,
    "annualized_return": -0.2674307533491095,
    "sharpe_ratio": -2.0950532790403713,
    "max_drawdown": -0.35080209342753677,
    "win_rate": 0.4147465437788018,
    "total_trades": 217,
    "accuracy": 0.4930875576036866,
    "precision": 0.5273972602739726,
    "recall": 0.652542372881356,
    "f1_score": 0.5833333333333334
}