{
    "cumulative_return": -0.17283524662474536,
    "annualized_return": -0.17283524662474536,
    "sharpe_ratio": -0.6349726564716748,
    "max_drawdown": -0.32618349107554123,
    "win_rate": 0.4801587301587302,
    "total_trades": 252,
    "accuracy": 0.4880952380952381,
    "precision": 0.5526315789473685,
    "recall": 0.30656934306569344,
    "f1_score": 0.39436619718309857
}