{
    "cumulative_return": -0.39241696539307225,
    "annualized_return": -0.39241696539307225,
    "sharpe_ratio": -1.8766465465266198,
    "max_drawdown": -0.4209554089836618,
    "win_rate": 0.45634920634920634,
    "total_trades": 252,
    "accuracy": 0.503968253968254,
    "precision": 0.5697674418604651,
    "recall": 0.35766423357664234,
    "f1_score": 0.43946188340807174
}