{
    "cumulative_return": -0.17283524662474536,
    "annualized_return": -0.17283524662474536,
    "sharpe_ratio": -0.6349726564716748,
    "max_drawdown": -0.32618349107554123,
    "win_rate": 0.4801587301587302,
    "total_trades": 252
}