{
    "cumulative_return": 0.13729010797323582,
    "annualized_return": 0.16113510528667518,
    "sharpe_ratio": 1.1061123043506929,
    "max_drawdown": -0.09855169307540579,
    "win_rate": 0.5299539170506913,
    "total_trades": 217,
    "accuracy": 0.5069124423963134,
    "precision": 0.5433070866141733,
    "recall": 0.5847457627118644,
    "f1_score": 0.563265306122449
}