{
    "cumulative_return": -0.2350735133658739,
    "annualized_return": -0.2674307533491095,
    "sharpe_ratio": -2.0950532790403713,
    "max_drawdown": -0.35080209342753677,
    "win_rate": 0.4147465437788018,
    "total_trades": 217
}