{
    "cumulative_return": -0.2471195840401782,
    "annualized_return": -0.2471195840401782,
    "sharpe_ratio": -0.867188133461709,
    "max_drawdown": -0.3479981957146888,
    "win_rate": 0.49206349206349204,
    "total_trades": 252
}