{
    "cumulative_return": -0.4535406150854493,
    "annualized_return": -0.48721843488271255,
    "sharpe_ratio": -2.6372797041848846,
    "max_drawdown": -0.4879561342516244,
    "win_rate": 0.4298245614035088,
    "total_trades": 228
}