{
    "cumulative_return": -0.27886935008920233,
    "annualized_return": -0.3032643141558169,
    "sharpe_ratio": -1.1466444549882653,
    "max_drawdown": -0.35361619468724254,
    "win_rate": 0.4692982456140351,
    "total_trades": 228
}