{
    "cumulative_return": -0.010797535288719518,
    "annualized_return": -0.01407500991922872,
    "sharpe_ratio": 0.0008381758112165817,
    "max_drawdown": -0.1762461355959156,
    "win_rate": 0.5647668393782384,
    "total_trades": 193
}