{
    "cumulative_return": -0.01775378182447218,
    "annualized_return": -0.023117937642825992,
    "sharpe_ratio": -0.05412657890610054,
    "max_drawdown": -0.13617203822155624,
    "win_rate": 0.5284974093264249,
    "total_trades": 193
}