{
    "cumulative_return": -0.3946578683423183,
    "annualized_return": -0.4258126394434192,
    "sharpe_ratio": -2.7026702394438944,
    "max_drawdown": -0.42059744890824563,
    "win_rate": 0.40789473684210525,
    "total_trades": 228
}