{
    "cumulative_return": -0.1397510309488702,
    "annualized_return": -0.15452056875841802,
    "sharpe_ratio": -0.7685451846191343,
    "max_drawdown": -0.17833129522238408,
    "win_rate": 0.4247787610619469,
    "total_trades": 226
}