{
    "cumulative_return": -0.19050042852736482,
    "annualized_return": -0.20830989830058888,
    "sharpe_ratio": -1.074409195265818,
    "max_drawdown": -0.2644863966883154,
    "win_rate": 0.4342105263157895,
    "total_trades": 228
}