{
    "cumulative_return": -0.6511862183674801,
    "annualized_return": -0.7056809212035324,
    "sharpe_ratio": -8.188385745488302,
    "max_drawdown": -0.6580246769664031,
    "win_rate": 0.2672811059907834,
    "total_trades": 217,
    "accuracy": 0.4470046082949309,
    "precision": 0.5060240963855421,
    "recall": 0.34710743801652894,
    "f1_score": 0.4117647058823529
}