{
    "cumulative_return": -0.585404436633123,
    "annualized_return": -0.6253423835164774,
    "sharpe_ratio": -4.682373724783178,
    "max_drawdown": -0.5920441813176356,
    "win_rate": 0.37168141592920356,
    "total_trades": 226
}