{
    "cumulative_return": 0.4276515097691138,
    "annualized_return": 0.4821707245239739,
    "sharpe_ratio": 1.8712477232231945,
    "max_drawdown": -0.153549128383903,
    "win_rate": 0.543859649122807,
    "total_trades": 228
}