{
    "cumulative_return": -0.3394436427760722,
    "annualized_return": -0.3394436427760722,
    "sharpe_ratio": -1.567818674526226,
    "max_drawdown": -0.34069578811998996,
    "win_rate": 0.46825396825396826,
    "total_trades": 252,
    "accuracy": 0.5674603174603174,
    "precision": 0.5416666666666666,
    "recall": 0.7398373983739838,
    "f1_score": 0.6254295532646048
}