{
    "cumulative_return": -0.007646972036956079,
    "annualized_return": -0.008598722731668063,
    "sharpe_ratio": 0.06737583951536376,
    "max_drawdown": -0.20747727245592393,
    "win_rate": 0.5,
    "total_trades": 224
}