{
    "cumulative_return": -0.1659781975666349,
    "annualized_return": -0.18176078738011892,
    "sharpe_ratio": -0.9009531597360956,
    "max_drawdown": -0.20884231185367297,
    "win_rate": 0.4605263157894737,
    "total_trades": 228
}