{
    "cumulative_return": -0.2457025564434706,
    "annualized_return": -0.2677617912437571,
    "sharpe_ratio": -0.9686856670669431,
    "max_drawdown": -0.3545108474310321,
    "win_rate": 0.4780701754385965,
    "total_trades": 228
}