{
    "cumulative_return": -0.4051327499749431,
    "annualized_return": -0.43963837595998845,
    "sharpe_ratio": -2.8437736404623686,
    "max_drawdown": -0.40750526137105153,
    "win_rate": 0.415929203539823,
    "total_trades": 226
}