{
    "cumulative_return": 0.4946505232195235,
    "annualized_return": 0.571654628278019,
    "sharpe_ratio": 2.231248140311579,
    "max_drawdown": -0.09628581435074252,
    "win_rate": 0.5357142857142857,
    "total_trades": 224
}