{
    "cumulative_return": -0.3283500076201391,
    "annualized_return": -0.40852365577851957,
    "sharpe_ratio": -3.104170398895758,
    "max_drawdown": -0.41325209459823425,
    "win_rate": 0.3298429319371728,
    "total_trades": 191
}