{
    "cumulative_return": -0.37350686153570556,
    "annualized_return": -0.40359800264352885,
    "sharpe_ratio": -2.1968277606508737,
    "max_drawdown": -0.380166738111481,
    "win_rate": 0.40350877192982454,
    "total_trades": 228
}