{
    "cumulative_return": -0.26912562045462596,
    "annualized_return": -0.295017026168809,
    "sharpe_ratio": -1.5378148040348651,
    "max_drawdown": -0.2907305324302779,
    "win_rate": 0.42920353982300885,
    "total_trades": 226
}