{
    "cumulative_return": -0.25997745172770315,
    "annualized_return": -0.28306255535268965,
    "sharpe_ratio": -1.5770312985116468,
    "max_drawdown": -0.30591604071215794,
    "win_rate": 0.45614035087719296,
    "total_trades": 228
}