{
    "cumulative_return": -0.4686923370769811,
    "annualized_return": -0.4686923370769811,
    "sharpe_ratio": -2.4722010871438784,
    "max_drawdown": -0.516941855826355,
    "win_rate": 0.4523809523809524,
    "total_trades": 252,
    "accuracy": 0.5238095238095238,
    "precision": 0.6,
    "recall": 0.07317073170731707,
    "f1_score": 0.13043478260869565
}