{
    "cumulative_return": -0.7194398810959488,
    "annualized_return": -0.7576045317993648,
    "sharpe_ratio": -8.077108753927378,
    "max_drawdown": -0.7194398810959488,
    "win_rate": 0.27876106194690264,
    "total_trades": 226
}