{
    "cumulative_return": -0.22052636950641358,
    "annualized_return": -0.24255028891850705,
    "sharpe_ratio": -1.0169859680948306,
    "max_drawdown": -0.3131655378529028,
    "win_rate": 0.4646017699115044,
    "total_trades": 226
}