{
    "cumulative_return": -0.21521812655814798,
    "annualized_return": -0.23679635299691526,
    "sharpe_ratio": -0.8107646311318861,
    "max_drawdown": -0.3460542708088221,
    "win_rate": 0.5,
    "total_trades": 226
}