{
    "cumulative_return": -0.04094790238478663,
    "annualized_return": -0.041268631573004644,
    "sharpe_ratio": -0.09261736596438436,
    "max_drawdown": -0.17327526316870823,
    "win_rate": 0.488,
    "total_trades": 250,
    "accuracy": 0.508,
    "precision": 0.5,
    "recall": 0.024390243902439025,
    "f1_score": 0.046511627906976744
}