{
    "cumulative_return": -0.4657173963178274,
    "annualized_return": -0.5028898197668356,
    "sharpe_ratio": -3.0511672104680776,
    "max_drawdown": -0.4837973263693186,
    "win_rate": 0.3805309734513274,
    "total_trades": 226
}