{
    "cumulative_return": 0.17055233551322502,
    "annualized_return": 0.17055233551322502,
    "sharpe_ratio": 0.8575869507413527,
    "max_drawdown": -0.1571731260198535,
    "win_rate": 0.5079365079365079,
    "total_trades": 252,
    "accuracy": 0.49206349206349204,
    "precision": 0.5604395604395604,
    "recall": 0.3669064748201439,
    "f1_score": 0.4434782608695652
}