{
    "cumulative_return": 1.013710627883555,
    "annualized_return": 1.1676878977037046,
    "sharpe_ratio": 3.3509382616771894,
    "max_drawdown": -0.13240382362036504,
    "win_rate": 0.5833333333333334,
    "total_trades": 228
}