{
    "cumulative_return": -0.5238321236729102,
    "annualized_return": -0.5627918534521072,
    "sharpe_ratio": -4.179606825412469,
    "max_drawdown": -0.5238321236729102,
    "win_rate": 0.3938053097345133,
    "total_trades": 226
}