{
    "cumulative_return": -0.673579544236196,
    "annualized_return": -0.7130275207593546,
    "sharpe_ratio": -5.254966740800133,
    "max_drawdown": -0.683955188539242,
    "win_rate": 0.37168141592920356,
    "total_trades": 226
}