{
    "cumulative_return": -0.04555709490273574,
    "annualized_return": -0.05966486885036204,
    "sharpe_ratio": -0.281495411830351,
    "max_drawdown": -0.2145211627125263,
    "win_rate": 0.5130890052356021,
    "total_trades": 191
}