{
    "cumulative_return": -0.42041840038964484,
    "annualized_return": -0.45566998152553373,
    "sharpe_ratio": -2.627548777696201,
    "max_drawdown": -0.44287974763962246,
    "win_rate": 0.41150442477876104,
    "total_trades": 226
}