{
    "cumulative_return": -0.6344069145552811,
    "annualized_return": -0.6743707538818374,
    "sharpe_ratio": -3.921595243866043,
    "max_drawdown": -0.6632072974617665,
    "win_rate": 0.415929203539823,
    "total_trades": 226
}