{
    "cumulative_return": -0.36820636756123915,
    "annualized_return": -0.36820636756123915,
    "sharpe_ratio": -2.106753311662036,
    "max_drawdown": -0.3954974025264203,
    "win_rate": 0.42063492063492064,
    "total_trades": 252,
    "accuracy": 0.44047619047619047,
    "precision": 0.49074074074074076,
    "recall": 0.381294964028777,
    "f1_score": 0.4291497975708502
}