{
    "cumulative_return": 0.17982881744479062,
    "annualized_return": 0.21172120836712427,
    "sharpe_ratio": 1.243795750351589,
    "max_drawdown": -0.14387439706625674,
    "win_rate": 0.5714285714285714,
    "total_trades": 217,
    "accuracy": 0.5299539170506913,
    "precision": 0.5519125683060109,
    "recall": 0.8347107438016529,
    "f1_score": 0.6644736842105263
}