{
    "cumulative_return": -0.5092512620815612,
    "annualized_return": -0.5092512620815612,
    "sharpe_ratio": -2.5038644741712264,
    "max_drawdown": -0.6100998745187882,
    "win_rate": 0.40476190476190477,
    "total_trades": 252,
    "accuracy": 0.4642857142857143,
    "precision": 0.4726027397260274,
    "recall": 0.5433070866141733,
    "f1_score": 0.5054945054945055
}