{
    "cumulative_return": -0.14496226424561598,
    "annualized_return": -0.14496226424561598,
    "sharpe_ratio": -0.5130122149127744,
    "max_drawdown": -0.36894817904102334,
    "win_rate": 0.4722222222222222,
    "total_trades": 252,
    "accuracy": 0.4880952380952381,
    "precision": 0.42105263157894735,
    "recall": 0.13008130081300814,
    "f1_score": 0.19875776397515527
}