{
    "cumulative_return": -0.4522912048679194,
    "annualized_return": -0.5029726194395339,
    "sharpe_ratio": -4.270291489576123,
    "max_drawdown": -0.4531982844253453,
    "win_rate": 0.3686635944700461,
    "total_trades": 217
}