{
    "cumulative_return": -0.16251986349011882,
    "annualized_return": -0.16251986349011882,
    "sharpe_ratio": -0.7436799778524759,
    "max_drawdown": -0.20402575292576822,
    "win_rate": 0.45634920634920634,
    "total_trades": 252,
    "accuracy": 0.4365079365079365,
    "precision": 0.42857142857142855,
    "recall": 0.06474820143884892,
    "f1_score": 0.1125
}