{
    "cumulative_return": -0.02215724104666572,
    "annualized_return": -0.02215724104666572,
    "sharpe_ratio": 0.03195060753209216,
    "max_drawdown": -0.2830423570560518,
    "win_rate": 0.49206349206349204,
    "total_trades": 252
}