{
    "cumulative_return": -0.5092512620815612,
    "annualized_return": -0.5092512620815612,
    "sharpe_ratio": -2.5038644741712264,
    "max_drawdown": -0.6100998745187882,
    "win_rate": 0.40476190476190477,
    "total_trades": 252
}