{
    "cumulative_return": -0.14495509878332602,
    "annualized_return": -0.14495509878332602,
    "sharpe_ratio": -0.5874610159132151,
    "max_drawdown": -0.18732183316359668,
    "win_rate": 0.4444444444444444,
    "total_trades": 252
}