{
    "cumulative_return": -0.05485089132036802,
    "annualized_return": -0.05527734145927876,
    "sharpe_ratio": -0.1619952993411328,
    "max_drawdown": -0.17327526316870823,
    "win_rate": 0.484,
    "total_trades": 250
}