{
    "cumulative_return": -0.16251986349011882,
    "annualized_return": -0.16251986349011882,
    "sharpe_ratio": -0.7436799778524759,
    "max_drawdown": -0.20402575292576822,
    "win_rate": 0.45634920634920634,
    "total_trades": 252
}