{
    "cumulative_return": -0.02215724104666572,
    "annualized_return": -0.02215724104666572,
    "sharpe_ratio": 0.03195060753209216,
    "max_drawdown": -0.2830423570560518,
    "win_rate": 0.49206349206349204,
    "total_trades": 252,
    "accuracy": 0.4880952380952381,
    "precision": 0.4880952380952381,
    "recall": 1.0,
    "f1_score": 0.656
}