{
    "cumulative_return": -0.5183176412687881,
    "annualized_return": -0.5183176412687881,
    "sharpe_ratio": -2.5748687829411625,
    "max_drawdown": -0.6173031174608974,
    "win_rate": 0.4007936507936508,
    "total_trades": 252
}