{
    "cumulative_return": -0.36820636756123915,
    "annualized_return": -0.36820636756123915,
    "sharpe_ratio": -2.106753311662036,
    "max_drawdown": -0.3954974025264203,
    "win_rate": 0.42063492063492064,
    "total_trades": 252
}