{
    "cumulative_return": -0.3637853161159893,
    "annualized_return": -0.3637853161159893,
    "sharpe_ratio": -1.1511596321617223,
    "max_drawdown": -0.4080399697304078,
    "win_rate": 0.4603174603174603,
    "total_trades": 252
}