{
    "cumulative_return": -0.49565165259546673,
    "annualized_return": -0.49565165259546673,
    "sharpe_ratio": -1.4833030959617501,
    "max_drawdown": -0.5653473521693074,
    "win_rate": 0.46825396825396826,
    "total_trades": 252,
    "accuracy": 0.47619047619047616,
    "precision": 0.4847161572052402,
    "recall": 0.888,
    "f1_score": 0.6271186440677966
}