{
    "cumulative_return": -0.4544088088757512,
    "annualized_return": -0.5052035218688845,
    "sharpe_ratio": -3.375293560370996,
    "max_drawdown": -0.4742455913823352,
    "win_rate": 0.37327188940092165,
    "total_trades": 217,
    "accuracy": 0.511520737327189,
    "precision": 0.5495495495495496,
    "recall": 0.5213675213675214,
    "f1_score": 0.5350877192982456
}