{
    "cumulative_return": 0.4603895536728082,
    "annualized_return": 0.4603895536728082,
    "sharpe_ratio": 1.7292076209807776,
    "max_drawdown": -0.15151899537007682,
    "win_rate": 0.5396825396825397,
    "total_trades": 252
}