{
    "cumulative_return": -0.7275385779372827,
    "annualized_return": -0.7275385779372827,
    "sharpe_ratio": -3.2443632837886565,
    "max_drawdown": -0.7226254654058093,
    "win_rate": 0.4166666666666667,
    "total_trades": 252
}