{
    "cumulative_return": -0.15051023717249878,
    "annualized_return": -0.15051023717249878,
    "sharpe_ratio": -0.5720456329318842,
    "max_drawdown": -0.2660442959190741,
    "win_rate": 0.4642857142857143,
    "total_trades": 252,
    "accuracy": 0.5119047619047619,
    "precision": 0.5729166666666666,
    "recall": 0.40145985401459855,
    "f1_score": 0.4721030042918455
}