{
    "cumulative_return": 0.10719760567666636,
    "annualized_return": 0.10809995962392116,
    "sharpe_ratio": 0.4620218257697151,
    "max_drawdown": -0.20159670095153281,
    "win_rate": 0.476,
    "total_trades": 250,
    "accuracy": 0.488,
    "precision": 0.4666666666666667,
    "recall": 0.7241379310344828,
    "f1_score": 0.5675675675675675
}