{
    "cumulative_return": 0.28544680395668376,
    "annualized_return": 0.28544680395668376,
    "sharpe_ratio": 0.9030029713401723,
    "max_drawdown": -0.21337606323662386,
    "win_rate": 0.4880952380952381,
    "total_trades": 252
}