{
    "cumulative_return": -0.3637853161159893,
    "annualized_return": -0.3637853161159893,
    "sharpe_ratio": -1.1511596321617223,
    "max_drawdown": -0.4080399697304078,
    "win_rate": 0.4603174603174603,
    "total_trades": 252,
    "accuracy": 0.4642857142857143,
    "precision": 0.46,
    "recall": 1.0,
    "f1_score": 0.6301369863013698
}