{
    "cumulative_return": -0.284821372646913,
    "annualized_return": -0.32246302698120854,
    "sharpe_ratio": -1.7933075991555425,
    "max_drawdown": -0.4126847178246628,
    "win_rate": 0.46543778801843316,
    "total_trades": 217
}