{
    "cumulative_return": -0.6497743456192924,
    "annualized_return": -0.6497743456192924,
    "sharpe_ratio": -3.2383036781928736,
    "max_drawdown": -0.6567290067114671,
    "win_rate": 0.4246031746031746,
    "total_trades": 252,
    "accuracy": 0.49603174603174605,
    "precision": 0.5348837209302325,
    "recall": 0.6618705035971223,
    "f1_score": 0.5916398713826366
}