{
    "cumulative_return": -0.284821372646913,
    "annualized_return": -0.32246302698120854,
    "sharpe_ratio": -1.7933075991555425,
    "max_drawdown": -0.4126847178246628,
    "win_rate": 0.46543778801843316,
    "total_trades": 217,
    "accuracy": 0.5714285714285714,
    "precision": 0.6428571428571429,
    "recall": 0.46153846153846156,
    "f1_score": 0.5373134328358209
}