{
    "cumulative_return": -0.15051023717249878,
    "annualized_return": -0.15051023717249878,
    "sharpe_ratio": -0.5720456329318842,
    "max_drawdown": -0.2660442959190741,
    "win_rate": 0.4642857142857143,
    "total_trades": 252
}