{
    "cumulative_return": -0.6058887554280421,
    "annualized_return": -0.6058887554280421,
    "sharpe_ratio": -2.2445671969808867,
    "max_drawdown": -0.597135918019606,
    "win_rate": 0.4087301587301587,
    "total_trades": 252
}