{
    "cumulative_return": -0.3042070013980941,
    "annualized_return": -0.3042070013980941,
    "sharpe_ratio": -0.9967892377837567,
    "max_drawdown": -0.49854899119815366,
    "win_rate": 0.44047619047619047,
    "total_trades": 252
}