{
    "cumulative_return": -0.6497743456192924,
    "annualized_return": -0.6497743456192924,
    "sharpe_ratio": -3.2383036781928736,
    "max_drawdown": -0.6567290067114671,
    "win_rate": 0.4246031746031746,
    "total_trades": 252
}