{
    "cumulative_return": -0.47101286544005394,
    "annualized_return": -0.4737008475746862,
    "sharpe_ratio": -1.6153385785554442,
    "max_drawdown": -0.4803371567780746,
    "win_rate": 0.468,
    "total_trades": 250
}