{
    "cumulative_return": 0.02287959373829529,
    "annualized_return": 0.02554511078298316,
    "sharpe_ratio": 0.2263534789747338,
    "max_drawdown": -0.2786383737328427,
    "win_rate": 0.504424778761062,
    "total_trades": 226
}