{
    "cumulative_return": -0.5339959743949947,
    "annualized_return": -0.5764171413827127,
    "sharpe_ratio": -3.381187372106115,
    "max_drawdown": -0.5368202412168431,
    "win_rate": 0.38839285714285715,
    "total_trades": 224
}