{
    "cumulative_return": -0.49778319333381627,
    "annualized_return": -0.49778319333381627,
    "sharpe_ratio": -2.561364209500264,
    "max_drawdown": -0.5107976512813771,
    "win_rate": 0.4603174603174603,
    "total_trades": 252,
    "accuracy": 0.5317460317460317,
    "precision": 0.5384615384615384,
    "recall": 0.49606299212598426,
    "f1_score": 0.5163934426229508
}