{
    "cumulative_return": -0.4925358479934342,
    "annualized_return": -0.5306314885526384,
    "sharpe_ratio": -3.513992834989789,
    "max_drawdown": -0.5019603828519639,
    "win_rate": 0.4424778761061947,
    "total_trades": 226
}