{
    "cumulative_return": -0.265638147415859,
    "annualized_return": -0.2912650690169093,
    "sharpe_ratio": -1.5798221562864276,
    "max_drawdown": -0.3456061878139009,
    "win_rate": 0.4646017699115044,
    "total_trades": 226
}