{
    "cumulative_return": -0.5534554833249192,
    "annualized_return": -0.5930100214113365,
    "sharpe_ratio": -3.5593661800621947,
    "max_drawdown": -0.5734745553695445,
    "win_rate": 0.4247787610619469,
    "total_trades": 226
}