{
    "cumulative_return": -0.3721199809153469,
    "annualized_return": -0.458841874986171,
    "sharpe_ratio": -3.6660982245606393,
    "max_drawdown": -0.3721199809153469,
    "win_rate": 0.36649214659685864,
    "total_trades": 191
}