{
    "cumulative_return": -0.2997788233720071,
    "annualized_return": -0.3751039889825495,
    "sharpe_ratio": -2.7562109127250958,
    "max_drawdown": -0.2997788233720071,
    "win_rate": 0.39790575916230364,
    "total_trades": 191
}