{
    "cumulative_return": -0.5807744792562206,
    "annualized_return": -0.5836799811319824,
    "sharpe_ratio": -3.3887200115544593,
    "max_drawdown": -0.6275777681217303,
    "win_rate": 0.408,
    "total_trades": 250,
    "accuracy": 0.456,
    "precision": 0.47474747474747475,
    "recall": 0.746031746031746,
    "f1_score": 0.5802469135802469
}