{
    "cumulative_return": -0.685964404722144,
    "annualized_return": -0.7251414883062706,
    "sharpe_ratio": -5.322472704701889,
    "max_drawdown": -0.685964404722144,
    "win_rate": 0.37610619469026546,
    "total_trades": 226
}