{
    "cumulative_return": -0.25967097613036794,
    "annualized_return": -0.25967097613036794,
    "sharpe_ratio": -1.2568319698765744,
    "max_drawdown": -0.2557762900487116,
    "win_rate": 0.4087301587301587,
    "total_trades": 252,
    "accuracy": 0.5119047619047619,
    "precision": 0.483695652173913,
    "recall": 0.7606837606837606,
    "f1_score": 0.5913621262458472
}