{
    "cumulative_return": -0.6679465961686774,
    "annualized_return": -0.6708623227385746,
    "sharpe_ratio": -4.397019443947422,
    "max_drawdown": -0.6853100150765206,
    "win_rate": 0.356,
    "total_trades": 250,
    "accuracy": 0.46,
    "precision": 0.45054945054945056,
    "recall": 0.3253968253968254,
    "f1_score": 0.3778801843317972
}