{
    "cumulative_return": -0.40536102214341596,
    "annualized_return": -0.4531822204508542,
    "sharpe_ratio": -3.239234938916411,
    "max_drawdown": -0.3829796445402193,
    "win_rate": 0.3870967741935484,
    "total_trades": 217,
    "accuracy": 0.5391705069124424,
    "precision": 0.5378787878787878,
    "recall": 0.6454545454545455,
    "f1_score": 0.5867768595041323
}