{
    "cumulative_return": -0.30219379859296724,
    "annualized_return": -0.33048946504539156,
    "sharpe_ratio": -1.7810347997828806,
    "max_drawdown": -0.30219379859296724,
    "win_rate": 0.42920353982300885,
    "total_trades": 226
}