{
    "cumulative_return": -0.4053078386559157,
    "annualized_return": -0.43982227994688405,
    "sharpe_ratio": -2.3459853804277344,
    "max_drawdown": -0.42985943359989837,
    "win_rate": 0.46017699115044247,
    "total_trades": 226
}