{
    "cumulative_return": 3.692317168708973,
    "annualized_return": 4.605658200703109,
    "sharpe_ratio": 4.928064310542399,
    "max_drawdown": -0.16223797186476258,
    "win_rate": 0.6238938053097345,
    "total_trades": 226
}