{
    "cumulative_return": 0.08033138945074292,
    "annualized_return": 0.08997750263345616,
    "sharpe_ratio": 0.41777358255444735,
    "max_drawdown": -0.39832112207318976,
    "win_rate": 0.5176991150442478,
    "total_trades": 226
}