{
    "cumulative_return": -0.33916771614461294,
    "annualized_return": -0.37251599763318843,
    "sharpe_ratio": -1.7472582226640332,
    "max_drawdown": -0.3897796715927179,
    "win_rate": 0.42857142857142855,
    "total_trades": 224
}