{
    "cumulative_return": -0.6522335871634279,
    "annualized_return": -0.6522335871634279,
    "sharpe_ratio": -5.219730016961161,
    "max_drawdown": -0.654415305945265,
    "win_rate": 0.3531746031746032,
    "total_trades": 252,
    "accuracy": 0.4880952380952381,
    "precision": 0.5,
    "recall": 0.34108527131782945,
    "f1_score": 0.4055299539170507
}