{
    "cumulative_return": -0.7364836125472163,
    "annualized_return": -0.7739654239495666,
    "sharpe_ratio": -6.660756007401023,
    "max_drawdown": -0.7366327727665292,
    "win_rate": 0.3407079646017699,
    "total_trades": 226
}