{
    "cumulative_return": -0.7041424531787699,
    "annualized_return": -0.7041424531787699,
    "sharpe_ratio": -5.754407011409062,
    "max_drawdown": -0.7014478987572388,
    "win_rate": 0.373015873015873,
    "total_trades": 252,
    "accuracy": 0.5238095238095238,
    "precision": 0.4835164835164835,
    "recall": 0.37606837606837606,
    "f1_score": 0.4230769230769231
}