{
    "cumulative_return": -0.26731923457964457,
    "annualized_return": -0.26731923457964457,
    "sharpe_ratio": -1.3927266359358697,
    "max_drawdown": -0.4053252957228142,
    "win_rate": 0.42857142857142855,
    "total_trades": 252,
    "accuracy": 0.5,
    "precision": 0.5121951219512195,
    "recall": 0.4883720930232558,
    "f1_score": 0.5
}