{
    "cumulative_return": 2.5200263455473815,
    "annualized_return": 2.5200263455473815,
    "sharpe_ratio": 5.880941143558561,
    "max_drawdown": -0.10265320265320262,
    "win_rate": 0.6825396825396826,
    "total_trades": 252
}