{
    "cumulative_return": -0.12172685015267737,
    "annualized_return": -0.1309737831139589,
    "sharpe_ratio": -0.42480089250841657,
    "max_drawdown": -0.2354913726797605,
    "win_rate": 0.51931330472103,
    "total_trades": 233
}