{
    "cumulative_return": -0.338763563748232,
    "annualized_return": -0.40930516940288286,
    "sharpe_ratio": -2.7683151622887983,
    "max_drawdown": -0.34487599186080187,
    "win_rate": 0.4444444444444444,
    "total_trades": 198
}