{
    "cumulative_return": -0.3898558611123527,
    "annualized_return": -0.4139488553069586,
    "sharpe_ratio": -2.5833548078854913,
    "max_drawdown": -0.4309622924851747,
    "win_rate": 0.44635193133047213,
    "total_trades": 233
}