{
    "cumulative_return": 0.1284845003354862,
    "annualized_return": 0.13966275487460478,
    "sharpe_ratio": 0.7307810469716676,
    "max_drawdown": -0.1891336405529953,
    "win_rate": 0.51931330472103,
    "total_trades": 233
}