{
    "cumulative_return": 0.8161748689718547,
    "annualized_return": 0.9067365435892851,
    "sharpe_ratio": 2.7617874456066502,
    "max_drawdown": -0.16378585905188742,
    "win_rate": 0.5793991416309013,
    "total_trades": 233
}