{
    "cumulative_return": -0.22548516951220599,
    "annualized_return": -0.24145620355417896,
    "sharpe_ratio": -1.2736697512836206,
    "max_drawdown": -0.3046079224803854,
    "win_rate": 0.47639484978540775,
    "total_trades": 233
}