{
    "cumulative_return": -0.3369155110688775,
    "annualized_return": -0.4072032238434039,
    "sharpe_ratio": -2.7486009441262826,
    "max_drawdown": -0.3382720514792611,
    "win_rate": 0.4292929292929293,
    "total_trades": 198
}