{
    "cumulative_return": 0.12213179785420802,
    "annualized_return": 0.13272555787307616,
    "sharpe_ratio": 0.6258058045249097,
    "max_drawdown": -0.30626370889938376,
    "win_rate": 0.5107296137339056,
    "total_trades": 233
}