{
    "cumulative_return": 0.2278245134049257,
    "annualized_return": 0.2485470851359164,
    "sharpe_ratio": 1.1697846462941333,
    "max_drawdown": -0.1891336405529953,
    "win_rate": 0.5278969957081545,
    "total_trades": 233
}