{
    "cumulative_return": 0.539368311403227,
    "annualized_return": 0.7315536922530554,
    "sharpe_ratio": 3.0919263688371146,
    "max_drawdown": -0.08228312737061054,
    "win_rate": 0.5707070707070707,
    "total_trades": 198
}