{
    "cumulative_return": 0.19353354044413962,
    "annualized_return": 0.2108772302699624,
    "sharpe_ratio": 0.85601408116317,
    "max_drawdown": -0.1389736477115116,
    "win_rate": 0.51931330472103,
    "total_trades": 233
}