{
    "cumulative_return": -0.58326277454458,
    "annualized_return": -0.58326277454458,
    "sharpe_ratio": -3.363985342240374,
    "max_drawdown": -0.6147571298182424,
    "win_rate": 0.4087301587301587,
    "total_trades": 252,
    "accuracy": 0.5595238095238095,
    "precision": 0.5416666666666666,
    "recall": 0.4369747899159664,
    "f1_score": 0.48372093023255813
}