{
    "cumulative_return": -0.6607324678807246,
    "annualized_return": -0.6607324678807246,
    "sharpe_ratio": -5.142695580612911,
    "max_drawdown": -0.6503557476388537,
    "win_rate": 0.35714285714285715,
    "total_trades": 252
}