{
    "cumulative_return": -0.6607324678807246,
    "annualized_return": -0.6607324678807246,
    "sharpe_ratio": -5.142695580612911,
    "max_drawdown": -0.6503557476388537,
    "win_rate": 0.35714285714285715,
    "total_trades": 252,
    "accuracy": 0.5,
    "precision": 0.5,
    "recall": 0.36507936507936506,
    "f1_score": 0.42201834862385323
}