{
    "cumulative_return": -0.4293941618724433,
    "annualized_return": -0.4293941618724433,
    "sharpe_ratio": -1.5877735688709218,
    "max_drawdown": -0.5383426815942826,
    "win_rate": 0.5119047619047619,
    "total_trades": 252,
    "accuracy": 0.49603174603174605,
    "precision": 0.5481481481481482,
    "recall": 0.5285714285714286,
    "f1_score": 0.5381818181818182
}