{
    "cumulative_return": -0.3321202172432163,
    "annualized_return": -0.3321202172432163,
    "sharpe_ratio": -0.4040962027638986,
    "max_drawdown": -0.5356871830243436,
    "win_rate": 0.503968253968254,
    "total_trades": 252
}