{
    "cumulative_return": -0.4293941618724433,
    "annualized_return": -0.4293941618724433,
    "sharpe_ratio": -1.5877735688709218,
    "max_drawdown": -0.5383426815942826,
    "win_rate": 0.5119047619047619,
    "total_trades": 252
}