{
    "cumulative_return": -0.6752400640138629,
    "annualized_return": -0.6752400640138629,
    "sharpe_ratio": -5.378200617213502,
    "max_drawdown": -0.6682577423632541,
    "win_rate": 0.35714285714285715,
    "total_trades": 252
}