{
    "cumulative_return": -0.6004214127288205,
    "annualized_return": -0.6033430896499602,
    "sharpe_ratio": -2.1676691713944476,
    "max_drawdown": -0.5827620987651114,
    "win_rate": 0.448,
    "total_trades": 250
}