{
    "cumulative_return": 0.6931342627205836,
    "annualized_return": 0.6931342627205836,
    "sharpe_ratio": 2.3767923876309376,
    "max_drawdown": -0.12155278692780158,
    "win_rate": 0.5198412698412699,
    "total_trades": 252,
    "accuracy": 0.4603174603174603,
    "precision": 0.4777777777777778,
    "recall": 0.32575757575757575,
    "f1_score": 0.38738738738738737
}