{
    "cumulative_return": -0.5833706638207775,
    "annualized_return": -0.586278733494087,
    "sharpe_ratio": -2.0579400556138197,
    "max_drawdown": -0.5649577946419608,
    "win_rate": 0.452,
    "total_trades": 250,
    "accuracy": 0.456,
    "precision": 0.0,
    "recall": 0.0,
    "f1_score": 0.0
}