{
    "cumulative_return": -0.6752400640138629,
    "annualized_return": -0.6752400640138629,
    "sharpe_ratio": -5.378200617213502,
    "max_drawdown": -0.6682577423632541,
    "win_rate": 0.35714285714285715,
    "total_trades": 252,
    "accuracy": 0.5277777777777778,
    "precision": 0.5376344086021505,
    "recall": 0.3968253968253968,
    "f1_score": 0.45662100456621
}