{
    "cumulative_return": 0.14803574491737193,
    "annualized_return": 0.14803574491737193,
    "sharpe_ratio": 0.704003170248334,
    "max_drawdown": -0.1378422578174328,
    "win_rate": 0.5119047619047619,
    "total_trades": 252,
    "accuracy": 0.5277777777777778,
    "precision": 0.5265306122448979,
    "recall": 0.9772727272727273,
    "f1_score": 0.6843501326259946
}