{
    "cumulative_return": -0.58326277454458,
    "annualized_return": -0.58326277454458,
    "sharpe_ratio": -3.363985342240374,
    "max_drawdown": -0.6147571298182424,
    "win_rate": 0.4087301587301587,
    "total_trades": 252
}