{
    "cumulative_return": 0.6931342627205836,
    "annualized_return": 0.6931342627205836,
    "sharpe_ratio": 2.3767923876309376,
    "max_drawdown": -0.12155278692780158,
    "win_rate": 0.5198412698412699,
    "total_trades": 252
}