{
    "cumulative_return": -0.5777986845443004,
    "annualized_return": -0.5777986845443004,
    "sharpe_ratio": -3.3099221508068215,
    "max_drawdown": -0.590237813167298,
    "win_rate": 0.4126984126984127,
    "total_trades": 252,
    "accuracy": 0.48412698412698413,
    "precision": 0.452991452991453,
    "recall": 0.44537815126050423,
    "f1_score": 0.4491525423728814
}