{
    "cumulative_return": -0.5663370028837013,
    "annualized_return": -0.6210092981006161,
    "sharpe_ratio": -4.5008157055504325,
    "max_drawdown": -0.588982024597062,
    "win_rate": 0.4377880184331797,
    "total_trades": 217
}