{
    "cumulative_return": -0.3622888464624836,
    "annualized_return": -0.391783609609738,
    "sharpe_ratio": -2.512583103430986,
    "max_drawdown": -0.3676256822431591,
    "win_rate": 0.3815789473684211,
    "total_trades": 228
}