{
    "cumulative_return": -0.4229679965544435,
    "annualized_return": -0.5122482524119981,
    "sharpe_ratio": -3.2414101186442017,
    "max_drawdown": -0.42393373483098035,
    "win_rate": 0.35233160621761656,
    "total_trades": 193
}