{
    "cumulative_return": -0.32129409665425257,
    "annualized_return": -0.3484257644500415,
    "sharpe_ratio": -2.148256554916071,
    "max_drawdown": -0.35855258766834913,
    "win_rate": 0.3815789473684211,
    "total_trades": 228
}