{
    "cumulative_return": -0.23093240773386858,
    "annualized_return": -0.23093240773386858,
    "sharpe_ratio": -1.35701483848678,
    "max_drawdown": -0.24476600030728163,
    "win_rate": 0.44047619047619047,
    "total_trades": 252
}