{
    "cumulative_return": -0.4435721720086925,
    "annualized_return": -0.4435721720086925,
    "sharpe_ratio": -2.811721734599592,
    "max_drawdown": -0.44516716417644714,
    "win_rate": 0.376984126984127,
    "total_trades": 252
}