{
    "cumulative_return": -0.31736208778727304,
    "annualized_return": -0.3581302316012531,
    "sharpe_ratio": -1.9910262374323082,
    "max_drawdown": -0.3239211333552753,
    "win_rate": 0.41935483870967744,
    "total_trades": 217,
    "accuracy": 0.4976958525345622,
    "precision": 0.5,
    "recall": 0.08256880733944955,
    "f1_score": 0.14173228346456693
}