{
    "cumulative_return": -0.4320995834174224,
    "annualized_return": -0.46788853568010613,
    "sharpe_ratio": -1.8010696711295664,
    "max_drawdown": -0.45707974652041333,
    "win_rate": 0.41150442477876104,
    "total_trades": 226
}