{
    "cumulative_return": -0.4668426397743921,
    "annualized_return": -0.4668426397743921,
    "sharpe_ratio": -2.480394700786595,
    "max_drawdown": -0.45966661899154154,
    "win_rate": 0.4126984126984127,
    "total_trades": 252,
    "accuracy": 0.5079365079365079,
    "precision": 0.5714285714285714,
    "recall": 0.032,
    "f1_score": 0.06060606060606061
}