{
    "cumulative_return": -0.5698679125784031,
    "annualized_return": -0.6064194624883068,
    "sharpe_ratio": -3.7608374158379583,
    "max_drawdown": -0.5712430151596741,
    "win_rate": 0.3684210526315789,
    "total_trades": 228
}