{
    "cumulative_return": -0.2993612959730697,
    "annualized_return": -0.30135255117105464,
    "sharpe_ratio": -0.9012726671582694,
    "max_drawdown": -0.42949520631559995,
    "win_rate": 0.44,
    "total_trades": 250
}