{
    "cumulative_return": -0.31977960131315786,
    "annualized_return": -0.36076924783354425,
    "sharpe_ratio": -2.010908590033159,
    "max_drawdown": -0.3251155183571505,
    "win_rate": 0.4147465437788018,
    "total_trades": 217
}