{
    "cumulative_return": 0.4941697135054961,
    "annualized_return": 0.5586830633313535,
    "sharpe_ratio": 2.4302741435382713,
    "max_drawdown": -0.07362660736781652,
    "win_rate": 0.5526315789473685,
    "total_trades": 228
}