{
    "cumulative_return": -0.27899223513263105,
    "annualized_return": -0.27899223513263105,
    "sharpe_ratio": -1.567639613222585,
    "max_drawdown": -0.3307249482102454,
    "win_rate": 0.4166666666666667,
    "total_trades": 252
}