{
    "cumulative_return": -0.2604097562785096,
    "annualized_return": -0.2604097562785096,
    "sharpe_ratio": -1.43652584506354,
    "max_drawdown": -0.32948750832346446,
    "win_rate": 0.43253968253968256,
    "total_trades": 252
}