{
    "cumulative_return": -0.7600115922328261,
    "annualized_return": -0.7600115922328261,
    "sharpe_ratio": -6.127760540439516,
    "max_drawdown": -0.7562650975452059,
    "win_rate": 0.32142857142857145,
    "total_trades": 252
}