{
    "cumulative_return": -0.31736208778727304,
    "annualized_return": -0.3581302316012531,
    "sharpe_ratio": -1.991026237432309,
    "max_drawdown": -0.3239211333552753,
    "win_rate": 0.41935483870967744,
    "total_trades": 217
}