{
    "cumulative_return": -0.2587055366285743,
    "annualized_return": -0.2587055366285743,
    "sharpe_ratio": -1.368659321298403,
    "max_drawdown": -0.31622840628514853,
    "win_rate": 0.3968253968253968,
    "total_trades": 252
}