{
    "cumulative_return": -0.23869429468241454,
    "annualized_return": -0.24035347213952574,
    "sharpe_ratio": -0.651997553190678,
    "max_drawdown": -0.4097132220059941,
    "win_rate": 0.428,
    "total_trades": 250
}