{
    "cumulative_return": -0.05921740700355216,
    "annualized_return": -0.0652431199195409,
    "sharpe_ratio": -0.29499697297086935,
    "max_drawdown": -0.2784422399676068,
    "win_rate": 0.4824561403508772,
    "total_trades": 228
}