{
    "cumulative_return": -0.1474956722583246,
    "annualized_return": -0.1474956722583246,
    "sharpe_ratio": -0.6795761807381209,
    "max_drawdown": -0.2571930240783368,
    "win_rate": 0.43253968253968256,
    "total_trades": 252,
    "accuracy": 0.5119047619047619,
    "precision": 0.47398843930635837,
    "recall": 0.7192982456140351,
    "f1_score": 0.5714285714285714
}