{
    "cumulative_return": -0.15139914774781182,
    "annualized_return": -0.1929356770028824,
    "sharpe_ratio": -0.8718624634637674,
    "max_drawdown": -0.22267188187353218,
    "win_rate": 0.44559585492227977,
    "total_trades": 193
}