{
    "cumulative_return": -0.23607924746794362,
    "annualized_return": -0.23607924746794362,
    "sharpe_ratio": -1.3943978024823505,
    "max_drawdown": -0.31288997918729916,
    "win_rate": 0.4246031746031746,
    "total_trades": 252
}