{
    "cumulative_return": -0.2702715856522597,
    "annualized_return": -0.2702715856522597,
    "sharpe_ratio": -1.5058117846237067,
    "max_drawdown": -0.3226300102400705,
    "win_rate": 0.4246031746031746,
    "total_trades": 252,
    "accuracy": 0.5634920634920635,
    "precision": 0.625,
    "recall": 0.31746031746031744,
    "f1_score": 0.42105263157894735
}