{
    "cumulative_return": -0.41928956376436133,
    "annualized_return": -0.41928956376436133,
    "sharpe_ratio": -2.1199745496368423,
    "max_drawdown": -0.42820764284756535,
    "win_rate": 0.4126984126984127,
    "total_trades": 252
}