{
    "cumulative_return": -0.27311724731137,
    "annualized_return": -0.29930884371356037,
    "sharpe_ratio": -0.9403856148897471,
    "max_drawdown": -0.3819172637027406,
    "win_rate": 0.41150442477876104,
    "total_trades": 226
}