{
    "cumulative_return": -0.3048751271074662,
    "annualized_return": -0.3309819066399565,
    "sharpe_ratio": -2.003340842736073,
    "max_drawdown": -0.37306139969762897,
    "win_rate": 0.40789473684210525,
    "total_trades": 228
}