{
    "cumulative_return": -0.23799038584586507,
    "annualized_return": -0.27067380238526273,
    "sharpe_ratio": -1.3804968838361653,
    "max_drawdown": -0.2807831805173759,
    "win_rate": 0.42857142857142855,
    "total_trades": 217,
    "accuracy": 0.47465437788018433,
    "precision": 0.4074074074074074,
    "recall": 0.10091743119266056,
    "f1_score": 0.16176470588235295
}