{
    "cumulative_return": -0.7148444005594587,
    "annualized_return": -0.7501254043057504,
    "sharpe_ratio": -5.866564734273566,
    "max_drawdown": -0.7182507337779314,
    "win_rate": 0.3201754385964912,
    "total_trades": 228
}