{
    "cumulative_return": -0.15189625193879275,
    "annualized_return": -0.16647755979266132,
    "sharpe_ratio": -0.9483506966296341,
    "max_drawdown": -0.17435315274918783,
    "win_rate": 0.43859649122807015,
    "total_trades": 228
}