{
    "cumulative_return": -0.578394558011009,
    "annualized_return": -0.6166492484367729,
    "sharpe_ratio": -1.73481916954646,
    "max_drawdown": -0.5899930681017694,
    "win_rate": 0.41409691629955947,
    "total_trades": 227
}