{
    "cumulative_return": -0.23093240773386858,
    "annualized_return": -0.23093240773386858,
    "sharpe_ratio": -1.3570148384867797,
    "max_drawdown": -0.24476600030728163,
    "win_rate": 0.44047619047619047,
    "total_trades": 252,
    "accuracy": 0.5158730158730159,
    "precision": 0.5625,
    "recall": 0.07258064516129033,
    "f1_score": 0.12857142857142856
}