{
    "cumulative_return": -0.7522712110509544,
    "annualized_return": -0.7536446244113392,
    "sharpe_ratio": -2.788372687966629,
    "max_drawdown": -0.7598374801768257,
    "win_rate": 0.40239043824701193,
    "total_trades": 251
}