{
    "cumulative_return": -0.3631309267456969,
    "annualized_return": -0.395345543898626,
    "sharpe_ratio": -2.0163264870555357,
    "max_drawdown": -0.3859783943378731,
    "win_rate": 0.415929203539823,
    "total_trades": 226
}