{
    "cumulative_return": -0.18687107115392532,
    "annualized_return": -0.20438583185901293,
    "sharpe_ratio": -0.7642972035877393,
    "max_drawdown": -0.2652556763334369,
    "win_rate": 0.5043859649122807,
    "total_trades": 228
}