{
    "cumulative_return": 0.30928705816412405,
    "annualized_return": 0.3505139178760115,
    "sharpe_ratio": 1.2605704012305183,
    "max_drawdown": -0.17519234440769565,
    "win_rate": 0.5,
    "total_trades": 226
}