{
    "cumulative_return": -0.49948166864915566,
    "annualized_return": -0.5377893088980561,
    "sharpe_ratio": -3.726967530124527,
    "max_drawdown": -0.532518421144125,
    "win_rate": 0.37168141592920356,
    "total_trades": 226
}