{
    "cumulative_return": -0.7097016683154876,
    "annualized_return": -0.7097016683154876,
    "sharpe_ratio": -4.410471930680589,
    "max_drawdown": -0.7120487656023934,
    "win_rate": 0.36904761904761907,
    "total_trades": 252,
    "accuracy": 0.5119047619047619,
    "precision": 0.5069444444444444,
    "recall": 0.584,
    "f1_score": 0.5427509293680297
}