{
    "cumulative_return": -0.2631836465234062,
    "annualized_return": -0.33165984830598405,
    "sharpe_ratio": -2.7162230338983377,
    "max_drawdown": -0.2679422201884026,
    "win_rate": 0.41361256544502617,
    "total_trades": 191
}