{
    "cumulative_return": -0.3997065815940426,
    "annualized_return": -0.43680469006556555,
    "sharpe_ratio": -2.7781510835264975,
    "max_drawdown": -0.40333296062125457,
    "win_rate": 0.41517857142857145,
    "total_trades": 224
}