{
    "cumulative_return": -0.48956625777145546,
    "annualized_return": -0.48956625777145546,
    "sharpe_ratio": -2.2692608158786305,
    "max_drawdown": -0.5229067101344768,
    "win_rate": 0.4523809523809524,
    "total_trades": 252,
    "accuracy": 0.503968253968254,
    "precision": 0.5,
    "recall": 0.144,
    "f1_score": 0.2236024844720497
}