{
    "cumulative_return": -0.341933409663442,
    "annualized_return": -0.3728624093170523,
    "sharpe_ratio": -2.1736475635623385,
    "max_drawdown": -0.3573603039976409,
    "win_rate": 0.43805309734513276,
    "total_trades": 226
}