{
    "cumulative_return": 0.07661803200442296,
    "annualized_return": 0.07661803200442296,
    "sharpe_ratio": 0.43241880610481614,
    "max_drawdown": -0.17267935221315106,
    "win_rate": 0.47619047619047616,
    "total_trades": 252,
    "accuracy": 0.4801587301587302,
    "precision": 0.47468354430379744,
    "recall": 0.6097560975609756,
    "f1_score": 0.5338078291814946
}