{
    "cumulative_return": -0.22612179819125322,
    "annualized_return": -0.24672432788684995,
    "sharpe_ratio": -1.2297006458303312,
    "max_drawdown": -0.3469325677719394,
    "win_rate": 0.44298245614035087,
    "total_trades": 228
}