{
    "cumulative_return": -0.5187793064085946,
    "annualized_return": -0.5576155702433289,
    "sharpe_ratio": -3.108241591215856,
    "max_drawdown": -0.5376125625258964,
    "win_rate": 0.4336283185840708,
    "total_trades": 226
}