{
    "cumulative_return": -0.040184192412902386,
    "annualized_return": -0.04431902573800006,
    "sharpe_ratio": -0.10758806386686025,
    "max_drawdown": -0.15525624351985967,
    "win_rate": 0.4605263157894737,
    "total_trades": 228
}