{
    "cumulative_return": -0.06729800145062692,
    "annualized_return": -0.07474380219980481,
    "sharpe_ratio": -0.172160078061069,
    "max_drawdown": -0.3110083549409541,
    "win_rate": 0.5265486725663717,
    "total_trades": 226
}