{
    "cumulative_return": -0.17525301002160198,
    "annualized_return": -0.19181200329816672,
    "sharpe_ratio": -0.7802642696726331,
    "max_drawdown": -0.25297015103413034,
    "win_rate": 0.45614035087719296,
    "total_trades": 228
}