{
    "cumulative_return": 0.009052072473525907,
    "annualized_return": 0.01009870297718396,
    "sharpe_ratio": 0.1508445245827331,
    "max_drawdown": -0.11362132652586984,
    "win_rate": 0.5530973451327433,
    "total_trades": 226
}