{
    "cumulative_return": -0.30704902099595477,
    "annualized_return": -0.333294011431608,
    "sharpe_ratio": -2.1066348251517812,
    "max_drawdown": -0.33354720253083736,
    "win_rate": 0.45614035087719296,
    "total_trades": 228
}