{
    "cumulative_return": -0.5445724944719228,
    "annualized_return": -0.5839721958530115,
    "sharpe_ratio": -3.6693711491984424,
    "max_drawdown": -0.5456335262948377,
    "win_rate": 0.3805309734513274,
    "total_trades": 226
}