{
    "cumulative_return": 0.23982072864074166,
    "annualized_return": 0.32792969929088467,
    "sharpe_ratio": 2.0253371652169267,
    "max_drawdown": -0.05998391926361271,
    "win_rate": 0.5392670157068062,
    "total_trades": 191
}