{
    "cumulative_return": -0.7001492990799542,
    "annualized_return": -0.7389486127484022,
    "sharpe_ratio": -7.232210329568254,
    "max_drawdown": -0.7137432325348733,
    "win_rate": 0.28761061946902655,
    "total_trades": 226
}