{
    "cumulative_return": -0.18339994683525618,
    "annualized_return": -0.20221366728579027,
    "sharpe_ratio": -1.16587497944672,
    "max_drawdown": -0.25820099860686885,
    "win_rate": 0.4911504424778761,
    "total_trades": 226
}