{
    "cumulative_return": -0.7352240378682866,
    "annualized_return": -0.7727603810818793,
    "sharpe_ratio": -9.462428184582079,
    "max_drawdown": -0.7352240378682866,
    "win_rate": 0.2743362831858407,
    "total_trades": 226
}