{
    "cumulative_return": 0.814882005153009,
    "annualized_return": 0.9323936157448798,
    "sharpe_ratio": 3.737161284112278,
    "max_drawdown": -0.09004521713518385,
    "win_rate": 0.6140350877192983,
    "total_trades": 228
}