{
    "cumulative_return": -0.12464660708584951,
    "annualized_return": -0.13682776241517836,
    "sharpe_ratio": -0.5020388621037803,
    "max_drawdown": -0.2127636821033697,
    "win_rate": 0.4649122807017544,
    "total_trades": 228
}