{
    "cumulative_return": -0.6073457890531045,
    "annualized_return": -0.6473828142456264,
    "sharpe_ratio": -3.8791524335734793,
    "max_drawdown": -0.6146929231466186,
    "win_rate": 0.42035398230088494,
    "total_trades": 226
}