{
    "cumulative_return": -0.3505106041060959,
    "annualized_return": -0.3505106041060959,
    "sharpe_ratio": -1.60914155482768,
    "max_drawdown": -0.37940871577179147,
    "win_rate": 0.43253968253968256,
    "total_trades": 252
}