{
    "cumulative_return": 0.34138376615521326,
    "annualized_return": 0.34138376615521326,
    "sharpe_ratio": 1.4156333900846703,
    "max_drawdown": -0.1367030660850245,
    "win_rate": 0.5357142857142857,
    "total_trades": 252
}