{
    "cumulative_return": 0.03183906492804578,
    "annualized_return": 0.1918648440431523,
    "sharpe_ratio": 1.0696333571790397,
    "max_drawdown": -0.03885040730265708,
    "win_rate": 0.4666666666666667,
    "total_trades": 45
}