{
    "cumulative_return": -0.34058182248446567,
    "annualized_return": -0.34058182248446567,
    "sharpe_ratio": -1.7367106984220402,
    "max_drawdown": -0.39319289532144347,
    "win_rate": 0.3968253968253968,
    "total_trades": 252
}