{
    "cumulative_return": 0.34138376615521326,
    "annualized_return": 0.34138376615521326,
    "sharpe_ratio": 1.4156333900846703,
    "max_drawdown": -0.1367030660850245,
    "win_rate": 0.5357142857142857,
    "total_trades": 252,
    "accuracy": 0.5357142857142857,
    "precision": 0.5318181818181819,
    "recall": 0.8931297709923665,
    "f1_score": 0.6666666666666666
}