{
    "cumulative_return": -0.2590289608680939,
    "annualized_return": -0.2590289608680939,
    "sharpe_ratio": -1.0767083076552744,
    "max_drawdown": -0.3384784569969772,
    "win_rate": 0.4642857142857143,
    "total_trades": 252,
    "accuracy": 0.4722222222222222,
    "precision": 0.53125,
    "recall": 0.24817518248175183,
    "f1_score": 0.3383084577114428
}