{
    "cumulative_return": -0.09441012166714613,
    "annualized_return": -0.09512828646946891,
    "sharpe_ratio": -0.3774566851247856,
    "max_drawdown": -0.19767013509587694,
    "win_rate": 0.544,
    "total_trades": 250
}