{
    "cumulative_return": 0.31373293938261115,
    "annualized_return": 0.3728438287597886,
    "sharpe_ratio": 2.2832221617764255,
    "max_drawdown": -0.06310872062244562,
    "win_rate": 0.5299539170506913,
    "total_trades": 217
}