{
    "cumulative_return": -0.2590289608680939,
    "annualized_return": -0.2590289608680939,
    "sharpe_ratio": -1.0767083076552744,
    "max_drawdown": -0.3384784569969772,
    "win_rate": 0.4642857142857143,
    "total_trades": 252
}