{
    "cumulative_return": -0.30709904786040076,
    "annualized_return": -0.3469101145314305,
    "sharpe_ratio": -2.9168623086790295,
    "max_drawdown": -0.3091100093824156,
    "win_rate": 0.423963133640553,
    "total_trades": 217
}