{
    "cumulative_return": -0.3152215040984948,
    "annualized_return": -0.3152215040984948,
    "sharpe_ratio": -1.2041318418866784,
    "max_drawdown": -0.3478694119397162,
    "win_rate": 0.4880952380952381,
    "total_trades": 252
}