{
    "cumulative_return": -0.34058182248446567,
    "annualized_return": -0.34058182248446567,
    "sharpe_ratio": -1.7367106984220402,
    "max_drawdown": -0.39319289532144347,
    "win_rate": 0.3968253968253968,
    "total_trades": 252,
    "accuracy": 0.47619047619047616,
    "precision": 0.4931506849315068,
    "recall": 0.2748091603053435,
    "f1_score": 0.35294117647058826
}