{
    "cumulative_return": -0.26217178294397214,
    "annualized_return": -0.26217178294397214,
    "sharpe_ratio": -0.939304543794043,
    "max_drawdown": -0.36103354719374603,
    "win_rate": 0.48412698412698413,
    "total_trades": 252
}