{
    "cumulative_return": 0.24880926127834924,
    "annualized_return": 0.25103102380814835,
    "sharpe_ratio": 1.1868276900703914,
    "max_drawdown": -0.1366850686638181,
    "win_rate": 0.568,
    "total_trades": 250
}