{
    "cumulative_return": -0.4004501806031481,
    "annualized_return": -0.43471774501814286,
    "sharpe_ratio": -2.1132456566360376,
    "max_drawdown": -0.4276101207623582,
    "win_rate": 0.4557522123893805,
    "total_trades": 226
}