{
    "cumulative_return": -0.05016964655483891,
    "annualized_return": -0.05802241772265737,
    "sharpe_ratio": -0.2410469889945811,
    "max_drawdown": -0.21501279282582317,
    "win_rate": 0.511520737327189,
    "total_trades": 217,
    "accuracy": 0.5069124423963134,
    "precision": 0.5555555555555556,
    "recall": 0.6504065040650406,
    "f1_score": 0.599250936329588
}