{
    "cumulative_return": 0.08326457256952646,
    "annualized_return": 0.0932778494875004,
    "sharpe_ratio": 0.48589352899688176,
    "max_drawdown": -0.15809858119742273,
    "win_rate": 0.4778761061946903,
    "total_trades": 226
}