{
    "cumulative_return": -0.3846187711743744,
    "annualized_return": -0.4694995586611649,
    "sharpe_ratio": -3.3892351226686808,
    "max_drawdown": -0.40615528518327315,
    "win_rate": 0.43005181347150256,
    "total_trades": 193
}