{
    "cumulative_return": 0.07418952410141078,
    "annualized_return": 0.07418952410141078,
    "sharpe_ratio": 0.3964007447581905,
    "max_drawdown": -0.31623048077078425,
    "win_rate": 0.5,
    "total_trades": 252,
    "accuracy": 0.4880952380952381,
    "precision": 0.4897959183673469,
    "recall": 0.967741935483871,
    "f1_score": 0.6504065040650406
}