{
    "cumulative_return": -0.3221312247742363,
    "annualized_return": -0.3221312247742363,
    "sharpe_ratio": -1.354571111053247,
    "max_drawdown": -0.35068932396351565,
    "win_rate": 0.43253968253968256,
    "total_trades": 252,
    "accuracy": 0.4722222222222222,
    "precision": 0.5,
    "recall": 0.5112781954887218,
    "f1_score": 0.5055762081784386
}