{
    "cumulative_return": 0.30714380949817,
    "annualized_return": 0.34452207101157906,
    "sharpe_ratio": 1.3119891222155136,
    "max_drawdown": -0.12267900054978861,
    "win_rate": 0.5614035087719298,
    "total_trades": 228
}