{
    "cumulative_return": -0.38128998584504303,
    "annualized_return": -0.414537691494268,
    "sharpe_ratio": -2.5052017405480673,
    "max_drawdown": -0.39420080158462145,
    "win_rate": 0.42920353982300885,
    "total_trades": 226
}