{
    "cumulative_return": -0.37049370051301034,
    "annualized_return": -0.4004268250147399,
    "sharpe_ratio": -2.3444540482760914,
    "max_drawdown": -0.42109113126211006,
    "win_rate": 0.4342105263157895,
    "total_trades": 228
}