{
    "cumulative_return": -0.3685225799654478,
    "annualized_return": -0.3983514695535827,
    "sharpe_ratio": -1.8790597684461359,
    "max_drawdown": -0.422386057387679,
    "win_rate": 0.4473684210526316,
    "total_trades": 228
}