{
    "cumulative_return": -0.10170110593158344,
    "annualized_return": -0.11178562381734136,
    "sharpe_ratio": -0.4868554847968953,
    "max_drawdown": -0.19122720484362002,
    "win_rate": 0.5219298245614035,
    "total_trades": 228
}