{
    "cumulative_return": 0.03908131137052173,
    "annualized_return": 0.05188175953738283,
    "sharpe_ratio": 0.37549731695960115,
    "max_drawdown": -0.16689840488018926,
    "win_rate": 0.4973821989528796,
    "total_trades": 191
}