{
    "cumulative_return": -0.6411534036945766,
    "annualized_return": -0.6411534036945766,
    "sharpe_ratio": -3.821299412399988,
    "max_drawdown": -0.6377209579907857,
    "win_rate": 0.38095238095238093,
    "total_trades": 252,
    "accuracy": 0.4880952380952381,
    "precision": 0.4817073170731707,
    "recall": 0.6422764227642277,
    "f1_score": 0.5505226480836237
}