{
    "cumulative_return": 0.4933419781973454,
    "annualized_return": 0.5577287249353451,
    "sharpe_ratio": 2.3251221710276826,
    "max_drawdown": -0.10305343511450352,
    "win_rate": 0.5482456140350878,
    "total_trades": 228
}