{
    "cumulative_return": -0.18056261471770363,
    "annualized_return": -0.23105521261632334,
    "sharpe_ratio": -1.4131377847729363,
    "max_drawdown": -0.2796485992353229,
    "win_rate": 0.4869109947643979,
    "total_trades": 191
}