{
    "cumulative_return": 0.24095366802635043,
    "annualized_return": 0.26947623203080684,
    "sharpe_ratio": 1.240314199917566,
    "max_drawdown": -0.14538293531490823,
    "win_rate": 0.5394736842105263,
    "total_trades": 228
}