{
    "cumulative_return": -0.3685470126760434,
    "annualized_return": -0.4010764291074027,
    "sharpe_ratio": -2.392687003933388,
    "max_drawdown": -0.3762668240943109,
    "win_rate": 0.4247787610619469,
    "total_trades": 226
}