{
    "cumulative_return": -0.3774035601183494,
    "annualized_return": -0.41043554776618696,
    "sharpe_ratio": -2.540719281509308,
    "max_drawdown": -0.45747692088923037,
    "win_rate": 0.43805309734513276,
    "total_trades": 226
}