{
    "cumulative_return": -0.521165066842548,
    "annualized_return": -0.5632739929444579,
    "sharpe_ratio": -2.6732485566166835,
    "max_drawdown": -0.5475259934841344,
    "win_rate": 0.41964285714285715,
    "total_trades": 224
}