{
    "cumulative_return": -0.03726985939915384,
    "annualized_return": -0.04146745248301875,
    "sharpe_ratio": -0.036823545788368536,
    "max_drawdown": -0.23782717408620535,
    "win_rate": 0.5088495575221239,
    "total_trades": 226
}