{
    "cumulative_return": -0.38558588251011494,
    "annualized_return": -0.4190685852377469,
    "sharpe_ratio": -1.9120093936536269,
    "max_drawdown": -0.45475079879965535,
    "win_rate": 0.41150442477876104,
    "total_trades": 226
}