{
    "cumulative_return": -0.6955854884250827,
    "annualized_return": -0.6955854884250827,
    "sharpe_ratio": -4.178672803705603,
    "max_drawdown": -0.6905113425016762,
    "win_rate": 0.4087301587301587,
    "total_trades": 252,
    "accuracy": 0.5079365079365079,
    "precision": 0.5,
    "recall": 0.6129032258064516,
    "f1_score": 0.5507246376811594
}