{
    "cumulative_return": -0.4129554986915309,
    "annualized_return": -0.447848881187781,
    "sharpe_ratio": -2.3181356464399023,
    "max_drawdown": -0.4513906087683801,
    "win_rate": 0.47345132743362833,
    "total_trades": 226
}