{
    "cumulative_return": 0.2215151818358081,
    "annualized_return": 0.2215151818358081,
    "sharpe_ratio": 0.8862599077375906,
    "max_drawdown": -0.19431073966149842,
    "win_rate": 0.5595238095238095,
    "total_trades": 252,
    "accuracy": 0.5396825396825397,
    "precision": 0.5466666666666666,
    "recall": 0.3333333333333333,
    "f1_score": 0.41414141414141414
}