{
    "cumulative_return": 0.13007899700567416,
    "annualized_return": 0.13007899700567416,
    "sharpe_ratio": 0.6719419265369025,
    "max_drawdown": -0.17087427742012998,
    "win_rate": 0.5436507936507936,
    "total_trades": 252,
    "accuracy": 0.5,
    "precision": 0.5581395348837209,
    "recall": 0.35294117647058826,
    "f1_score": 0.43243243243243246
}