{
    "cumulative_return": -0.6271558602368926,
    "annualized_return": -0.6704143939427776,
    "sharpe_ratio": -3.676260888113638,
    "max_drawdown": -0.6271558602368926,
    "win_rate": 0.40625,
    "total_trades": 224
}