{
    "cumulative_return": 0.8793498158298136,
    "annualized_return": 1.020833938397535,
    "sharpe_ratio": 2.562628934195989,
    "max_drawdown": -0.16342477907815645,
    "win_rate": 0.5707964601769911,
    "total_trades": 226
}