{
    "cumulative_return": -0.7177494826935049,
    "annualized_return": -0.752937503715724,
    "sharpe_ratio": -5.692371266010448,
    "max_drawdown": -0.7177494826935049,
    "win_rate": 0.39473684210526316,
    "total_trades": 228
}