{
    "cumulative_return": -0.7748025215837246,
    "annualized_return": -0.7774723244249548,
    "sharpe_ratio": -5.207457659964403,
    "max_drawdown": -0.7845042948697394,
    "win_rate": 0.36,
    "total_trades": 250,
    "accuracy": 0.48,
    "precision": 0.5,
    "recall": 0.6692307692307692,
    "f1_score": 0.5723684210526315
}