{
    "cumulative_return": -0.261386387678471,
    "annualized_return": -0.2866880900982325,
    "sharpe_ratio": -1.13284680545256,
    "max_drawdown": -0.359117316967252,
    "win_rate": 0.4469026548672566,
    "total_trades": 226
}