{
    "cumulative_return": 0.3921242186652285,
    "annualized_return": 0.4461299314702789,
    "sharpe_ratio": 1.9375422782971188,
    "max_drawdown": -0.12139007943321153,
    "win_rate": 0.5309734513274337,
    "total_trades": 226
}