{
    "cumulative_return": 0.39087511701205613,
    "annualized_return": 0.5384778467140146,
    "sharpe_ratio": 2.436889769160601,
    "max_drawdown": -0.08862066739818027,
    "win_rate": 0.5544041450777202,
    "total_trades": 193
}