{
    "cumulative_return": -0.05264535571639395,
    "annualized_return": -0.05852130443472481,
    "sharpe_ratio": -0.0555803815287585,
    "max_drawdown": -0.32534913404229954,
    "win_rate": 0.5088495575221239,
    "total_trades": 226
}