{
    "cumulative_return": 0.24252305326036616,
    "annualized_return": 0.2712508021245166,
    "sharpe_ratio": 1.0859434036283202,
    "max_drawdown": -0.1863105068222993,
    "win_rate": 0.5131578947368421,
    "total_trades": 228
}