{
    "cumulative_return": -0.2823016493075684,
    "annualized_return": -0.306928655932891,
    "sharpe_ratio": -1.8929464577721882,
    "max_drawdown": -0.30974616091106955,
    "win_rate": 0.4649122807017544,
    "total_trades": 228
}