{
    "cumulative_return": -0.08228104988727036,
    "annualized_return": -0.08291122624314762,
    "sharpe_ratio": -0.3129617619553773,
    "max_drawdown": -0.2259644989359582,
    "win_rate": 0.512,
    "total_trades": 250
}