{
    "cumulative_return": -0.10634432022409401,
    "annualized_return": -0.10634432022409401,
    "sharpe_ratio": -0.38347029030743796,
    "max_drawdown": -0.2441680973383964,
    "win_rate": 0.4801587301587302,
    "total_trades": 252
}