{
    "cumulative_return": -0.25638335164385573,
    "annualized_return": -0.3207641619687317,
    "sharpe_ratio": -2.576852024618041,
    "max_drawdown": -0.2731782625299808,
    "win_rate": 0.42487046632124353,
    "total_trades": 193
}