{
    "cumulative_return": 0.11373864236598052,
    "annualized_return": 0.12643943192773444,
    "sharpe_ratio": 0.6207949959837471,
    "max_drawdown": -0.19261694549314454,
    "win_rate": 0.5043859649122807,
    "total_trades": 228
}