{
    "cumulative_return": -0.0688497285851214,
    "annualized_return": -0.06938096289195173,
    "sharpe_ratio": -0.24224606304858837,
    "max_drawdown": -0.2008859637814944,
    "win_rate": 0.536,
    "total_trades": 250
}