{
    "cumulative_return": -0.33726240237333505,
    "annualized_return": -0.33726240237333505,
    "sharpe_ratio": -1.5272290194982066,
    "max_drawdown": -0.3513289008244869,
    "win_rate": 0.44841269841269843,
    "total_trades": 252
}