{
    "cumulative_return": 0.17747415860817584,
    "annualized_return": 0.19789830800435992,
    "sharpe_ratio": 0.9566228170270094,
    "max_drawdown": -0.14770200997936847,
    "win_rate": 0.4956140350877193,
    "total_trades": 228
}