{
    "cumulative_return": -0.023733924816215946,
    "annualized_return": -0.03087632863689549,
    "sharpe_ratio": -0.13774321682603835,
    "max_drawdown": -0.11341909548970172,
    "win_rate": 0.46632124352331605,
    "total_trades": 193
}