{
    "cumulative_return": -0.5844312530946312,
    "annualized_return": -0.6211214454282881,
    "sharpe_ratio": -3.5916697135979816,
    "max_drawdown": -0.606461490279543,
    "win_rate": 0.41228070175438597,
    "total_trades": 228
}