{
    "cumulative_return": 0.004132672385810832,
    "annualized_return": 0.004132672385810832,
    "sharpe_ratio": 0.1571258477822182,
    "max_drawdown": -0.26269580688839966,
    "win_rate": 0.5158730158730159,
    "total_trades": 252,
    "accuracy": 0.5119047619047619,
    "precision": 0.5131578947368421,
    "recall": 0.312,
    "f1_score": 0.3880597014925373
}