{
    "cumulative_return": -0.31107629013114235,
    "annualized_return": -0.33998523493196575,
    "sharpe_ratio": -1.981826814985385,
    "max_drawdown": -0.3711339333822449,
    "win_rate": 0.415929203539823,
    "total_trades": 226
}