{
    "cumulative_return": -0.17819840989737545,
    "annualized_return": -0.19654527660190757,
    "sharpe_ratio": -0.9898664569471627,
    "max_drawdown": -0.23982956344387352,
    "win_rate": 0.504424778761062,
    "total_trades": 226
}