{
    "cumulative_return": -0.340169682434599,
    "annualized_return": -0.3829669333022788,
    "sharpe_ratio": -3.3320274390878937,
    "max_drawdown": -0.34208466519741026,
    "win_rate": 0.4009216589861751,
    "total_trades": 217,
    "accuracy": 0.4470046082949309,
    "precision": 0.42857142857142855,
    "recall": 0.05084745762711865,
    "f1_score": 0.09090909090909091
}