{
    "cumulative_return": -0.21943832008074016,
    "annualized_return": -0.21943832008074016,
    "sharpe_ratio": -0.9423565290119231,
    "max_drawdown": -0.2951097381603292,
    "win_rate": 0.4523809523809524,
    "total_trades": 252
}