{
    "cumulative_return": -0.22180953755632982,
    "annualized_return": -0.22180953755632982,
    "sharpe_ratio": -0.9554174644482707,
    "max_drawdown": -0.2972510783647572,
    "win_rate": 0.44841269841269843,
    "total_trades": 252,
    "accuracy": 0.5555555555555556,
    "precision": 0.5345911949685535,
    "recall": 0.6910569105691057,
    "f1_score": 0.6028368794326241
}