{
    "cumulative_return": 0.002356666985636968,
    "annualized_return": 0.002356666985636968,
    "sharpe_ratio": 0.1235477320970864,
    "max_drawdown": -0.1949843911321742,
    "win_rate": 0.49206349206349204,
    "total_trades": 252,
    "accuracy": 0.5555555555555556,
    "precision": 0.7209302325581395,
    "recall": 0.2366412213740458,
    "f1_score": 0.3563218390804598
}