{
    "cumulative_return": -0.2865359888572714,
    "annualized_return": -0.3243490290800578,
    "sharpe_ratio": -2.6713629766056486,
    "max_drawdown": -0.2886066292126065,
    "win_rate": 0.42857142857142855,
    "total_trades": 217
}