{
    "cumulative_return": -0.28737059755194305,
    "annualized_return": -0.28737059755194305,
    "sharpe_ratio": -1.6924655483686504,
    "max_drawdown": -0.3596237230805047,
    "win_rate": 0.4801587301587302,
    "total_trades": 252
}