{
    "cumulative_return": -0.29745614984463475,
    "annualized_return": -0.29745614984463475,
    "sharpe_ratio": -1.2912638195268216,
    "max_drawdown": -0.32993891006683784,
    "win_rate": 0.45634920634920634,
    "total_trades": 252
}