{
    "cumulative_return": -0.0688497285851214,
    "annualized_return": -0.06938096289195173,
    "sharpe_ratio": -0.24224606304858842,
    "max_drawdown": -0.2008859637814944,
    "win_rate": 0.536,
    "total_trades": 250,
    "accuracy": 0.552,
    "precision": 0.5,
    "recall": 0.017857142857142856,
    "f1_score": 0.034482758620689655
}