{
    "cumulative_return": -0.340169682434599,
    "annualized_return": -0.3829669333022788,
    "sharpe_ratio": -3.332027439087894,
    "max_drawdown": -0.34208466519741026,
    "win_rate": 0.4009216589861751,
    "total_trades": 217
}