{
    "cumulative_return": -0.20262528579614214,
    "annualized_return": -0.20262528579614214,
    "sharpe_ratio": -0.6626228323895641,
    "max_drawdown": -0.2946984667870089,
    "win_rate": 0.5,
    "total_trades": 252
}