{
    "cumulative_return": -0.08400360567202936,
    "annualized_return": -0.08400360567202936,
    "sharpe_ratio": -0.2743505425674758,
    "max_drawdown": -0.22008095027448693,
    "win_rate": 0.47619047619047616,
    "total_trades": 252
}