{
    "cumulative_return": -0.23840948470104883,
    "annualized_return": -0.2599327921353971,
    "sharpe_ratio": -1.5336905536627596,
    "max_drawdown": -0.2675324159632884,
    "win_rate": 0.4868421052631579,
    "total_trades": 228
}