{
    "cumulative_return": 0.04508650595495145,
    "annualized_return": 0.049949148060542736,
    "sharpe_ratio": 0.3173701043848718,
    "max_drawdown": -0.14063239851872822,
    "win_rate": 0.5350877192982456,
    "total_trades": 228
}