{
    "cumulative_return": 0.01650094631772392,
    "annualized_return": 0.01650094631772392,
    "sharpe_ratio": 0.2006317067000982,
    "max_drawdown": -0.271994526273686,
    "win_rate": 0.5119047619047619,
    "total_trades": 252
}