{
    "cumulative_return": -0.07544175069961934,
    "annualized_return": -0.07544175069961934,
    "sharpe_ratio": -0.22057954169242272,
    "max_drawdown": -0.20325984101000924,
    "win_rate": 0.5158730158730159,
    "total_trades": 252,
    "accuracy": 0.5595238095238095,
    "precision": 0.5714285714285714,
    "recall": 0.1391304347826087,
    "f1_score": 0.22377622377622378
}