{
    "cumulative_return": -0.15269072176534337,
    "annualized_return": -0.15269072176534337,
    "sharpe_ratio": -0.5962793611837329,
    "max_drawdown": -0.19564264386961813,
    "win_rate": 0.5,
    "total_trades": 252
}