{
    "cumulative_return": -0.15269072176534337,
    "annualized_return": -0.15269072176534337,
    "sharpe_ratio": -0.5962793611837329,
    "max_drawdown": -0.19564264386961813,
    "win_rate": 0.5,
    "total_trades": 252,
    "accuracy": 0.5555555555555556,
    "precision": 0.5272727272727272,
    "recall": 0.25217391304347825,
    "f1_score": 0.3411764705882353
}