{
    "cumulative_return": -0.4483230806272044,
    "annualized_return": -0.4483230806272044,
    "sharpe_ratio": -3.525048682053739,
    "max_drawdown": -0.4514219467319008,
    "win_rate": 0.4126984126984127,
    "total_trades": 252,
    "accuracy": 0.5436507936507936,
    "precision": 0.5569620253164557,
    "recall": 0.6616541353383458,
    "f1_score": 0.6048109965635738
}