{
    "cumulative_return": -0.04867723736909679,
    "annualized_return": -0.04867723736909679,
    "sharpe_ratio": -0.12513286690901904,
    "max_drawdown": -0.2061389102635304,
    "win_rate": 0.4603174603174603,
    "total_trades": 252
}