{
    "cumulative_return": -0.29477561311125366,
    "annualized_return": -0.29477561311125366,
    "sharpe_ratio": -1.516215609419339,
    "max_drawdown": -0.31656337676744045,
    "win_rate": 0.4365079365079365,
    "total_trades": 252,
    "accuracy": 0.49206349206349204,
    "precision": 0.5526315789473685,
    "recall": 0.1590909090909091,
    "f1_score": 0.24705882352941178
}