{
    "cumulative_return": -0.07544175069961934,
    "annualized_return": -0.07544175069961934,
    "sharpe_ratio": -0.22057954169242272,
    "max_drawdown": -0.20325984101000924,
    "win_rate": 0.5158730158730159,
    "total_trades": 252
}