{
    "cumulative_return": -0.12967103053733642,
    "annualized_return": -0.13063749177302886,
    "sharpe_ratio": -0.4085196893052671,
    "max_drawdown": -0.25098007464821326,
    "win_rate": 0.516,
    "total_trades": 250
}