{
    "cumulative_return": -0.3215182530337335,
    "annualized_return": -0.3626662674224259,
    "sharpe_ratio": -2.9077683668645196,
    "max_drawdown": -0.3308298032236499,
    "win_rate": 0.4423963133640553,
    "total_trades": 217,
    "accuracy": 0.543778801843318,
    "precision": 0.5901639344262295,
    "recall": 0.5950413223140496,
    "f1_score": 0.5925925925925926
}