{
    "cumulative_return": -0.4483230806272044,
    "annualized_return": -0.4483230806272044,
    "sharpe_ratio": -3.525048682053739,
    "max_drawdown": -0.4514219467319008,
    "win_rate": 0.4126984126984127,
    "total_trades": 252
}