{
    "cumulative_return": -0.3792487896767599,
    "annualized_return": -0.3792487896767599,
    "sharpe_ratio": -1.77650968829627,
    "max_drawdown": -0.4319370178108475,
    "win_rate": 0.4087301587301587,
    "total_trades": 252
}