{
    "cumulative_return": 0.152960033239411,
    "annualized_return": 0.152960033239411,
    "sharpe_ratio": 0.575609511339529,
    "max_drawdown": -0.26896992962252086,
    "win_rate": 0.49206349206349204,
    "total_trades": 252,
    "accuracy": 0.49206349206349204,
    "precision": 0.4939759036144578,
    "recall": 0.984,
    "f1_score": 0.6577540106951871
}