{
    "cumulative_return": 0.21610279728615578,
    "annualized_return": 0.2180077446323192,
    "sharpe_ratio": 0.8922261121028503,
    "max_drawdown": -0.2170346329111464,
    "win_rate": 0.548,
    "total_trades": 250,
    "accuracy": 0.532,
    "precision": 0.5294117647058824,
    "recall": 0.5080645161290323,
    "f1_score": 0.5185185185185185
}