{
    "cumulative_return": -0.3792487896767599,
    "annualized_return": -0.3792487896767599,
    "sharpe_ratio": -1.77650968829627,
    "max_drawdown": -0.4319370178108475,
    "win_rate": 0.4087301587301587,
    "total_trades": 252,
    "accuracy": 0.47619047619047616,
    "precision": 0.4791666666666667,
    "recall": 0.5476190476190477,
    "f1_score": 0.5111111111111111
}