{
    "cumulative_return": -0.507897253567554,
    "annualized_return": -0.507897253567554,
    "sharpe_ratio": -3.236489446643093,
    "max_drawdown": -0.49731707023827143,
    "win_rate": 0.4087301587301587,
    "total_trades": 252,
    "accuracy": 0.5515873015873016,
    "precision": 0.6444444444444445,
    "recall": 0.23015873015873015,
    "f1_score": 0.3391812865497076
}