{
    "cumulative_return": 1.0877747439867496,
    "annualized_return": 1.0877747439867496,
    "sharpe_ratio": 1.5666312678544931,
    "max_drawdown": -0.34546792401201637,
    "win_rate": 0.5674603174603174,
    "total_trades": 252,
    "accuracy": 0.5436507936507936,
    "precision": 0.42857142857142855,
    "recall": 0.19444444444444445,
    "f1_score": 0.267515923566879
}