{
    "cumulative_return": -0.3452060464344182,
    "annualized_return": -0.37633903922337986,
    "sharpe_ratio": -1.389816120859767,
    "max_drawdown": -0.46767907237370154,
    "win_rate": 0.4424778761061947,
    "total_trades": 226
}