{
    "cumulative_return": -0.608810480552124,
    "annualized_return": -0.608810480552124,
    "sharpe_ratio": -3.6295093137142516,
    "max_drawdown": -0.6383741023076817,
    "win_rate": 0.40476190476190477,
    "total_trades": 252,
    "accuracy": 0.5476190476190477,
    "precision": 0.5287356321839081,
    "recall": 0.3865546218487395,
    "f1_score": 0.44660194174757284
}