{
    "cumulative_return": -0.06793568102312175,
    "annualized_return": -0.07544913912249684,
    "sharpe_ratio": 0.1793664336972752,
    "max_drawdown": -0.41560120166968073,
    "win_rate": 0.5530973451327433,
    "total_trades": 226
}