{
    "cumulative_return": 0.10632114311420993,
    "annualized_return": 0.11925616039592679,
    "sharpe_ratio": 0.587467508866719,
    "max_drawdown": -0.15611925571440904,
    "win_rate": 0.5132743362831859,
    "total_trades": 226
}