{
    "cumulative_return": -0.30811503403634566,
    "annualized_return": -0.3368210794216715,
    "sharpe_ratio": -1.7420185388953688,
    "max_drawdown": -0.345248080763798,
    "win_rate": 0.4247787610619469,
    "total_trades": 226
}