{
    "cumulative_return": -0.263214061213525,
    "annualized_return": -0.3316962470169197,
    "sharpe_ratio": -1.786303288826231,
    "max_drawdown": -0.3003862993250682,
    "win_rate": 0.5078534031413613,
    "total_trades": 191
}