{
    "cumulative_return": -0.09472534284541578,
    "annualized_return": -0.1230451539248919,
    "sharpe_ratio": -0.5069052968497468,
    "max_drawdown": -0.18591922847073034,
    "win_rate": 0.5287958115183246,
    "total_trades": 191
}