{
    "cumulative_return": -0.2797944021035228,
    "annualized_return": -0.3064820885046967,
    "sharpe_ratio": -1.5381811684924205,
    "max_drawdown": -0.33250775569343566,
    "win_rate": 0.4424778761061947,
    "total_trades": 226
}