{
    "cumulative_return": 0.00916400472883283,
    "annualized_return": 0.01022364264927722,
    "sharpe_ratio": 0.1629648057354752,
    "max_drawdown": -0.2661476640049934,
    "win_rate": 0.5132743362831859,
    "total_trades": 226
}