{
    "cumulative_return": -0.35094467740037927,
    "annualized_return": -0.35094467740037927,
    "sharpe_ratio": -1.5677596102182416,
    "max_drawdown": -0.3718347286213104,
    "win_rate": 0.4722222222222222,
    "total_trades": 252,
    "accuracy": 0.5555555555555556,
    "precision": 0.6060606060606061,
    "recall": 0.16806722689075632,
    "f1_score": 0.2631578947368421
}