{
    "cumulative_return": -0.02919726563624936,
    "annualized_return": -0.032501087737418666,
    "sharpe_ratio": -0.05040393715240649,
    "max_drawdown": -0.19454029624991295,
    "win_rate": 0.4690265486725664,
    "total_trades": 226
}