{
    "cumulative_return": -0.07142701990535161,
    "annualized_return": -0.07142701990535161,
    "sharpe_ratio": 0.1644985003871135,
    "max_drawdown": -0.43312346345265923,
    "win_rate": 0.5277777777777778,
    "total_trades": 252,
    "accuracy": 0.4801587301587302,
    "precision": 0.44549763033175355,
    "recall": 0.8703703703703703,
    "f1_score": 0.5893416927899686
}