{
    "cumulative_return": -0.4918438644725375,
    "annualized_return": -0.5330753301613216,
    "sharpe_ratio": -1.832100137638428,
    "max_drawdown": -0.516815901340252,
    "win_rate": 0.45535714285714285,
    "total_trades": 224
}