{
    "cumulative_return": 0.013469105431925144,
    "annualized_return": 0.015165449682409848,
    "sharpe_ratio": 0.22934524026101455,
    "max_drawdown": -0.40997336524325373,
    "win_rate": 0.4955357142857143,
    "total_trades": 224
}