{
    "cumulative_return": -0.30024838396826925,
    "annualized_return": -0.32840786901151253,
    "sharpe_ratio": -0.37037417159078534,
    "max_drawdown": -0.48989720822326477,
    "win_rate": 0.4469026548672566,
    "total_trades": 226
}