{
    "cumulative_return": -0.23667487184982472,
    "annualized_return": -0.23667487184982472,
    "sharpe_ratio": -1.0293030100025633,
    "max_drawdown": -0.29072879728380036,
    "win_rate": 0.44841269841269843,
    "total_trades": 252,
    "accuracy": 0.46825396825396826,
    "precision": 0.4772727272727273,
    "recall": 0.1590909090909091,
    "f1_score": 0.23863636363636365
}