{
    "cumulative_return": 0.32976620350553154,
    "annualized_return": 0.37408920022063663,
    "sharpe_ratio": 1.6141970124489995,
    "max_drawdown": -0.1250637775609708,
    "win_rate": 0.49557522123893805,
    "total_trades": 226
}