{
    "cumulative_return": -0.30202962486250584,
    "annualized_return": -0.330313824718913,
    "sharpe_ratio": -1.1555451112508897,
    "max_drawdown": -0.4492933737781481,
    "win_rate": 0.4823008849557522,
    "total_trades": 226
}