{
    "cumulative_return": -0.2604504872605401,
    "annualized_return": -0.2604504872605401,
    "sharpe_ratio": -1.1176895870221089,
    "max_drawdown": -0.2687960625132856,
    "win_rate": 0.4603174603174603,
    "total_trades": 252
}