{
    "cumulative_return": -0.2146104770886489,
    "annualized_return": -0.21612685812218502,
    "sharpe_ratio": -1.843048149164027,
    "max_drawdown": -0.23272115944958435,
    "win_rate": 0.464,
    "total_trades": 250,
    "accuracy": 0.508,
    "precision": 0.504424778761062,
    "recall": 0.4596774193548387,
    "f1_score": 0.4810126582278481
}