{
    "cumulative_return": -0.517101721576015,
    "annualized_return": -0.517101721576015,
    "sharpe_ratio": -4.546161997405314,
    "max_drawdown": -0.5027145586975473,
    "win_rate": 0.3968253968253968,
    "total_trades": 252
}