{
    "cumulative_return": -0.2146104770886489,
    "annualized_return": -0.21612685812218502,
    "sharpe_ratio": -1.843048149164027,
    "max_drawdown": -0.23272115944958435,
    "win_rate": 0.464,
    "total_trades": 250
}