{
    "cumulative_return": -0.5703414426398661,
    "annualized_return": -0.5703414426398661,
    "sharpe_ratio": -4.614431503319566,
    "max_drawdown": -0.56913992114687,
    "win_rate": 0.3611111111111111,
    "total_trades": 252
}