{
    "cumulative_return": -0.07967570542916946,
    "annualized_return": -0.09191834833798462,
    "sharpe_ratio": -0.7967229888547419,
    "max_drawdown": -0.15520594004756105,
    "win_rate": 0.4608294930875576,
    "total_trades": 217
}