{
    "cumulative_return": -0.07078200786713895,
    "annualized_return": -0.07078200786713895,
    "sharpe_ratio": -0.3770508504629597,
    "max_drawdown": -0.14790256746938943,
    "win_rate": 0.48412698412698413,
    "total_trades": 252
}