{
    "cumulative_return": 0.18858245735432422,
    "annualized_return": 0.18858245735432422,
    "sharpe_ratio": 1.1414466235343557,
    "max_drawdown": -0.10643086364845314,
    "win_rate": 0.5158730158730159,
    "total_trades": 252,
    "accuracy": 0.5277777777777778,
    "precision": 0.5269709543568465,
    "recall": 0.9621212121212122,
    "f1_score": 0.6809651474530831
}