{
    "cumulative_return": -0.7169183540593063,
    "annualized_return": -0.7169183540593063,
    "sharpe_ratio": -6.752910500000093,
    "max_drawdown": -0.7185298054184165,
    "win_rate": 0.28174603174603174,
    "total_trades": 252,
    "accuracy": 0.49206349206349204,
    "precision": 0.4689655172413793,
    "recall": 0.5714285714285714,
    "f1_score": 0.5151515151515151
}