{
    "cumulative_return": -0.07078200786713895,
    "annualized_return": -0.07078200786713895,
    "sharpe_ratio": -0.3770508504629597,
    "max_drawdown": -0.14790256746938943,
    "win_rate": 0.48412698412698413,
    "total_trades": 252,
    "accuracy": 0.5119047619047619,
    "precision": 0.6,
    "recall": 0.09448818897637795,
    "f1_score": 0.16326530612244897
}