{
    "cumulative_return": -0.253750184345239,
    "annualized_return": -0.253750184345239,
    "sharpe_ratio": -1.3695172543668646,
    "max_drawdown": -0.27027637936640825,
    "win_rate": 0.42857142857142855,
    "total_trades": 252,
    "accuracy": 0.4801587301587302,
    "precision": 0.47029702970297027,
    "recall": 0.7983193277310925,
    "f1_score": 0.5919003115264797
}