{
    "cumulative_return": -0.4364096653702919,
    "annualized_return": -0.43898917045067964,
    "sharpe_ratio": -4.617782376776784,
    "max_drawdown": -0.44649377988295974,
    "win_rate": 0.424,
    "total_trades": 250
}