{
    "cumulative_return": -0.254897958445225,
    "annualized_return": -0.254897958445225,
    "sharpe_ratio": -1.4882166078609633,
    "max_drawdown": -0.26243942719512625,
    "win_rate": 0.42857142857142855,
    "total_trades": 252
}