{
    "cumulative_return": -0.47010113920775,
    "annualized_return": -0.47010113920775,
    "sharpe_ratio": -3.9965158034018664,
    "max_drawdown": -0.48370070477112265,
    "win_rate": 0.36507936507936506,
    "total_trades": 252,
    "accuracy": 0.5277777777777778,
    "precision": 0.524390243902439,
    "recall": 0.6771653543307087,
    "f1_score": 0.5910652920962199
}