{
    "cumulative_return": -0.07967570542916946,
    "annualized_return": -0.09191834833798462,
    "sharpe_ratio": -0.7967229888547419,
    "max_drawdown": -0.15520594004756105,
    "win_rate": 0.4608294930875576,
    "total_trades": 217,
    "accuracy": 0.5207373271889401,
    "precision": 0.5088757396449705,
    "recall": 0.8037383177570093,
    "f1_score": 0.6231884057971014
}