{
    "cumulative_return": -0.057022015348185295,
    "annualized_return": -0.06590961677634621,
    "sharpe_ratio": -0.5464279384536668,
    "max_drawdown": -0.12128214346757157,
    "win_rate": 0.45161290322580644,
    "total_trades": 217
}