{
    "cumulative_return": -0.5703414426398661,
    "annualized_return": -0.5703414426398661,
    "sharpe_ratio": -4.614431503319566,
    "max_drawdown": -0.56913992114687,
    "win_rate": 0.3611111111111111,
    "total_trades": 252,
    "accuracy": 0.5277777777777778,
    "precision": 0.5211267605633803,
    "recall": 0.592,
    "f1_score": 0.5543071161048689
}