{
    "cumulative_return": 0.18858245735432422,
    "annualized_return": 0.18858245735432422,
    "sharpe_ratio": 1.1414466235343557,
    "max_drawdown": -0.10643086364845314,
    "win_rate": 0.5158730158730159,
    "total_trades": 252
}