{
    "cumulative_return": 0.6019057689268599,
    "annualized_return": 0.6833626952363847,
    "sharpe_ratio": 2.1944288168071053,
    "max_drawdown": -0.16562254993157566,
    "win_rate": 0.5482456140350878,
    "total_trades": 228
}