{
    "cumulative_return": -0.2692511521565475,
    "annualized_return": -0.2710826553908494,
    "sharpe_ratio": -1.1180419090137257,
    "max_drawdown": -0.5016483184483101,
    "win_rate": 0.44,
    "total_trades": 250,
    "accuracy": 0.48,
    "precision": 0.49122807017543857,
    "recall": 0.8888888888888888,
    "f1_score": 0.632768361581921
}