{
    "cumulative_return": -0.2759882705062624,
    "annualized_return": -0.2778563995354252,
    "sharpe_ratio": -1.1550872305622026,
    "max_drawdown": -0.40110294290173953,
    "win_rate": 0.452,
    "total_trades": 250,
    "accuracy": 0.488,
    "precision": 0.4930555555555556,
    "recall": 0.5634920634920635,
    "f1_score": 0.5259259259259259
}