{
    "cumulative_return": -0.36306734927776096,
    "annualized_return": -0.39527823772198334,
    "sharpe_ratio": -2.0147054655142234,
    "max_drawdown": -0.41683508625405385,
    "win_rate": 0.4469026548672566,
    "total_trades": 226
}