{
    "cumulative_return": 1.862076153227199,
    "annualized_return": 2.2301279713793143,
    "sharpe_ratio": 3.333789919424828,
    "max_drawdown": -0.0987961969023157,
    "win_rate": 0.5575221238938053,
    "total_trades": 226
}