{
    "cumulative_return": -0.4019741973648593,
    "annualized_return": -0.4363197297310655,
    "sharpe_ratio": -2.1897959319761706,
    "max_drawdown": -0.42350607261548623,
    "win_rate": 0.4469026548672566,
    "total_trades": 226
}