{
    "cumulative_return": -0.39812221498099276,
    "annualized_return": -0.39812221498099276,
    "sharpe_ratio": -2.212269187906535,
    "max_drawdown": -0.4151838503216112,
    "win_rate": 0.4007936507936508,
    "total_trades": 252,
    "accuracy": 0.44841269841269843,
    "precision": 0.44329896907216493,
    "recall": 0.7350427350427351,
    "f1_score": 0.5530546623794212
}