{
    "cumulative_return": 0.4330192870719154,
    "annualized_return": 0.4883313107742653,
    "sharpe_ratio": 1.236030805182061,
    "max_drawdown": -0.269427969395765,
    "win_rate": 0.5175438596491229,
    "total_trades": 228
}