{
    "cumulative_return": -0.37326383212239134,
    "annualized_return": -0.37326383212239134,
    "sharpe_ratio": -2.1542945350844978,
    "max_drawdown": -0.43580953205859047,
    "win_rate": 0.44047619047619047,
    "total_trades": 252,
    "accuracy": 0.503968253968254,
    "precision": 0.5204081632653061,
    "recall": 0.3953488372093023,
    "f1_score": 0.44933920704845814
}