{
    "cumulative_return": 0.03539039782324149,
    "annualized_return": 0.039541368296197366,
    "sharpe_ratio": 0.281222754111662,
    "max_drawdown": -0.27030428981381965,
    "win_rate": 0.4911504424778761,
    "total_trades": 226
}