{
    "cumulative_return": -0.2719432227021561,
    "annualized_return": -0.2980468072532051,
    "sharpe_ratio": -1.5556709066649492,
    "max_drawdown": -0.28885610200632106,
    "win_rate": 0.48672566371681414,
    "total_trades": 226
}