{
    "cumulative_return": -0.23560192274967195,
    "annualized_return": -0.2569168094843802,
    "sharpe_ratio": -1.1323217157917786,
    "max_drawdown": -0.3408850564023857,
    "win_rate": 0.47368421052631576,
    "total_trades": 228
}