{
    "cumulative_return": -0.5307106005231287,
    "annualized_return": -0.5307106005231287,
    "sharpe_ratio": -2.834331184593665,
    "max_drawdown": -0.55973938822917,
    "win_rate": 0.45634920634920634,
    "total_trades": 252,
    "accuracy": 0.49206349206349204,
    "precision": 0.4943820224719101,
    "recall": 0.3464566929133858,
    "f1_score": 0.4074074074074074
}