{
    "cumulative_return": 0.34629814859809893,
    "annualized_return": 0.39315104920307764,
    "sharpe_ratio": 1.0627459967403143,
    "max_drawdown": -0.34446210082833667,
    "win_rate": 0.5353982300884956,
    "total_trades": 226
}