{
    "cumulative_return": 1.611559387572651,
    "annualized_return": 1.8892432472741216,
    "sharpe_ratio": 5.472874284222147,
    "max_drawdown": -0.07833415502458879,
    "win_rate": 0.6096491228070176,
    "total_trades": 228
}