{
    "cumulative_return": 0.3915584524287534,
    "annualized_return": 0.44081051656764547,
    "sharpe_ratio": 1.5697015567645216,
    "max_drawdown": -0.0980178061481609,
    "win_rate": 0.5219298245614035,
    "total_trades": 228
}