{
    "cumulative_return": -0.6708923198443393,
    "annualized_return": -0.7103920146358672,
    "sharpe_ratio": -6.389983176167148,
    "max_drawdown": -0.6805722210099809,
    "win_rate": 0.3185840707964602,
    "total_trades": 226
}