{
    "cumulative_return": -0.21371100448608693,
    "annualized_return": -0.2718277848046755,
    "sharpe_ratio": -1.8169252089412555,
    "max_drawdown": -0.25979647979809395,
    "win_rate": 0.41361256544502617,
    "total_trades": 191
}