{
    "cumulative_return": -0.14424229943562827,
    "annualized_return": -0.15815943457186277,
    "sharpe_ratio": -0.6797408668143746,
    "max_drawdown": -0.30206627414887693,
    "win_rate": 0.45614035087719296,
    "total_trades": 228
}