{
    "cumulative_return": -0.3950499167132532,
    "annualized_return": -0.42903744178090697,
    "sharpe_ratio": -2.546784742742496,
    "max_drawdown": -0.40312806428035963,
    "win_rate": 0.39823008849557523,
    "total_trades": 226
}