{
    "cumulative_return": 0.9566345611867537,
    "annualized_return": 1.1137140634853235,
    "sharpe_ratio": 3.215190879396873,
    "max_drawdown": -0.07873801603761268,
    "win_rate": 0.5575221238938053,
    "total_trades": 226
}