{
    "cumulative_return": -0.7443229059331056,
    "annualized_return": -0.7814503210788426,
    "sharpe_ratio": -6.842855179850711,
    "max_drawdown": -0.7503686381577837,
    "win_rate": 0.3185840707964602,
    "total_trades": 226
}