{
    "cumulative_return": 0.6002531861123932,
    "annualized_return": 0.6814433810626146,
    "sharpe_ratio": 1.5590955608196857,
    "max_drawdown": -0.29058934249306156,
    "win_rate": 0.5131578947368421,
    "total_trades": 228
}