{
    "cumulative_return": -0.6254243117177719,
    "annualized_return": -0.6686919147967283,
    "sharpe_ratio": -4.454717840867706,
    "max_drawdown": -0.6276944674043308,
    "win_rate": 0.39732142857142855,
    "total_trades": 224
}