{
    "cumulative_return": -0.7014202746767868,
    "annualized_return": -0.7014202746767868,
    "sharpe_ratio": -5.704448418061355,
    "max_drawdown": -0.704296601028605,
    "win_rate": 0.3888888888888889,
    "total_trades": 252,
    "accuracy": 0.5396825396825397,
    "precision": 0.5061728395061729,
    "recall": 0.3504273504273504,
    "f1_score": 0.41414141414141414
}