{
    "cumulative_return": 1.6626136263721616,
    "annualized_return": 1.9517354369298787,
    "sharpe_ratio": 4.885961416059836,
    "max_drawdown": -0.08024165557362867,
    "win_rate": 0.6052631578947368,
    "total_trades": 228
}