{
    "cumulative_return": -0.4249417500541981,
    "annualized_return": -0.4740364073173612,
    "sharpe_ratio": -3.463699882554612,
    "max_drawdown": -0.4032973636026685,
    "win_rate": 0.39631336405529954,
    "total_trades": 217,
    "accuracy": 0.47465437788018433,
    "precision": 0.47368421052631576,
    "recall": 0.32727272727272727,
    "f1_score": 0.3870967741935484
}