{
    "cumulative_return": 0.6294271320381664,
    "annualized_return": 0.7319657980236931,
    "sharpe_ratio": 2.344551358822943,
    "max_drawdown": -0.09645267861166652,
    "win_rate": 0.5580357142857143,
    "total_trades": 224
}