{
    "cumulative_return": -0.09997482689481907,
    "annualized_return": -0.10989886007380878,
    "sharpe_ratio": -0.4506681020775284,
    "max_drawdown": -0.26595943615390355,
    "win_rate": 0.5,
    "total_trades": 228
}