{
    "cumulative_return": -0.24736762265446255,
    "annualized_return": -0.27157562591071593,
    "sharpe_ratio": -1.4447612511827095,
    "max_drawdown": -0.40069247078181275,
    "win_rate": 0.43805309734513276,
    "total_trades": 226
}