{
    "cumulative_return": 0.6428035980429831,
    "annualized_return": 0.7309274736528386,
    "sharpe_ratio": 2.6559142059742076,
    "max_drawdown": -0.13787928916397377,
    "win_rate": 0.5789473684210527,
    "total_trades": 228
}