{
    "cumulative_return": -0.2953746367199206,
    "annualized_return": -0.3699131117476321,
    "sharpe_ratio": -2.7041451417569395,
    "max_drawdown": -0.33120566791239425,
    "win_rate": 0.4031413612565445,
    "total_trades": 191
}