{
    "cumulative_return": 1.0085238389670317,
    "annualized_return": 1.4858008364620328,
    "sharpe_ratio": 5.831874131004894,
    "max_drawdown": -0.03952418645332155,
    "win_rate": 0.6217616580310881,
    "total_trades": 193
}