{
    "cumulative_return": -0.2763789958725792,
    "annualized_return": -0.3445134268353198,
    "sharpe_ratio": -2.444126967971784,
    "max_drawdown": -0.2763789958725792,
    "win_rate": 0.39896373056994816,
    "total_trades": 193
}