{
    "cumulative_return": -0.3836588386412969,
    "annualized_return": -0.41983861538295075,
    "sharpe_ratio": -1.286814195400857,
    "max_drawdown": -0.5070992000867782,
    "win_rate": 0.47767857142857145,
    "total_trades": 224
}