{
    "cumulative_return": -0.020985837871054347,
    "annualized_return": -0.024329161041505953,
    "sharpe_ratio": -0.01665060305487979,
    "max_drawdown": -0.19354365643413587,
    "win_rate": 0.47465437788018433,
    "total_trades": 217,
    "accuracy": 0.5299539170506913,
    "precision": 0.5663716814159292,
    "recall": 0.5470085470085471,
    "f1_score": 0.5565217391304348
}