{
    "cumulative_return": 0.023755521122486023,
    "annualized_return": 0.026524401969873157,
    "sharpe_ratio": 0.22913777673201646,
    "max_drawdown": -0.1474072484794473,
    "win_rate": 0.48672566371681414,
    "total_trades": 226
}