{
    "cumulative_return": -0.37469315368179223,
    "annualized_return": -0.37469315368179223,
    "sharpe_ratio": -1.880612462460885,
    "max_drawdown": -0.43242373723304406,
    "win_rate": 0.44841269841269843,
    "total_trades": 252,
    "accuracy": 0.5119047619047619,
    "precision": 0.5411764705882353,
    "recall": 0.6715328467153284,
    "f1_score": 0.5993485342019544
}