{
    "cumulative_return": -0.6648322244787465,
    "annualized_return": -0.6648322244787465,
    "sharpe_ratio": -2.5157901416934534,
    "max_drawdown": -0.6778083634481057,
    "win_rate": 0.42063492063492064,
    "total_trades": 252,
    "accuracy": 0.4880952380952381,
    "precision": 0.49019607843137253,
    "recall": 0.8,
    "f1_score": 0.60790273556231
}