{
    "cumulative_return": 0.21341913847119653,
    "annualized_return": 0.24072577513283622,
    "sharpe_ratio": 0.7151309107806391,
    "max_drawdown": -0.34350956067281113,
    "win_rate": 0.5,
    "total_trades": 226
}