{
    "cumulative_return": -0.5541216122402504,
    "annualized_return": -0.5936869331700422,
    "sharpe_ratio": -2.1396391050985266,
    "max_drawdown": -0.5842529448738112,
    "win_rate": 0.415929203539823,
    "total_trades": 226
}