{
    "cumulative_return": -0.4172194126254256,
    "annualized_return": -0.4172194126254256,
    "sharpe_ratio": -1.2089973894672443,
    "max_drawdown": -0.3992532815399297,
    "win_rate": 0.4523809523809524,
    "total_trades": 252,
    "accuracy": 0.4642857142857143,
    "precision": 0.5,
    "recall": 0.13333333333333333,
    "f1_score": 0.21052631578947367
}