{
    "cumulative_return": -0.01930641932851873,
    "annualized_return": -0.021503467112872876,
    "sharpe_ratio": 0.07798340325997238,
    "max_drawdown": -0.2794660837432232,
    "win_rate": 0.504424778761062,
    "total_trades": 226
}