{
    "cumulative_return": -0.42941459620924305,
    "annualized_return": -0.4650825678891113,
    "sharpe_ratio": -1.4175893898993177,
    "max_drawdown": -0.44282612170648333,
    "win_rate": 0.43805309734513276,
    "total_trades": 226
}