{
    "cumulative_return": -0.6346553255787479,
    "annualized_return": -0.6746174551706245,
    "sharpe_ratio": -3.133262849954256,
    "max_drawdown": -0.6472974631248349,
    "win_rate": 0.38495575221238937,
    "total_trades": 226
}