{
    "cumulative_return": 0.5096944095206506,
    "annualized_return": 0.5829573097143057,
    "sharpe_ratio": 1.2928212146918008,
    "max_drawdown": -0.22055338945582129,
    "win_rate": 0.49557522123893805,
    "total_trades": 226
}