{
    "cumulative_return": -0.3447870015370639,
    "annualized_return": -0.3447870015370639,
    "sharpe_ratio": -1.0699392343497576,
    "max_drawdown": -0.49931673485120276,
    "win_rate": 0.4166666666666667,
    "total_trades": 252,
    "accuracy": 0.4722222222222222,
    "precision": 0.4536082474226804,
    "recall": 0.7652173913043478,
    "f1_score": 0.56957928802589
}