{
    "cumulative_return": 0.9446832454071625,
    "annualized_return": 1.1132699695593673,
    "sharpe_ratio": 2.2250602690360313,
    "max_drawdown": -0.18373467858994524,
    "win_rate": 0.5,
    "total_trades": 224
}