{
    "cumulative_return": -0.313744428363828,
    "annualized_return": -0.313744428363828,
    "sharpe_ratio": -0.9287269060296469,
    "max_drawdown": -0.41342182488202855,
    "win_rate": 0.4523809523809524,
    "total_trades": 252,
    "accuracy": 0.47619047619047616,
    "precision": 0.4297520661157025,
    "recall": 0.45217391304347826,
    "f1_score": 0.4406779661016949
}