{
    "cumulative_return": 0.3602167425783467,
    "annualized_return": 0.4092205296358389,
    "sharpe_ratio": 1.168168941909701,
    "max_drawdown": -0.2041359044653328,
    "win_rate": 0.5265486725663717,
    "total_trades": 226
}