{
    "cumulative_return": -0.4498423090169633,
    "annualized_return": -0.4863920559366227,
    "sharpe_ratio": -2.7667339477067796,
    "max_drawdown": -0.4678293707471318,
    "win_rate": 0.42035398230088494,
    "total_trades": 226
}