{
    "cumulative_return": -0.4794828879985584,
    "annualized_return": -0.5171497165202656,
    "sharpe_ratio": -2.294854402957697,
    "max_drawdown": -0.5442904688825082,
    "win_rate": 0.42035398230088494,
    "total_trades": 226
}