{
    "cumulative_return": -0.5328734699526891,
    "annualized_return": -0.5688402926654251,
    "sharpe_ratio": -3.362471230870601,
    "max_drawdown": -0.5549524842995862,
    "win_rate": 0.37719298245614036,
    "total_trades": 228
}