{
    "cumulative_return": -0.3149862452424319,
    "annualized_return": -0.3441606951457188,
    "sharpe_ratio": -2.221012275041621,
    "max_drawdown": -0.33831493077350067,
    "win_rate": 0.40707964601769914,
    "total_trades": 226
}