{
    "cumulative_return": -0.7022502460206326,
    "annualized_return": -0.7394413283452921,
    "sharpe_ratio": -2.549325055424869,
    "max_drawdown": -0.7107091198803822,
    "win_rate": 0.40969162995594716,
    "total_trades": 227
}