{
    "cumulative_return": -0.19150165484666792,
    "annualized_return": -0.20939210012169074,
    "sharpe_ratio": -1.2507236128125834,
    "max_drawdown": -0.21290984598363982,
    "win_rate": 0.43859649122807015,
    "total_trades": 228
}