{
    "cumulative_return": -0.05818803170821363,
    "annualized_return": -0.06466122941776531,
    "sharpe_ratio": -0.04492234939234506,
    "max_drawdown": -0.24423420959430792,
    "win_rate": 0.43805309734513276,
    "total_trades": 226
}