{
    "cumulative_return": -0.15468768247869402,
    "annualized_return": -0.19885974636039028,
    "sharpe_ratio": -0.9032318990450965,
    "max_drawdown": -0.22836572197672403,
    "win_rate": 0.44502617801047123,
    "total_trades": 191
}