{
    "cumulative_return": -0.6299697913494762,
    "annualized_return": -0.669960932171197,
    "sharpe_ratio": -6.865915042425313,
    "max_drawdown": -0.6317617272173266,
    "win_rate": 0.3230088495575221,
    "total_trades": 226
}