{
    "cumulative_return": -0.523388461009925,
    "annualized_return": -0.5655546815211405,
    "sharpe_ratio": -2.4640579541649696,
    "max_drawdown": -0.5639416289213575,
    "win_rate": 0.42410714285714285,
    "total_trades": 224
}