{
    "cumulative_return": -0.33114568788527177,
    "annualized_return": -0.408526255677637,
    "sharpe_ratio": -2.317515368902146,
    "max_drawdown": -0.3385782285901229,
    "win_rate": 0.44041450777202074,
    "total_trades": 193
}