{
    "cumulative_return": -0.595907445663232,
    "annualized_return": -0.635910014509008,
    "sharpe_ratio": -5.488673682887939,
    "max_drawdown": -0.5982088468412332,
    "win_rate": 0.3185840707964602,
    "total_trades": 226
}