{
    "cumulative_return": -0.2547990579077194,
    "annualized_return": -0.2547990579077194,
    "sharpe_ratio": -1.0833956467784496,
    "max_drawdown": -0.33193934887490417,
    "win_rate": 0.4365079365079365,
    "total_trades": 252,
    "accuracy": 0.5079365079365079,
    "precision": 1.0,
    "recall": 0.008,
    "f1_score": 0.015873015873015872
}