{
    "cumulative_return": 0.2497063298096407,
    "annualized_return": 0.2835858648355576,
    "sharpe_ratio": 0.7592237352486253,
    "max_drawdown": -0.27823770074226756,
    "win_rate": 0.48,
    "total_trades": 225
}