{
    "cumulative_return": -0.6430560284488942,
    "annualized_return": -0.6459856619026572,
    "sharpe_ratio": -2.970883467491381,
    "max_drawdown": -0.6622453304399463,
    "win_rate": 0.408,
    "total_trades": 250,
    "accuracy": 0.556,
    "precision": 0.45,
    "recall": 0.08256880733944955,
    "f1_score": 0.13953488372093023
}