{
    "cumulative_return": -0.6222778768140003,
    "annualized_return": -0.6655594145749775,
    "sharpe_ratio": -3.320060098436729,
    "max_drawdown": -0.6347474516202255,
    "win_rate": 0.4107142857142857,
    "total_trades": 224
}