{
    "cumulative_return": -0.35815159481884085,
    "annualized_return": -0.35815159481884085,
    "sharpe_ratio": -2.087925265037868,
    "max_drawdown": -0.4479027517871985,
    "win_rate": 0.36507936507936506,
    "total_trades": 252,
    "accuracy": 0.45634920634920634,
    "precision": 0.4217687074829932,
    "recall": 0.543859649122807,
    "f1_score": 0.47509578544061304
}