{
    "cumulative_return": -0.4291578602649877,
    "annualized_return": -0.4618713267279221,
    "sharpe_ratio": -3.1838890775961604,
    "max_drawdown": -0.4658780192386554,
    "win_rate": 0.37280701754385964,
    "total_trades": 228
}