{
    "cumulative_return": -0.4914131028377098,
    "annualized_return": -0.5901862711530184,
    "sharpe_ratio": -4.093145645703355,
    "max_drawdown": -0.5012614816542301,
    "win_rate": 0.39267015706806285,
    "total_trades": 191
}