{
    "cumulative_return": -0.8547416402367505,
    "annualized_return": -0.8847613738259541,
    "sharpe_ratio": -4.3739927364827915,
    "max_drawdown": -0.8580570528023577,
    "win_rate": 0.3466666666666667,
    "total_trades": 225
}