{
    "cumulative_return": -0.2772112081368694,
    "annualized_return": -0.30259664611917514,
    "sharpe_ratio": -0.49703047346434004,
    "max_drawdown": -0.3718203783368491,
    "win_rate": 0.44493392070484583,
    "total_trades": 227
}