{
    "cumulative_return": -0.5405575626234694,
    "annualized_return": -0.5947227238587107,
    "sharpe_ratio": -4.284144514400903,
    "max_drawdown": -0.5433033968205445,
    "win_rate": 0.3686635944700461,
    "total_trades": 217,
    "accuracy": 0.47465437788018433,
    "precision": 0.4742268041237113,
    "recall": 0.42201834862385323,
    "f1_score": 0.44660194174757284
}