{
    "cumulative_return": 0.0592543131861063,
    "annualized_return": 0.06569234306311222,
    "sharpe_ratio": 0.42670080706259356,
    "max_drawdown": -0.11073935201684963,
    "win_rate": 0.4605263157894737,
    "total_trades": 228
}