{
    "cumulative_return": -0.5615279129095987,
    "annualized_return": -0.6012052495950821,
    "sharpe_ratio": -2.7192807100769203,
    "max_drawdown": -0.5819731482040644,
    "win_rate": 0.415929203539823,
    "total_trades": 226
}