{
    "cumulative_return": -0.15288938469320168,
    "annualized_return": -0.19478574038244667,
    "sharpe_ratio": -0.8824169102108367,
    "max_drawdown": -0.2211944443611417,
    "win_rate": 0.44559585492227977,
    "total_trades": 193
}