{
    "cumulative_return": -0.02129426472732765,
    "annualized_return": -0.021378189077922216,
    "sharpe_ratio": 0.18975510777926244,
    "max_drawdown": -0.3933993337558437,
    "win_rate": 0.4581673306772908,
    "total_trades": 251,
    "accuracy": 0.46613545816733065,
    "precision": 0.46558704453441296,
    "recall": 0.9829059829059829,
    "f1_score": 0.6318681318681318
}