{
    "cumulative_return": 0.1978415590852911,
    "annualized_return": 0.1978415590852911,
    "sharpe_ratio": 0.8619465332821501,
    "max_drawdown": -0.17429487022676685,
    "win_rate": 0.503968253968254,
    "total_trades": 252,
    "accuracy": 0.49603174603174605,
    "precision": 0.4948453608247423,
    "recall": 0.768,
    "f1_score": 0.6018808777429467
}