{
    "cumulative_return": -0.3628491538240798,
    "annualized_return": -0.3950472396040038,
    "sharpe_ratio": -2.565205476381606,
    "max_drawdown": -0.4102643741395091,
    "win_rate": 0.37610619469026546,
    "total_trades": 226
}