{
    "cumulative_return": -0.7764221597748886,
    "annualized_return": -0.7764221597748886,
    "sharpe_ratio": -8.504810383521782,
    "max_drawdown": -0.7709192492749217,
    "win_rate": 0.23015873015873015,
    "total_trades": 252,
    "accuracy": 0.5317460317460317,
    "precision": 0.5625,
    "recall": 0.2857142857142857,
    "f1_score": 0.37894736842105264
}