{
    "cumulative_return": -0.2710578368079456,
    "annualized_return": -0.29709489268590017,
    "sharpe_ratio": -1.315537264538672,
    "max_drawdown": -0.2975720778854448,
    "win_rate": 0.415929203539823,
    "total_trades": 226
}