{
    "cumulative_return": -0.018686604468077572,
    "annualized_return": -0.018686604468077572,
    "sharpe_ratio": -0.012616615726999205,
    "max_drawdown": -0.17285587531236263,
    "win_rate": 0.46825396825396826,
    "total_trades": 252,
    "accuracy": 0.5198412698412699,
    "precision": 0.5071090047393365,
    "recall": 0.8629032258064516,
    "f1_score": 0.6388059701492538
}