{
    "cumulative_return": -0.1531903552047057,
    "annualized_return": -0.1692354294274404,
    "sharpe_ratio": -0.6317321111930656,
    "max_drawdown": -0.30382998942087425,
    "win_rate": 0.42920353982300885,
    "total_trades": 226
}