{
    "cumulative_return": -0.6863970044455489,
    "annualized_return": -0.7255636455286405,
    "sharpe_ratio": -7.707448211222555,
    "max_drawdown": -0.6863970044455489,
    "win_rate": 0.24336283185840707,
    "total_trades": 226
}