{
    "cumulative_return": -0.029120163545144018,
    "annualized_return": -0.03241540768234308,
    "sharpe_ratio": -0.1033172117399002,
    "max_drawdown": -0.14766813288716077,
    "win_rate": 0.45132743362831856,
    "total_trades": 226
}