{
    "cumulative_return": -0.2194811019170657,
    "annualized_return": -0.23957679376377072,
    "sharpe_ratio": -0.9897394513089625,
    "max_drawdown": -0.3412778166219037,
    "win_rate": 0.4166666666666667,
    "total_trades": 228
}