{
    "cumulative_return": -0.3643858635209787,
    "annualized_return": -0.4500298342866951,
    "sharpe_ratio": -2.8311328215007694,
    "max_drawdown": -0.45311509443144815,
    "win_rate": 0.3507853403141361,
    "total_trades": 191
}