{
    "cumulative_return": -0.7966801160693333,
    "annualized_return": -0.8307261294597356,
    "sharpe_ratio": -4.103912306405821,
    "max_drawdown": -0.8041463980470215,
    "win_rate": 0.37168141592920356,
    "total_trades": 226
}