{
    "cumulative_return": -0.5657076470861274,
    "annualized_return": -0.5657076470861274,
    "sharpe_ratio": -2.5220697819879514,
    "max_drawdown": -0.6096853204009292,
    "win_rate": 0.42063492063492064,
    "total_trades": 252,
    "accuracy": 0.4603174603174603,
    "precision": 0.5205479452054794,
    "recall": 0.2733812949640288,
    "f1_score": 0.3584905660377358
}