{
    "cumulative_return": -0.721874502384129,
    "annualized_return": -0.721874502384129,
    "sharpe_ratio": -2.997005990128245,
    "max_drawdown": -0.7326422293900232,
    "win_rate": 0.40476190476190477,
    "total_trades": 252,
    "accuracy": 0.4801587301587302,
    "precision": 0.48598130841121495,
    "recall": 0.832,
    "f1_score": 0.6135693215339233
}