{
    "cumulative_return": 4.967086585352083,
    "annualized_return": 6.328402843428034,
    "sharpe_ratio": 6.005043454250092,
    "max_drawdown": -0.11954105959006914,
    "win_rate": 0.6592920353982301,
    "total_trades": 226
}