{
    "cumulative_return": 1.2847782805433492,
    "annualized_return": 1.4923964314166702,
    "sharpe_ratio": 2.3947919121159065,
    "max_drawdown": -0.128606784954805,
    "win_rate": 0.543859649122807,
    "total_trades": 228
}