{
    "cumulative_return": -0.13650105630271225,
    "annualized_return": -0.14973847462238898,
    "sharpe_ratio": -0.5627694522108889,
    "max_drawdown": -0.22026570769753392,
    "win_rate": 0.5,
    "total_trades": 228
}