{
    "cumulative_return": 0.8784239256945685,
    "annualized_return": 1.019723838020072,
    "sharpe_ratio": 3.1781458048732127,
    "max_drawdown": -0.13644592247153756,
    "win_rate": 0.5707964601769911,
    "total_trades": 226
}