{
    "cumulative_return": -0.7152750724093282,
    "annualized_return": -0.7152750724093282,
    "sharpe_ratio": -3.126967767876808,
    "max_drawdown": -0.7025452139908204,
    "win_rate": 0.36904761904761907,
    "total_trades": 252,
    "accuracy": 0.44841269841269843,
    "precision": 0.45,
    "recall": 0.13333333333333333,
    "f1_score": 0.2057142857142857
}