{
    "cumulative_return": -0.38776353731852564,
    "annualized_return": -0.41858044783632953,
    "sharpe_ratio": -1.3963951153755854,
    "max_drawdown": -0.5577244250628814,
    "win_rate": 0.5175438596491229,
    "total_trades": 228
}