{
    "cumulative_return": -0.6036897792079131,
    "annualized_return": -0.6437199183180278,
    "sharpe_ratio": -4.452012716663208,
    "max_drawdown": -0.6093316155875798,
    "win_rate": 0.37168141592920356,
    "total_trades": 226
}