{
    "cumulative_return": -0.15839324016230705,
    "annualized_return": -0.173532129793195,
    "sharpe_ratio": -0.285315403951206,
    "max_drawdown": -0.30453399729929453,
    "win_rate": 0.5570175438596491,
    "total_trades": 228
}