{
    "cumulative_return": -0.8421036000489864,
    "annualized_return": -0.8421036000489864,
    "sharpe_ratio": -5.521499311354266,
    "max_drawdown": -0.8479764933880783,
    "win_rate": 0.3253968253968254,
    "total_trades": 252,
    "accuracy": 0.48412698412698413,
    "precision": 0.4607329842931937,
    "recall": 0.7652173913043478,
    "f1_score": 0.5751633986928104
}