{
    "cumulative_return": -0.5837695118985717,
    "annualized_return": -0.62369460753321,
    "sharpe_ratio": -3.1628374945253466,
    "max_drawdown": -0.6396488361651247,
    "win_rate": 0.39823008849557523,
    "total_trades": 226
}