{
    "cumulative_return": -0.4016032029227252,
    "annualized_return": -0.4359297985985048,
    "sharpe_ratio": -1.3836095283106313,
    "max_drawdown": -0.5450342357156296,
    "win_rate": 0.45132743362831856,
    "total_trades": 226
}