{
    "cumulative_return": -0.6361072108042172,
    "annualized_return": -0.6760589611655669,
    "sharpe_ratio": -2.7448210764892647,
    "max_drawdown": -0.6438020477568988,
    "win_rate": 0.3805309734513274,
    "total_trades": 226
}