{
    "cumulative_return": -0.9246770841469463,
    "annualized_return": -0.9454816109771818,
    "sharpe_ratio": -8.767498841013449,
    "max_drawdown": -0.9246770841469463,
    "win_rate": 0.27232142857142855,
    "total_trades": 224
}