{
    "cumulative_return": 1.2954347861991602,
    "annualized_return": 1.5052481149443167,
    "sharpe_ratio": 2.4073434507611453,
    "max_drawdown": -0.11170745019557911,
    "win_rate": 0.543859649122807,
    "total_trades": 228
}