{
    "cumulative_return": -0.13019217813394612,
    "annualized_return": -0.16650107183211404,
    "sharpe_ratio": -0.777857716235143,
    "max_drawdown": -0.20510244651497447,
    "win_rate": 0.40932642487046633,
    "total_trades": 193
}