{
    "cumulative_return": 0.24396987348042432,
    "annualized_return": 0.27288699182295684,
    "sharpe_ratio": 0.8199727761772464,
    "max_drawdown": -0.24168143126395886,
    "win_rate": 0.5219298245614035,
    "total_trades": 228
}