{
    "cumulative_return": -0.4284188114073637,
    "annualized_return": -0.4640415282607805,
    "sharpe_ratio": -1.638208321140643,
    "max_drawdown": -0.44261815684769756,
    "win_rate": 0.46017699115044247,
    "total_trades": 226
}