{
    "cumulative_return": -0.3670148011191757,
    "annualized_return": -0.44959842538226746,
    "sharpe_ratio": -2.8185443886717185,
    "max_drawdown": -0.39542660461895734,
    "win_rate": 0.42487046632124353,
    "total_trades": 193
}