{
    "cumulative_return": -0.7913613584968181,
    "annualized_return": -0.8257811964830378,
    "sharpe_ratio": -4.029036803630707,
    "max_drawdown": -0.7980657242273934,
    "win_rate": 0.38495575221238937,
    "total_trades": 226
}