{
    "cumulative_return": -0.5436866557922873,
    "annualized_return": -0.5830697972760317,
    "sharpe_ratio": -2.3829658730027172,
    "max_drawdown": -0.5673561331402517,
    "win_rate": 0.4026548672566372,
    "total_trades": 226
}