{
    "cumulative_return": -0.01771380051394722,
    "annualized_return": -0.023304711437641235,
    "sharpe_ratio": -0.008660569712053501,
    "max_drawdown": -0.1774450503219981,
    "win_rate": 0.4816753926701571,
    "total_trades": 191
}