{
    "cumulative_return": -0.29782165962042706,
    "annualized_return": -0.3234747656150039,
    "sharpe_ratio": -1.1222643958451954,
    "max_drawdown": -0.35790164644747996,
    "win_rate": 0.4956140350877193,
    "total_trades": 228
}