{
    "cumulative_return": 0.13185685257740976,
    "annualized_return": 0.14671044446727222,
    "sharpe_ratio": 0.6942289045300727,
    "max_drawdown": -0.17016875593021263,
    "win_rate": 0.4649122807017544,
    "total_trades": 228
}