{
    "cumulative_return": -0.8578777730607502,
    "annualized_return": -0.8842639834286894,
    "sharpe_ratio": -6.554609118863826,
    "max_drawdown": -0.8617421624291977,
    "win_rate": 0.29385964912280704,
    "total_trades": 228
}