{
    "cumulative_return": 0.05373755930978441,
    "annualized_return": 0.059559502711516776,
    "sharpe_ratio": 0.34245628108417586,
    "max_drawdown": -0.22096468747974818,
    "win_rate": 0.5263157894736842,
    "total_trades": 228
}