{
    "cumulative_return": -0.3477825561956357,
    "annualized_return": -0.37907474488318804,
    "sharpe_ratio": -1.441630760666958,
    "max_drawdown": -0.4351119697021576,
    "win_rate": 0.4424778761061947,
    "total_trades": 226
}