{
    "cumulative_return": -0.44214735182483855,
    "annualized_return": -0.4753890622602649,
    "sharpe_ratio": -2.766174117371125,
    "max_drawdown": -0.5006066007389436,
    "win_rate": 0.4473684210526316,
    "total_trades": 228
}