{
    "cumulative_return": -0.35687954824221824,
    "annualized_return": -0.38607889292807285,
    "sharpe_ratio": -2.821768080839497,
    "max_drawdown": -0.38211143949191306,
    "win_rate": 0.44298245614035087,
    "total_trades": 228
}