{
    "cumulative_return": -0.34602092281585717,
    "annualized_return": -0.37461202985150666,
    "sharpe_ratio": -1.9659728424361431,
    "max_drawdown": -0.3680143704468008,
    "win_rate": 0.4298245614035088,
    "total_trades": 228
}