{
    "cumulative_return": -0.5260084263588338,
    "annualized_return": -0.5650193918842673,
    "sharpe_ratio": -4.491550193020869,
    "max_drawdown": -0.5371270332576987,
    "win_rate": 0.3938053097345133,
    "total_trades": 226
}