{
    "cumulative_return": -0.44713849252606697,
    "annualized_return": -0.5387522015719763,
    "sharpe_ratio": -4.219580958580614,
    "max_drawdown": -0.45339245373634235,
    "win_rate": 0.3626943005181347,
    "total_trades": 193
}