{
    "cumulative_return": -0.22035837593784713,
    "annualized_return": -0.24052139215392176,
    "sharpe_ratio": -0.7394976711616472,
    "max_drawdown": -0.30894077017462224,
    "win_rate": 0.45614035087719296,
    "total_trades": 228
}