{
    "cumulative_return": -0.012347308174566307,
    "annualized_return": -0.0136381233404268,
    "sharpe_ratio": -0.007025776692632898,
    "max_drawdown": -0.1569066354001087,
    "win_rate": 0.5043859649122807,
    "total_trades": 228
}