{
    "cumulative_return": -0.31120913083224033,
    "annualized_return": -0.3401271409987605,
    "sharpe_ratio": -1.4802386426699337,
    "max_drawdown": -0.4053617217134177,
    "win_rate": 0.42920353982300885,
    "total_trades": 226
}