{
    "cumulative_return": -0.42559019123274844,
    "annualized_return": -0.42559019123274844,
    "sharpe_ratio": -1.4080076824052974,
    "max_drawdown": -0.4793581746440333,
    "win_rate": 0.4365079365079365,
    "total_trades": 252,
    "accuracy": 0.5119047619047619,
    "precision": 0.5043478260869565,
    "recall": 0.928,
    "f1_score": 0.6535211267605634
}