{
    "cumulative_return": -0.4356689099712503,
    "annualized_return": -0.4356689099712503,
    "sharpe_ratio": -3.380934763798767,
    "max_drawdown": -0.46722857173659516,
    "win_rate": 0.4166666666666667,
    "total_trades": 252,
    "accuracy": 0.5158730158730159,
    "precision": 0.5317919075144508,
    "recall": 0.6917293233082706,
    "f1_score": 0.6013071895424836
}