{
    "cumulative_return": -0.21874764608001884,
    "annualized_return": -0.21874764608001884,
    "sharpe_ratio": -0.5273120920024921,
    "max_drawdown": -0.4530672252680581,
    "win_rate": 0.48412698412698413,
    "total_trades": 252,
    "accuracy": 0.5,
    "precision": 0.4979757085020243,
    "recall": 0.984,
    "f1_score": 0.6612903225806451
}