{
    "cumulative_return": -0.19055748705672904,
    "annualized_return": -0.24340543390019553,
    "sharpe_ratio": -1.6903517718798153,
    "max_drawdown": -0.23760467499611923,
    "win_rate": 0.4607329842931937,
    "total_trades": 191
}