{
    "cumulative_return": 0.09475880352472554,
    "annualized_return": 0.10622076739013142,
    "sharpe_ratio": 0.6055079017805701,
    "max_drawdown": -0.18397925055120662,
    "win_rate": 0.4690265486725664,
    "total_trades": 226
}