{
    "cumulative_return": -0.8013942208698092,
    "annualized_return": -0.8377290170584053,
    "sharpe_ratio": -7.376419440300755,
    "max_drawdown": -0.8041445849706658,
    "win_rate": 0.2857142857142857,
    "total_trades": 224
}