{
    "cumulative_return": -0.6684327818008455,
    "annualized_return": -0.7079776414052973,
    "sharpe_ratio": -4.825084732423379,
    "max_drawdown": -0.6684327818008455,
    "win_rate": 0.36283185840707965,
    "total_trades": 226
}