{
    "cumulative_return": -0.25508082945748034,
    "annualized_return": -0.25508082945748034,
    "sharpe_ratio": -1.1528866995250697,
    "max_drawdown": -0.3012690260262373,
    "win_rate": 0.5079365079365079,
    "total_trades": 252,
    "accuracy": 0.5555555555555556,
    "precision": 0.56,
    "recall": 0.12173913043478261,
    "f1_score": 0.2
}