{
    "cumulative_return": -0.18917091855186274,
    "annualized_return": -0.21613640136655365,
    "sharpe_ratio": -1.5195482346622786,
    "max_drawdown": -0.20152261676125566,
    "win_rate": 0.4009216589861751,
    "total_trades": 217,
    "accuracy": 0.45161290322580644,
    "precision": 0.6666666666666666,
    "recall": 0.03305785123966942,
    "f1_score": 0.06299212598425197
}