{
    "cumulative_return": -0.38794253000586365,
    "annualized_return": -0.42155260167680253,
    "sharpe_ratio": -3.218170480728047,
    "max_drawdown": -0.452931160048071,
    "win_rate": 0.4247787610619469,
    "total_trades": 226
}