{
    "cumulative_return": -0.6530402794646372,
    "annualized_return": -0.6530402794646372,
    "sharpe_ratio": -5.030938986937414,
    "max_drawdown": -0.6517365657482536,
    "win_rate": 0.376984126984127,
    "total_trades": 252,
    "accuracy": 0.48412698412698413,
    "precision": 0.5104166666666666,
    "recall": 0.3712121212121212,
    "f1_score": 0.4298245614035088
}