{
    "cumulative_return": 0.2835622340469921,
    "annualized_return": 0.32096002354147246,
    "sharpe_ratio": 1.3287807746145086,
    "max_drawdown": -0.1392334584671513,
    "win_rate": 0.5663716814159292,
    "total_trades": 226
}