{
    "cumulative_return": -0.6439286979023071,
    "annualized_return": -0.6439286979023071,
    "sharpe_ratio": -4.097993753086079,
    "max_drawdown": -0.6345581418008143,
    "win_rate": 0.3888888888888889,
    "total_trades": 252,
    "accuracy": 0.5277777777777778,
    "precision": 0.5294117647058824,
    "recall": 0.5,
    "f1_score": 0.5142857142857142
}