{
    "cumulative_return": -0.5681919958617372,
    "annualized_return": -0.6079576535431084,
    "sharpe_ratio": -4.814138253450616,
    "max_drawdown": -0.5681919958617372,
    "win_rate": 0.3805309734513274,
    "total_trades": 226
}