{
    "cumulative_return": -0.6316233896797301,
    "annualized_return": -0.6716050710457704,
    "sharpe_ratio": -2.9018468768637615,
    "max_drawdown": -0.639573262244566,
    "win_rate": 0.415929203539823,
    "total_trades": 226
}