{
    "cumulative_return": -0.2936069839165678,
    "annualized_return": -0.32129655578214456,
    "sharpe_ratio": -2.2300128325861612,
    "max_drawdown": -0.32607271990249714,
    "win_rate": 0.4424778761061947,
    "total_trades": 226
}