{
    "cumulative_return": -0.1337057982706099,
    "annualized_return": -0.14789292489423544,
    "sharpe_ratio": -0.5779165714254204,
    "max_drawdown": -0.2068806239492601,
    "win_rate": 0.49557522123893805,
    "total_trades": 226
}