{
    "cumulative_return": -0.4461284563631732,
    "annualized_return": -0.4487401973152775,
    "sharpe_ratio": -2.1900090274813144,
    "max_drawdown": -0.44970577998632766,
    "win_rate": 0.436,
    "total_trades": 250,
    "accuracy": 0.496,
    "precision": 0.4861111111111111,
    "recall": 0.28225806451612906,
    "f1_score": 0.35714285714285715
}