{
    "cumulative_return": 1.3535997009717393,
    "annualized_return": 1.6193840292450292,
    "sharpe_ratio": 3.853514849768515,
    "max_drawdown": -0.11638512089799567,
    "win_rate": 0.5625,
    "total_trades": 224
}