{
    "cumulative_return": -0.24863215469936095,
    "annualized_return": -0.2729401509762388,
    "sharpe_ratio": -0.6871607943218352,
    "max_drawdown": -0.43167423537633376,
    "win_rate": 0.47345132743362833,
    "total_trades": 226
}