{
    "cumulative_return": -0.08056662442057405,
    "annualized_return": -0.10490389242082743,
    "sharpe_ratio": -0.6198877860641175,
    "max_drawdown": -0.17448483715415225,
    "win_rate": 0.4973821989528796,
    "total_trades": 191
}