{
    "cumulative_return": -0.45630858191650936,
    "annualized_return": -0.49311866101609014,
    "sharpe_ratio": -4.480895713859476,
    "max_drawdown": -0.47325116306971743,
    "win_rate": 0.3495575221238938,
    "total_trades": 226
}