{
    "cumulative_return": -0.06666092634575971,
    "annualized_return": -0.0734140613121721,
    "sharpe_ratio": -0.4470156349247203,
    "max_drawdown": -0.13429290993928522,
    "win_rate": 0.4780701754385965,
    "total_trades": 228
}