{
    "cumulative_return": -0.6152906364390689,
    "annualized_return": -0.6520935176889227,
    "sharpe_ratio": -7.9788168223096525,
    "max_drawdown": -0.6152906364390689,
    "win_rate": 0.3157894736842105,
    "total_trades": 228
}