{
    "cumulative_return": -0.7706426498077422,
    "annualized_return": -0.7733285807926845,
    "sharpe_ratio": -9.026929289603494,
    "max_drawdown": -0.764730158825265,
    "win_rate": 0.296,
    "total_trades": 250,
    "accuracy": 0.476,
    "precision": 0.46236559139784944,
    "recall": 0.3467741935483871,
    "f1_score": 0.39631336405529954
}