{
    "cumulative_return": -0.06144064774063662,
    "annualized_return": -0.06144064774063662,
    "sharpe_ratio": -0.17604949386574723,
    "max_drawdown": -0.28952153419632487,
    "win_rate": 0.5198412698412699,
    "total_trades": 252,
    "accuracy": 0.5277777777777778,
    "precision": 0.5497382198952879,
    "recall": 0.7608695652173914,
    "f1_score": 0.6382978723404256
}