{
    "cumulative_return": -0.4806579785953192,
    "annualized_return": -0.4806579785953192,
    "sharpe_ratio": -3.887368847917404,
    "max_drawdown": -0.4776637524291551,
    "win_rate": 0.42063492063492064,
    "total_trades": 252,
    "accuracy": 0.49206349206349204,
    "precision": 0.75,
    "recall": 0.06716417910447761,
    "f1_score": 0.1232876712328767
}