{
    "cumulative_return": -0.6775006064474467,
    "annualized_return": -0.7753186996589843,
    "sharpe_ratio": -9.10099301864063,
    "max_drawdown": -0.6783072582572328,
    "win_rate": 0.2198952879581152,
    "total_trades": 191
}