{
    "cumulative_return": -0.06686286344708048,
    "annualized_return": -0.07426246451468976,
    "sharpe_ratio": -0.47521168847454354,
    "max_drawdown": -0.1277923556068689,
    "win_rate": 0.48672566371681414,
    "total_trades": 226
}