{
    "cumulative_return": -0.6086758082674402,
    "annualized_return": -0.6086758082674402,
    "sharpe_ratio": -2.970056879700696,
    "max_drawdown": -0.6088086677064748,
    "win_rate": 0.40476190476190477,
    "total_trades": 252,
    "accuracy": 0.503968253968254,
    "precision": 0.5882352941176471,
    "recall": 0.22388059701492538,
    "f1_score": 0.32432432432432434
}