{
    "cumulative_return": -0.741710825747083,
    "annualized_return": -0.7789592200723987,
    "sharpe_ratio": -4.985424851868887,
    "max_drawdown": -0.7700292840435328,
    "win_rate": 0.34513274336283184,
    "total_trades": 226
}