{
    "cumulative_return": -0.3658103656956124,
    "annualized_return": -0.3981814237041462,
    "sharpe_ratio": -2.9552236671477115,
    "max_drawdown": -0.3672260410460297,
    "win_rate": 0.415929203539823,
    "total_trades": 226
}