{
    "cumulative_return": -0.48487516919988716,
    "annualized_return": -0.5227239152122316,
    "sharpe_ratio": -3.9465849170678062,
    "max_drawdown": -0.5186726702641187,
    "win_rate": 0.37168141592920356,
    "total_trades": 226
}