{
    "cumulative_return": -0.13841194886953367,
    "annualized_return": -0.1530529371634326,
    "sharpe_ratio": -1.1069475162954165,
    "max_drawdown": -0.17799244399232855,
    "win_rate": 0.4557522123893805,
    "total_trades": 226
}