{
    "cumulative_return": 0.08654457698355644,
    "annualized_return": 0.09696964898289062,
    "sharpe_ratio": 0.6305996142937121,
    "max_drawdown": -0.11206443702659134,
    "win_rate": 0.5,
    "total_trades": 226
}