{
    "cumulative_return": -0.5760451081464915,
    "annualized_return": -0.6158994576870653,
    "sharpe_ratio": -5.24721431832974,
    "max_drawdown": -0.5773192228544085,
    "win_rate": 0.3495575221238938,
    "total_trades": 226
}