{
    "cumulative_return": 0.01534123107343488,
    "annualized_return": 0.01534123107343488,
    "sharpe_ratio": 0.17639248828911902,
    "max_drawdown": -0.12008422535305646,
    "win_rate": 0.49603174603174605,
    "total_trades": 252,
    "accuracy": 0.4801587301587302,
    "precision": 0.4830508474576271,
    "recall": 0.926829268292683,
    "f1_score": 0.6350974930362117
}