{
    "cumulative_return": -0.5242400837497789,
    "annualized_return": -0.5242400837497789,
    "sharpe_ratio": -3.301064466120774,
    "max_drawdown": -0.5222134243248311,
    "win_rate": 0.40476190476190477,
    "total_trades": 252,
    "accuracy": 0.5119047619047619,
    "precision": 0.6190476190476191,
    "recall": 0.2826086956521739,
    "f1_score": 0.3880597014925373
}