{
    "cumulative_return": 0.2724735373110747,
    "annualized_return": 0.3051619926071283,
    "sharpe_ratio": 1.6571985414183545,
    "max_drawdown": -0.1019391393542714,
    "win_rate": 0.5307017543859649,
    "total_trades": 228
}