{
    "cumulative_return": -0.536235816599129,
    "annualized_return": -0.5722691301482956,
    "sharpe_ratio": -5.150735797202476,
    "max_drawdown": -0.536235816599129,
    "win_rate": 0.37280701754385964,
    "total_trades": 228
}