{
    "cumulative_return": -0.5078085829986486,
    "annualized_return": -0.5431989510705313,
    "sharpe_ratio": -3.4102504638651996,
    "max_drawdown": -0.560059073737303,
    "win_rate": 0.45614035087719296,
    "total_trades": 228
}