{
    "cumulative_return": -0.7158175089513846,
    "annualized_return": -0.757172996080422,
    "sharpe_ratio": -8.238096121801167,
    "max_drawdown": -0.7158175089513846,
    "win_rate": 0.3169642857142857,
    "total_trades": 224
}