{
    "cumulative_return": -0.5184731038123347,
    "annualized_return": -0.5573016839140386,
    "sharpe_ratio": -3.56039126944702,
    "max_drawdown": -0.5213582219025812,
    "win_rate": 0.38495575221238937,
    "total_trades": 226
}