{
    "cumulative_return": 1.8979519316489353,
    "annualized_return": 1.8979519316489353,
    "sharpe_ratio": 3.7359247016269843,
    "max_drawdown": -0.1254091686409054,
    "win_rate": 0.5595238095238095,
    "total_trades": 252,
    "accuracy": 0.5079365079365079,
    "precision": 0.5833333333333334,
    "recall": 0.26119402985074625,
    "f1_score": 0.36082474226804123
}