{
    "cumulative_return": 0.14571935531568925,
    "annualized_return": 0.16224319783059293,
    "sharpe_ratio": 1.0278845628604383,
    "max_drawdown": -0.1344771914273945,
    "win_rate": 0.5,
    "total_trades": 228
}