{
    "cumulative_return": -0.6974632911688786,
    "annualized_return": -0.7394594426584676,
    "sharpe_ratio": -7.721494398056326,
    "max_drawdown": -0.6974632911688786,
    "win_rate": 0.32589285714285715,
    "total_trades": 224
}