{
    "cumulative_return": -0.3041234200868549,
    "annualized_return": -0.3301822306727856,
    "sharpe_ratio": -1.657655013028945,
    "max_drawdown": -0.34164454917339643,
    "win_rate": 0.4649122807017544,
    "total_trades": 228
}