{
    "cumulative_return": 0.1305397008329643,
    "annualized_return": 0.14523563078115087,
    "sharpe_ratio": 0.5946409912484865,
    "max_drawdown": -0.3249202214397204,
    "win_rate": 0.5307017543859649,
    "total_trades": 228
}