{
    "cumulative_return": -0.3312779030456823,
    "annualized_return": -0.3615289733261513,
    "sharpe_ratio": -1.878319972422531,
    "max_drawdown": -0.4260771934275034,
    "win_rate": 0.40707964601769914,
    "total_trades": 226
}