{
    "cumulative_return": -0.3568435813994062,
    "annualized_return": -0.43802228436658774,
    "sharpe_ratio": -3.0690718513896105,
    "max_drawdown": -0.3847307299025018,
    "win_rate": 0.38341968911917096,
    "total_trades": 193
}