{
    "cumulative_return": -0.6141048695951214,
    "annualized_return": -0.6541442744194468,
    "sharpe_ratio": -3.3734949029116503,
    "max_drawdown": -0.6496586366126035,
    "win_rate": 0.3893805309734513,
    "total_trades": 226
}