{
    "cumulative_return": -0.5251559979689149,
    "annualized_return": -0.5641470350199489,
    "sharpe_ratio": -5.608022542353473,
    "max_drawdown": -0.5251559979689149,
    "win_rate": 0.3274336283185841,
    "total_trades": 226
}