{
    "cumulative_return": 0.22544952359777226,
    "annualized_return": 0.30402913218436667,
    "sharpe_ratio": 1.5299239807206497,
    "max_drawdown": -0.07721503176048891,
    "win_rate": 0.48186528497409326,
    "total_trades": 193
}