{
    "cumulative_return": 2.1632269686043593,
    "annualized_return": 2.570883282485509,
    "sharpe_ratio": 4.449262280715111,
    "max_drawdown": -0.08835125448028662,
    "win_rate": 0.6140350877192983,
    "total_trades": 228
}