{
    "cumulative_return": -0.5228054164571591,
    "annualized_return": -0.6232268605012649,
    "sharpe_ratio": -5.419842444151062,
    "max_drawdown": -0.528219698232401,
    "win_rate": 0.3298429319371728,
    "total_trades": 191
}