{
    "cumulative_return": -0.341793746398542,
    "annualized_return": -0.341793746398542,
    "sharpe_ratio": -2.039045903617617,
    "max_drawdown": -0.37974742529449096,
    "win_rate": 0.38095238095238093,
    "total_trades": 252,
    "accuracy": 0.5,
    "precision": 0.5,
    "recall": 0.10317460317460317,
    "f1_score": 0.17105263157894737
}