{
    "cumulative_return": -0.5548614963926102,
    "annualized_return": -0.5548614963926102,
    "sharpe_ratio": -3.9823621993815363,
    "max_drawdown": -0.5949343393180934,
    "win_rate": 0.3253968253968254,
    "total_trades": 252,
    "accuracy": 0.5317460317460317,
    "precision": 0.46153846153846156,
    "recall": 0.21052631578947367,
    "f1_score": 0.2891566265060241
}