{
    "cumulative_return": -0.1680801280547185,
    "annualized_return": -0.1680801280547185,
    "sharpe_ratio": -0.9218919724168759,
    "max_drawdown": -0.22418186937493717,
    "win_rate": 0.44841269841269843,
    "total_trades": 252
}