{
    "cumulative_return": -0.3547445508211283,
    "annualized_return": -0.3547445508211283,
    "sharpe_ratio": -2.1421159102063125,
    "max_drawdown": -0.39187450682437835,
    "win_rate": 0.3968253968253968,
    "total_trades": 252,
    "accuracy": 0.5436507936507936,
    "precision": 0.5901639344262295,
    "recall": 0.2857142857142857,
    "f1_score": 0.3850267379679144
}