{
    "cumulative_return": -0.5107406756556521,
    "annualized_return": -0.5640217996701339,
    "sharpe_ratio": -3.9060184150958013,
    "max_drawdown": -0.5114788827458127,
    "win_rate": 0.37327188940092165,
    "total_trades": 217,
    "accuracy": 0.5345622119815668,
    "precision": 0.6111111111111112,
    "recall": 0.2018348623853211,
    "f1_score": 0.30344827586206896
}