{
    "cumulative_return": -0.21797103383254846,
    "annualized_return": -0.21797103383254846,
    "sharpe_ratio": -0.8848776155224063,
    "max_drawdown": -0.29367912646659405,
    "win_rate": 0.44841269841269843,
    "total_trades": 252
}