{
    "cumulative_return": -0.24184559378137882,
    "annualized_return": -0.24184559378137882,
    "sharpe_ratio": -1.0124363463566675,
    "max_drawdown": -0.30455704925107174,
    "win_rate": 0.4365079365079365,
    "total_trades": 252
}