{
    "cumulative_return": -0.45351367087988526,
    "annualized_return": -0.45351367087988526,
    "sharpe_ratio": -3.298615819701806,
    "max_drawdown": -0.49333902824517506,
    "win_rate": 0.3968253968253968,
    "total_trades": 252,
    "accuracy": 0.5238095238095238,
    "precision": 0.5555555555555556,
    "recall": 0.16129032258064516,
    "f1_score": 0.25
}