{
    "cumulative_return": 0.0028368794326236735,
    "annualized_return": 0.0028368794326236735,
    "sharpe_ratio": 0.1154292135184969,
    "max_drawdown": -0.20462218965111184,
    "win_rate": 0.45634920634920634,
    "total_trades": 252
}