{
    "cumulative_return": -0.37357623264184203,
    "annualized_return": -0.41909510256690297,
    "sharpe_ratio": -2.473883710530423,
    "max_drawdown": -0.39596221325176933,
    "win_rate": 0.41013824884792627,
    "total_trades": 217
}