{
    "cumulative_return": 0.9586001061167302,
    "annualized_return": 0.9586001061167302,
    "sharpe_ratio": 1.9055221113250973,
    "max_drawdown": -0.23482238959033894,
    "win_rate": 0.5476190476190477,
    "total_trades": 252,
    "accuracy": 0.5198412698412699,
    "precision": 0.4537037037037037,
    "recall": 0.44144144144144143,
    "f1_score": 0.4474885844748858
}