{
    "cumulative_return": -0.11900954151279408,
    "annualized_return": -0.1368314808071165,
    "sharpe_ratio": -0.7044619559872487,
    "max_drawdown": -0.21717677555365772,
    "win_rate": 0.45622119815668205,
    "total_trades": 217,
    "accuracy": 0.5023041474654378,
    "precision": 0.5128205128205128,
    "recall": 0.36363636363636365,
    "f1_score": 0.425531914893617
}