{
    "cumulative_return": 2.2676981398472877,
    "annualized_return": 2.2676981398472877,
    "sharpe_ratio": 6.206089144860477,
    "max_drawdown": -0.06137989543762006,
    "win_rate": 0.6190476190476191,
    "total_trades": 252,
    "accuracy": 0.4722222222222222,
    "precision": 0.47674418604651164,
    "recall": 0.3178294573643411,
    "f1_score": 0.3813953488372093
}