{
    "cumulative_return": 0.9586001061167302,
    "annualized_return": 0.9586001061167302,
    "sharpe_ratio": 1.9055221113250973,
    "max_drawdown": -0.23482238959033894,
    "win_rate": 0.5476190476190477,
    "total_trades": 252
}