{
    "cumulative_return": -0.11900954151279408,
    "annualized_return": -0.1368314808071165,
    "sharpe_ratio": -0.7044619559872487,
    "max_drawdown": -0.21717677555365772,
    "win_rate": 0.45622119815668205,
    "total_trades": 217
}