{
    "cumulative_return": 0.059436708856903,
    "annualized_return": 0.059436708856903,
    "sharpe_ratio": 0.36096222694311214,
    "max_drawdown": -0.20667393888360586,
    "win_rate": 0.48412698412698413,
    "total_trades": 252,
    "accuracy": 0.5277777777777778,
    "precision": 0.5533980582524272,
    "recall": 0.43846153846153846,
    "f1_score": 0.4892703862660944
}