{
    "cumulative_return": 0.6824795535205748,
    "annualized_return": 0.6824795535205748,
    "sharpe_ratio": 2.1563771409993837,
    "max_drawdown": -0.20715425582866706,
    "win_rate": 0.5753968253968254,
    "total_trades": 252
}