{
    "cumulative_return": 0.691888266988838,
    "annualized_return": 0.6990206294490153,
    "sharpe_ratio": 2.2305169897411745,
    "max_drawdown": -0.11527192856802389,
    "win_rate": 0.544,
    "total_trades": 250,
    "accuracy": 0.516,
    "precision": 0.5149700598802395,
    "recall": 0.6825396825396826,
    "f1_score": 0.5870307167235495
}