{
    "cumulative_return": -0.28677613971489657,
    "annualized_return": -0.28677613971489657,
    "sharpe_ratio": -1.2985941261464353,
    "max_drawdown": -0.32285413441957683,
    "win_rate": 0.4722222222222222,
    "total_trades": 252,
    "accuracy": 0.4642857142857143,
    "precision": 0.3684210526315789,
    "recall": 0.05384615384615385,
    "f1_score": 0.09395973154362416
}