{
    "cumulative_return": 0.6464319099745583,
    "annualized_return": 0.7843095090555896,
    "sharpe_ratio": 3.2939049927798623,
    "max_drawdown": -0.09764970354898143,
    "win_rate": 0.5345622119815668,
    "total_trades": 217,
    "accuracy": 0.4608294930875576,
    "precision": 0.4639175257731959,
    "recall": 0.4090909090909091,
    "f1_score": 0.43478260869565216
}