{
    "cumulative_return": 0.691888266988838,
    "annualized_return": 0.6990206294490153,
    "sharpe_ratio": 2.2305169897411745,
    "max_drawdown": -0.11527192856802389,
    "win_rate": 0.544,
    "total_trades": 250
}