{
    "cumulative_return": 0.6824795535205748,
    "annualized_return": 0.6824795535205748,
    "sharpe_ratio": 2.1563771409993837,
    "max_drawdown": -0.20715425582866706,
    "win_rate": 0.5753968253968254,
    "total_trades": 252,
    "accuracy": 0.5198412698412699,
    "precision": 0.5272727272727272,
    "recall": 0.4566929133858268,
    "f1_score": 0.48945147679324896
}