{
    "cumulative_return": -0.3874658149354945,
    "annualized_return": -0.3874658149354945,
    "sharpe_ratio": -2.130792219352316,
    "max_drawdown": -0.40811938284222604,
    "win_rate": 0.4126984126984127,
    "total_trades": 252
}