{
    "cumulative_return": 0.059436708856903,
    "annualized_return": 0.059436708856903,
    "sharpe_ratio": 0.36096222694311214,
    "max_drawdown": -0.20667393888360586,
    "win_rate": 0.48412698412698413,
    "total_trades": 252
}