{
    "cumulative_return": -0.1362202577069419,
    "annualized_return": -0.1372315829724159,
    "sharpe_ratio": -0.45210362269332627,
    "max_drawdown": -0.28133902563837,
    "win_rate": 0.484,
    "total_trades": 250,
    "accuracy": 0.492,
    "precision": 0.4666666666666667,
    "recall": 0.05555555555555555,
    "f1_score": 0.09929078014184398
}