{
    "cumulative_return": 1.239749540602264,
    "annualized_return": 1.239749540602264,
    "sharpe_ratio": 3.3121315477204307,
    "max_drawdown": -0.10136263736263743,
    "win_rate": 0.5714285714285714,
    "total_trades": 252,
    "accuracy": 0.5119047619047619,
    "precision": 0.51,
    "recall": 0.8031496062992126,
    "f1_score": 0.6238532110091743
}