{
    "cumulative_return": 0.07855664954741326,
    "annualized_return": 0.07855664954741326,
    "sharpe_ratio": 0.46792185261002495,
    "max_drawdown": -0.25332162613847115,
    "win_rate": 0.5079365079365079,
    "total_trades": 252,
    "accuracy": 0.5079365079365079,
    "precision": 0.5106382978723404,
    "recall": 0.9302325581395349,
    "f1_score": 0.6593406593406593
}