{
    "cumulative_return": 0.07855664954741326,
    "annualized_return": 0.07855664954741326,
    "sharpe_ratio": 0.46792185261002495,
    "max_drawdown": -0.25332162613847115,
    "win_rate": 0.5079365079365079,
    "total_trades": 252
}