{
    "cumulative_return": 0.002480224670371456,
    "annualized_return": 0.002480224670371456,
    "sharpe_ratio": 0.12192851022875079,
    "max_drawdown": -0.13274438189246873,
    "win_rate": 0.5158730158730159,
    "total_trades": 252,
    "accuracy": 0.5476190476190477,
    "precision": 0.5151515151515151,
    "recall": 0.4358974358974359,
    "f1_score": 0.4722222222222222
}