{
    "cumulative_return": -0.44137581010835425,
    "annualized_return": -0.47757094980289216,
    "sharpe_ratio": -2.550622699110323,
    "max_drawdown": -0.5085831686345994,
    "win_rate": 0.38495575221238937,
    "total_trades": 226
}