{
    "cumulative_return": -0.19268426005929418,
    "annualized_return": -0.19337240570393788,
    "sharpe_ratio": -0.22331505357864725,
    "max_drawdown": -0.40524098213399007,
    "win_rate": 0.4541832669322709,
    "total_trades": 251,
    "accuracy": 0.5338645418326693,
    "precision": 0.5,
    "recall": 0.02564102564102564,
    "f1_score": 0.04878048780487805
}