{
    "cumulative_return": -0.585594422593683,
    "annualized_return": -0.5885045887357753,
    "sharpe_ratio": -2.503738936497893,
    "max_drawdown": -0.5902916767620288,
    "win_rate": 0.404,
    "total_trades": 250,
    "accuracy": 0.572,
    "precision": 0.5161290322580645,
    "recall": 0.29357798165137616,
    "f1_score": 0.3742690058479532
}