{
    "cumulative_return": -0.44717277380650733,
    "annualized_return": -0.44717277380650733,
    "sharpe_ratio": -2.8451217087864427,
    "max_drawdown": -0.4487574449022777,
    "win_rate": 0.373015873015873,
    "total_trades": 252,
    "accuracy": 0.5079365079365079,
    "precision": 0.38636363636363635,
    "recall": 0.14912280701754385,
    "f1_score": 0.21518987341772153
}