{
    "cumulative_return": -0.2377163249367471,
    "annualized_return": -0.2377163249367471,
    "sharpe_ratio": -0.9900755283002468,
    "max_drawdown": -0.30455704925107174,
    "win_rate": 0.44047619047619047,
    "total_trades": 252,
    "accuracy": 0.5198412698412699,
    "precision": 1.0,
    "recall": 0.032,
    "f1_score": 0.06201550387596899
}