{
    "cumulative_return": -0.24983043007160421,
    "annualized_return": -0.27423293635182655,
    "sharpe_ratio": -1.658715008488138,
    "max_drawdown": -0.33115119796156833,
    "win_rate": 0.39823008849557523,
    "total_trades": 226
}