{
    "cumulative_return": -0.14508701162874327,
    "annualized_return": -0.16036618050986273,
    "sharpe_ratio": -0.9221556544095547,
    "max_drawdown": -0.18288415800793234,
    "win_rate": 0.4424778761061947,
    "total_trades": 226
}