{
    "cumulative_return": -0.5331307781334582,
    "annualized_return": -0.6339456620846049,
    "sharpe_ratio": -4.668684405652408,
    "max_drawdown": -0.539894589429167,
    "win_rate": 0.36649214659685864,
    "total_trades": 191
}