{
    "cumulative_return": -0.17221326779683654,
    "annualized_return": -0.19077614540122723,
    "sharpe_ratio": -0.19582245789594924,
    "max_drawdown": -0.35174539876848293,
    "win_rate": 0.44,
    "total_trades": 225
}