{
    "cumulative_return": 0.018326365407051126,
    "annualized_return": 0.02045613455701578,
    "sharpe_ratio": 0.2036614219060825,
    "max_drawdown": -0.1688945094876553,
    "win_rate": 0.4646017699115044,
    "total_trades": 226
}