{
    "cumulative_return": 0.491479130057382,
    "annualized_return": 0.5679034955431008,
    "sharpe_ratio": 1.5695227715775442,
    "max_drawdown": -0.25657922594391924,
    "win_rate": 0.5357142857142857,
    "total_trades": 224
}