{
    "cumulative_return": -0.21905177772705497,
    "annualized_return": -0.2783463374595282,
    "sharpe_ratio": -1.384268621270285,
    "max_drawdown": -0.251075892966403,
    "win_rate": 0.42408376963350786,
    "total_trades": 191
}