{
    "cumulative_return": -0.372480968902665,
    "annualized_return": -0.40523549746005594,
    "sharpe_ratio": -2.7727815294917484,
    "max_drawdown": -0.38429779888507065,
    "win_rate": 0.37168141592920356,
    "total_trades": 226
}