{
    "cumulative_return": -0.431344102964651,
    "annualized_return": -0.46858783393179104,
    "sharpe_ratio": -1.0631835242042869,
    "max_drawdown": -0.5189720732233658,
    "win_rate": 0.4266666666666667,
    "total_trades": 225
}