{
    "cumulative_return": -0.129511471407171,
    "annualized_return": -0.129511471407171,
    "sharpe_ratio": -0.6717809903221804,
    "max_drawdown": -0.22872415541488617,
    "win_rate": 0.44841269841269843,
    "total_trades": 252,
    "accuracy": 0.503968253968254,
    "precision": 0.4965986394557823,
    "recall": 0.5887096774193549,
    "f1_score": 0.5387453874538746
}