{
    "cumulative_return": -0.20400941544514117,
    "annualized_return": -0.22463184876698716,
    "sharpe_ratio": -0.9134973746519388,
    "max_drawdown": -0.34560880703667696,
    "win_rate": 0.42035398230088494,
    "total_trades": 226
}