{
    "cumulative_return": -0.08930369966659557,
    "annualized_return": -0.08930369966659557,
    "sharpe_ratio": -0.3757660746606102,
    "max_drawdown": -0.21489041967237316,
    "win_rate": 0.4523809523809524,
    "total_trades": 252,
    "accuracy": 0.4722222222222222,
    "precision": 0.44776119402985076,
    "recall": 0.23809523809523808,
    "f1_score": 0.31088082901554404
}