{
    "cumulative_return": -0.13299910932623749,
    "annualized_return": -0.14711780383554418,
    "sharpe_ratio": -0.7374756988644158,
    "max_drawdown": -0.20320759577712133,
    "win_rate": 0.42035398230088494,
    "total_trades": 226
}