{
    "cumulative_return": 0.13943964835058154,
    "annualized_return": 0.15668029837792163,
    "sharpe_ratio": 0.8582163809986433,
    "max_drawdown": -0.21020064411244535,
    "win_rate": 0.48672566371681414,
    "total_trades": 226
}