{
    "cumulative_return": -0.3266530326760718,
    "annualized_return": -0.3591317267173386,
    "sharpe_ratio": -1.2276987504035042,
    "max_drawdown": -0.420344122426526,
    "win_rate": 0.45535714285714285,
    "total_trades": 224
}