{
    "cumulative_return": -0.22526678028858316,
    "annualized_return": -0.22526678028858316,
    "sharpe_ratio": -1.048669871792708,
    "max_drawdown": -0.2509995415206337,
    "win_rate": 0.49206349206349204,
    "total_trades": 252,
    "accuracy": 0.5476190476190477,
    "precision": 0.5104895104895105,
    "recall": 0.6239316239316239,
    "f1_score": 0.5615384615384615
}