{
    "cumulative_return": -0.21286045580371327,
    "annualized_return": -0.21286045580371327,
    "sharpe_ratio": -1.0459797182457344,
    "max_drawdown": -0.31154641638898894,
    "win_rate": 0.4523809523809524,
    "total_trades": 252
}