{
    "cumulative_return": -0.1581309735210661,
    "annualized_return": -0.18118234550871148,
    "sharpe_ratio": -0.9910655740877748,
    "max_drawdown": -0.27344430581244966,
    "win_rate": 0.4838709677419355,
    "total_trades": 217,
    "accuracy": 0.5299539170506913,
    "precision": 0.5289855072463768,
    "recall": 0.6636363636363637,
    "f1_score": 0.5887096774193549
}