{
    "cumulative_return": -0.08953212003871203,
    "annualized_return": -0.09847724031801586,
    "sharpe_ratio": -0.36516087118113244,
    "max_drawdown": -0.25170961092460603,
    "win_rate": 0.4956140350877193,
    "total_trades": 228
}