{
    "cumulative_return": -0.5629996066448903,
    "annualized_return": -0.5629996066448903,
    "sharpe_ratio": -3.421380333080469,
    "max_drawdown": -0.5851511137391588,
    "win_rate": 0.42857142857142855,
    "total_trades": 252
}