{
    "cumulative_return": -0.260459676924254,
    "annualized_return": -0.260459676924254,
    "sharpe_ratio": -1.3462146744242471,
    "max_drawdown": -0.3850389058195923,
    "win_rate": 0.46825396825396826,
    "total_trades": 252
}