{
    "cumulative_return": -0.31873926268508923,
    "annualized_return": -0.32082785296116556,
    "sharpe_ratio": -1.3972023275226206,
    "max_drawdown": -0.4322886301516978,
    "win_rate": 0.436,
    "total_trades": 250,
    "accuracy": 0.472,
    "precision": 0.4482758620689655,
    "recall": 0.20634920634920634,
    "f1_score": 0.2826086956521739
}