{
    "cumulative_return": 0.8293417158198739,
    "annualized_return": 1.0165103576174719,
    "sharpe_ratio": 4.009366366782772,
    "max_drawdown": -0.08896120533213427,
    "win_rate": 0.5990783410138248,
    "total_trades": 217
}