{
    "cumulative_return": 0.9378198832577087,
    "annualized_return": 1.156027420536513,
    "sharpe_ratio": 4.410250419396992,
    "max_drawdown": -0.05838605124222974,
    "win_rate": 0.6082949308755761,
    "total_trades": 217,
    "accuracy": 0.5483870967741935,
    "precision": 0.5454545454545454,
    "recall": 0.6545454545454545,
    "f1_score": 0.5950413223140496
}