{
    "cumulative_return": 1.0231909651638293,
    "annualized_return": 1.0231909651638293,
    "sharpe_ratio": 2.895428180826238,
    "max_drawdown": -0.13087918023778147,
    "win_rate": 0.5674603174603174,
    "total_trades": 252,
    "accuracy": 0.503968253968254,
    "precision": 0.5083333333333333,
    "recall": 0.48031496062992124,
    "f1_score": 0.4939271255060729
}