{
    "cumulative_return": -0.17828418858118222,
    "annualized_return": -0.17828418858118222,
    "sharpe_ratio": -0.7803830808681906,
    "max_drawdown": -0.22418472228262074,
    "win_rate": 0.5,
    "total_trades": 252
}