{
    "cumulative_return": -0.4072237496175698,
    "annualized_return": -0.4072237496175698,
    "sharpe_ratio": -2.2832802703799433,
    "max_drawdown": -0.4320878881894142,
    "win_rate": 0.43253968253968256,
    "total_trades": 252,
    "accuracy": 0.5238095238095238,
    "precision": 0.49206349206349204,
    "recall": 0.7948717948717948,
    "f1_score": 0.6078431372549019
}