{
    "cumulative_return": 0.2541480908669642,
    "annualized_return": 0.2541480908669642,
    "sharpe_ratio": 0.7684066487230552,
    "max_drawdown": -0.217935531277164,
    "win_rate": 0.5277777777777778,
    "total_trades": 252,
    "accuracy": 0.5436507936507936,
    "precision": 0.484375,
    "recall": 0.5585585585585585,
    "f1_score": 0.5188284518828452
}