{
    "cumulative_return": 1.3737868504758692,
    "annualized_return": 1.3737868504758692,
    "sharpe_ratio": 2.403965770601762,
    "max_drawdown": -0.1503126333154361,
    "win_rate": 0.5634920634920635,
    "total_trades": 252
}