{
    "cumulative_return": 0.26395491576844665,
    "annualized_return": 0.26395491576844665,
    "sharpe_ratio": 1.101834976722384,
    "max_drawdown": -0.1713853573852717,
    "win_rate": 0.49603174603174605,
    "total_trades": 252,
    "accuracy": 0.4801587301587302,
    "precision": 0.48936170212765956,
    "recall": 0.17692307692307693,
    "f1_score": 0.2598870056497175
}