{
    "cumulative_return": -0.10803630489310345,
    "annualized_return": -0.12433365544556707,
    "sharpe_ratio": -0.6265550680326265,
    "max_drawdown": -0.20873533771325578,
    "win_rate": 0.4792626728110599,
    "total_trades": 217
}