{
    "cumulative_return": -0.40966371588943906,
    "annualized_return": -0.40966371588943906,
    "sharpe_ratio": -2.302569170387576,
    "max_drawdown": -0.4344255095048934,
    "win_rate": 0.42857142857142855,
    "total_trades": 252
}