{
    "cumulative_return": 0.5552970656282801,
    "annualized_return": 0.5552970656282801,
    "sharpe_ratio": 1.8471319659895358,
    "max_drawdown": -0.13163176911897426,
    "win_rate": 0.5476190476190477,
    "total_trades": 252
}