{
    "cumulative_return": 0.26395491576844665,
    "annualized_return": 0.26395491576844665,
    "sharpe_ratio": 1.101834976722384,
    "max_drawdown": -0.1713853573852717,
    "win_rate": 0.49603174603174605,
    "total_trades": 252
}