{
    "cumulative_return": 0.6420186474130158,
    "annualized_return": 0.6420186474130158,
    "sharpe_ratio": 2.061370164174557,
    "max_drawdown": -0.1316317691189744,
    "win_rate": 0.5515873015873016,
    "total_trades": 252,
    "accuracy": 0.5634920634920635,
    "precision": 0.5410628019323671,
    "recall": 0.8818897637795275,
    "f1_score": 0.6706586826347305
}