{
    "cumulative_return": -0.3964009285201674,
    "annualized_return": -0.3964009285201674,
    "sharpe_ratio": -2.0090586342179613,
    "max_drawdown": -0.4348504001395063,
    "win_rate": 0.4642857142857143,
    "total_trades": 252,
    "accuracy": 0.49206349206349204,
    "precision": 0.5833333333333334,
    "recall": 0.05384615384615385,
    "f1_score": 0.09859154929577464
}