{
    "cumulative_return": -0.31873926268508923,
    "annualized_return": -0.32082785296116556,
    "sharpe_ratio": -1.3972023275226209,
    "max_drawdown": -0.4322886301516978,
    "win_rate": 0.436,
    "total_trades": 250
}