{
    "cumulative_return": 0.9840612536365165,
    "annualized_return": 0.9840612536365165,
    "sharpe_ratio": 2.8163189974025475,
    "max_drawdown": -0.13087918023778147,
    "win_rate": 0.5515873015873016,
    "total_trades": 252
}