{
    "cumulative_return": 0.4382052303974888,
    "annualized_return": 0.4942855141552456,
    "sharpe_ratio": 1.7150730035463584,
    "max_drawdown": -0.14735783298949948,
    "win_rate": 0.5219298245614035,
    "total_trades": 228
}