{
    "cumulative_return": 0.3722035366848211,
    "annualized_return": 0.41867737672094596,
    "sharpe_ratio": 1.5078638547016106,
    "max_drawdown": -0.11924013835363248,
    "win_rate": 0.5263157894736842,
    "total_trades": 228
}