{
    "cumulative_return": 0.2895432408357703,
    "annualized_return": 0.393786037976841,
    "sharpe_ratio": 2.066933426946348,
    "max_drawdown": -0.09347234725080202,
    "win_rate": 0.5284974093264249,
    "total_trades": 193
}