{
    "cumulative_return": 0.6109239237164839,
    "annualized_return": 0.617080467974928,
    "sharpe_ratio": 2.0310970377998503,
    "max_drawdown": -0.16902539432691985,
    "win_rate": 0.512,
    "total_trades": 250
}