{
    "cumulative_return": -0.03461749202329867,
    "annualized_return": -0.03461749202329867,
    "sharpe_ratio": -0.044118861599187265,
    "max_drawdown": -0.19492573713804306,
    "win_rate": 0.5119047619047619,
    "total_trades": 252
}