{
    "cumulative_return": -0.386105048252267,
    "annualized_return": -0.47117189671042214,
    "sharpe_ratio": -3.8136444708264605,
    "max_drawdown": -0.386105048252267,
    "win_rate": 0.46113989637305697,
    "total_trades": 193
}