{
    "cumulative_return": -0.21624592207188464,
    "annualized_return": -0.23609237232787428,
    "sharpe_ratio": -1.0817999243799898,
    "max_drawdown": -0.35482095758323734,
    "win_rate": 0.42543859649122806,
    "total_trades": 228
}