{
    "cumulative_return": -0.36186251239590894,
    "annualized_return": -0.36186251239590894,
    "sharpe_ratio": -1.9024548300666146,
    "max_drawdown": -0.43191928351392805,
    "win_rate": 0.3968253968253968,
    "total_trades": 252
}