{
    "cumulative_return": -0.43893231090368645,
    "annualized_return": -0.4720463304901199,
    "sharpe_ratio": -2.7571425880318094,
    "max_drawdown": -0.4564265298165062,
    "win_rate": 0.3991228070175439,
    "total_trades": 228
}