{
    "cumulative_return": -0.5208179972704227,
    "annualized_return": -0.5208179972704227,
    "sharpe_ratio": -3.2535548661700786,
    "max_drawdown": -0.5397657912300635,
    "win_rate": 0.40476190476190477,
    "total_trades": 252
}