{
    "cumulative_return": -0.34886485200217043,
    "annualized_return": -0.34886485200217043,
    "sharpe_ratio": -1.6268651639504168,
    "max_drawdown": -0.3679985598559015,
    "win_rate": 0.47619047619047616,
    "total_trades": 252
}