{
    "cumulative_return": -0.20289993734622291,
    "annualized_return": -0.20289993734622291,
    "sharpe_ratio": -0.9801100677241287,
    "max_drawdown": -0.31838389320500726,
    "win_rate": 0.44841269841269843,
    "total_trades": 252,
    "accuracy": 0.5277777777777778,
    "precision": 0.5595238095238095,
    "recall": 0.6762589928057554,
    "f1_score": 0.6123778501628665
}