{
    "cumulative_return": -0.35002896080015267,
    "annualized_return": -0.38145893485932947,
    "sharpe_ratio": -2.1631627732193945,
    "max_drawdown": -0.3778848531750554,
    "win_rate": 0.42035398230088494,
    "total_trades": 226
}