{
    "cumulative_return": -0.25601423445563276,
    "annualized_return": -0.2906685046862264,
    "sharpe_ratio": -1.9984984028530373,
    "max_drawdown": -0.305151761841891,
    "win_rate": 0.4608294930875576,
    "total_trades": 217
}