{
    "cumulative_return": -0.5377358626239017,
    "annualized_return": -0.5377358626239017,
    "sharpe_ratio": -3.425645736093605,
    "max_drawdown": -0.5560146910858221,
    "win_rate": 0.3968253968253968,
    "total_trades": 252,
    "accuracy": 0.5119047619047619,
    "precision": 0.625,
    "recall": 0.18796992481203006,
    "f1_score": 0.28901734104046245
}