{
    "cumulative_return": -0.23981598678632332,
    "annualized_return": -0.30093807238363035,
    "sharpe_ratio": -2.0640308045366145,
    "max_drawdown": -0.2934289093312671,
    "win_rate": 0.41968911917098445,
    "total_trades": 193
}