{
    "cumulative_return": -0.42889329289131384,
    "annualized_return": -0.4782311965816889,
    "sharpe_ratio": -3.9480787183671415,
    "max_drawdown": -0.4422539194827942,
    "win_rate": 0.391705069124424,
    "total_trades": 217,
    "accuracy": 0.45622119815668205,
    "precision": 0.5254237288135594,
    "recall": 0.256198347107438,
    "f1_score": 0.34444444444444444
}