{
    "cumulative_return": -0.026449130644513485,
    "annualized_return": -0.029192230140802633,
    "sharpe_ratio": -0.04937653591042997,
    "max_drawdown": -0.19767720741533118,
    "win_rate": 0.4956140350877193,
    "total_trades": 228
}