{
    "cumulative_return": -0.23182617861087218,
    "annualized_return": -0.2528589329741885,
    "sharpe_ratio": -1.357698607062593,
    "max_drawdown": -0.2573377225274587,
    "win_rate": 0.40350877192982454,
    "total_trades": 228
}