{
    "cumulative_return": -0.01351653484337434,
    "annualized_return": -0.01351653484337434,
    "sharpe_ratio": 0.08612559610177781,
    "max_drawdown": -0.2719173479087831,
    "win_rate": 0.48412698412698413,
    "total_trades": 252
}