{
    "cumulative_return": -0.33289680402830446,
    "annualized_return": -0.33289680402830446,
    "sharpe_ratio": -1.7007741885333125,
    "max_drawdown": -0.40613352310550016,
    "win_rate": 0.4087301587301587,
    "total_trades": 252,
    "accuracy": 0.4444444444444444,
    "precision": 0.5405405405405406,
    "recall": 0.13986013986013987,
    "f1_score": 0.2222222222222222
}