{
    "cumulative_return": -0.4244707194330867,
    "annualized_return": -0.4244707194330867,
    "sharpe_ratio": -2.3931098705695004,
    "max_drawdown": -0.43985579960557436,
    "win_rate": 0.38492063492063494,
    "total_trades": 252,
    "accuracy": 0.4603174603174603,
    "precision": 0.47540983606557374,
    "recall": 0.21804511278195488,
    "f1_score": 0.29896907216494845
}