{
    "cumulative_return": -0.5004073477924698,
    "annualized_return": -0.5356008510238023,
    "sharpe_ratio": -3.8544961439277783,
    "max_drawdown": -0.5299331488062545,
    "win_rate": 0.39473684210526316,
    "total_trades": 228
}