{
    "cumulative_return": -0.3988318898659172,
    "annualized_return": -0.40127429754354427,
    "sharpe_ratio": -2.3362567647050643,
    "max_drawdown": -0.39142436231850153,
    "win_rate": 0.42,
    "total_trades": 250
}