{
    "cumulative_return": -0.21762507993952285,
    "annualized_return": -0.23757796744384596,
    "sharpe_ratio": -0.8243369498734097,
    "max_drawdown": -0.2741612449331862,
    "win_rate": 0.4605263157894737,
    "total_trades": 228
}