{
    "cumulative_return": -0.03461749202329867,
    "annualized_return": -0.03461749202329867,
    "sharpe_ratio": -0.04411886159918727,
    "max_drawdown": -0.19492573713804306,
    "win_rate": 0.5119047619047619,
    "total_trades": 252,
    "accuracy": 0.5158730158730159,
    "precision": 0.591304347826087,
    "recall": 0.4755244755244755,
    "f1_score": 0.5271317829457365
}