{
    "cumulative_return": 0.1735875401380138,
    "annualized_return": 0.19352881909624675,
    "sharpe_ratio": 0.9836923353429344,
    "max_drawdown": -0.1039255209400021,
    "win_rate": 0.5307017543859649,
    "total_trades": 228
}