{
    "cumulative_return": -0.11995045918192615,
    "annualized_return": -0.11995045918192615,
    "sharpe_ratio": -0.506335714593498,
    "max_drawdown": -0.1875145970601236,
    "win_rate": 0.4523809523809524,
    "total_trades": 252
}