{
    "cumulative_return": 0.04373422058619325,
    "annualized_return": 0.04373422058619325,
    "sharpe_ratio": 0.29293346494124334,
    "max_drawdown": -0.29347058147459526,
    "win_rate": 0.4880952380952381,
    "total_trades": 252,
    "accuracy": 0.5119047619047619,
    "precision": 0.5222222222222223,
    "recall": 0.3700787401574803,
    "f1_score": 0.43317972350230416
}