{
    "cumulative_return": -0.4243378086149209,
    "annualized_return": -0.47339487837829075,
    "sharpe_ratio": -3.887405016997934,
    "max_drawdown": -0.4363902369554467,
    "win_rate": 0.391705069124424,
    "total_trades": 217
}