{
    "cumulative_return": -0.05583299874149794,
    "annualized_return": -0.05583299874149794,
    "sharpe_ratio": -0.10912030528620202,
    "max_drawdown": -0.286166667880919,
    "win_rate": 0.5198412698412699,
    "total_trades": 252
}