{
    "cumulative_return": -0.6180658045086856,
    "annualized_return": -0.6548663236109709,
    "sharpe_ratio": -4.374155177654296,
    "max_drawdown": -0.620778058276761,
    "win_rate": 0.3508771929824561,
    "total_trades": 228
}