{
    "cumulative_return": 0.4274365329981771,
    "annualized_return": 0.4274365329981771,
    "sharpe_ratio": 1.574876475720137,
    "max_drawdown": -0.1194524830235211,
    "win_rate": 0.5277777777777778,
    "total_trades": 252,
    "accuracy": 0.5079365079365079,
    "precision": 0.49612403100775193,
    "recall": 0.5203252032520326,
    "f1_score": 0.5079365079365079
}