{
    "cumulative_return": -0.5943544259118105,
    "annualized_return": -0.5943544259118105,
    "sharpe_ratio": -4.062544752774739,
    "max_drawdown": -0.6024080329808764,
    "win_rate": 0.3492063492063492,
    "total_trades": 252
}