{
    "cumulative_return": -0.3693805195076242,
    "annualized_return": -0.3717022253733304,
    "sharpe_ratio": -2.102363532443184,
    "max_drawdown": -0.3616100954033876,
    "win_rate": 0.424,
    "total_trades": 250,
    "accuracy": 0.512,
    "precision": 0.5185185185185185,
    "recall": 0.11382113821138211,
    "f1_score": 0.18666666666666668
}