{
    "cumulative_return": -0.523321877433442,
    "annualized_return": -0.5622694249932649,
    "sharpe_ratio": -3.8728845658891706,
    "max_drawdown": -0.5533707836245114,
    "win_rate": 0.3672566371681416,
    "total_trades": 226
}