{
    "cumulative_return": -0.2633272951481038,
    "annualized_return": -0.2651261808646278,
    "sharpe_ratio": -1.3505784206700326,
    "max_drawdown": -0.25425009483985306,
    "win_rate": 0.448,
    "total_trades": 250
}