{
    "cumulative_return": -0.13449229755862957,
    "annualized_return": -0.13449229755862957,
    "sharpe_ratio": -0.5854033114552222,
    "max_drawdown": -0.2795902371480382,
    "win_rate": 0.45634920634920634,
    "total_trades": 252
}