{
    "cumulative_return": 0.13597237974923604,
    "annualized_return": 0.15131976006461612,
    "sharpe_ratio": 0.6974102983715351,
    "max_drawdown": -0.20011344567712,
    "win_rate": 0.5043859649122807,
    "total_trades": 228
}