{
    "cumulative_return": -0.47345370078701143,
    "annualized_return": -0.47345370078701143,
    "sharpe_ratio": -2.7868940361318444,
    "max_drawdown": -0.49573634562694807,
    "win_rate": 0.4126984126984127,
    "total_trades": 252,
    "accuracy": 0.4642857142857143,
    "precision": 0.5526315789473685,
    "recall": 0.2937062937062937,
    "f1_score": 0.3835616438356164
}