{
    "cumulative_return": -0.45747800811009864,
    "annualized_return": -0.45747800811009864,
    "sharpe_ratio": -2.385381988588604,
    "max_drawdown": -0.47141614277748733,
    "win_rate": 0.4523809523809524,
    "total_trades": 252
}