{
    "cumulative_return": -0.35801611995586646,
    "annualized_return": -0.35801611995586646,
    "sharpe_ratio": -1.8893066870216846,
    "max_drawdown": -0.39446689401701324,
    "win_rate": 0.4166666666666667,
    "total_trades": 252,
    "accuracy": 0.44841269841269843,
    "precision": 0.425,
    "recall": 0.12781954887218044,
    "f1_score": 0.19653179190751446
}