{
    "cumulative_return": -0.13360560386716258,
    "annualized_return": -0.15341655958794675,
    "sharpe_ratio": -0.9197959669554939,
    "max_drawdown": -0.20422292825751504,
    "win_rate": 0.48847926267281105,
    "total_trades": 217
}