{
    "cumulative_return": -0.3374166249077756,
    "annualized_return": -0.3395948382583508,
    "sharpe_ratio": -1.8617708446832342,
    "max_drawdown": -0.32925234519846,
    "win_rate": 0.456,
    "total_trades": 250
}