{
    "cumulative_return": -0.36850298105213464,
    "annualized_return": -0.41362812949722594,
    "sharpe_ratio": -3.1914427683966777,
    "max_drawdown": -0.39697959548488615,
    "win_rate": 0.3870967741935484,
    "total_trades": 217
}