{
    "cumulative_return": -0.31848170922964913,
    "annualized_return": -0.31848170922964913,
    "sharpe_ratio": -1.2723513322979771,
    "max_drawdown": -0.4567800244413309,
    "win_rate": 0.4603174603174603,
    "total_trades": 252,
    "accuracy": 0.4603174603174603,
    "precision": 0.4563106796116505,
    "recall": 0.3700787401574803,
    "f1_score": 0.40869565217391307
}