{
    "cumulative_return": 0.8309112824246405,
    "annualized_return": 0.8309112824246405,
    "sharpe_ratio": 2.869142815861611,
    "max_drawdown": -0.12682333873581822,
    "win_rate": 0.5714285714285714,
    "total_trades": 252,
    "accuracy": 0.5357142857142857,
    "precision": 0.5408163265306123,
    "recall": 0.7969924812030075,
    "f1_score": 0.6443768996960486
}