{
    "cumulative_return": 0.8309112824246405,
    "annualized_return": 0.8309112824246405,
    "sharpe_ratio": 2.869142815861611,
    "max_drawdown": -0.12682333873581822,
    "win_rate": 0.5714285714285714,
    "total_trades": 252
}