{
    "cumulative_return": -0.13360560386716258,
    "annualized_return": -0.15341655958794675,
    "sharpe_ratio": -0.9197959669554939,
    "max_drawdown": -0.20422292825751504,
    "win_rate": 0.48847926267281105,
    "total_trades": 217,
    "accuracy": 0.47465437788018433,
    "precision": 0.5234899328859061,
    "recall": 0.6446280991735537,
    "f1_score": 0.5777777777777777
}