{
    "cumulative_return": -0.26865885920152544,
    "annualized_return": -0.26865885920152544,
    "sharpe_ratio": -1.3954526866779486,
    "max_drawdown": -0.26816498657672266,
    "win_rate": 0.4365079365079365,
    "total_trades": 252
}