{
    "cumulative_return": -0.17609425962566305,
    "annualized_return": -0.1773699896610521,
    "sharpe_ratio": -0.8148987634979449,
    "max_drawdown": -0.3217850440757579,
    "win_rate": 0.488,
    "total_trades": 250,
    "accuracy": 0.5,
    "precision": 0.494949494949495,
    "recall": 0.7967479674796748,
    "f1_score": 0.6105919003115264
}