{
    "cumulative_return": -0.47345370078701143,
    "annualized_return": -0.47345370078701143,
    "sharpe_ratio": -2.7868940361318444,
    "max_drawdown": -0.49573634562694807,
    "win_rate": 0.4126984126984127,
    "total_trades": 252
}