{
    "cumulative_return": -0.17609425962566305,
    "annualized_return": -0.1773699896610521,
    "sharpe_ratio": -0.8148987634979449,
    "max_drawdown": -0.3217850440757579,
    "win_rate": 0.488,
    "total_trades": 250
}