{
    "cumulative_return": -0.3374166249077756,
    "annualized_return": -0.3395948382583508,
    "sharpe_ratio": -1.8617708446832342,
    "max_drawdown": -0.32925234519846,
    "win_rate": 0.456,
    "total_trades": 250,
    "accuracy": 0.488,
    "precision": 0.4840764331210191,
    "recall": 0.6178861788617886,
    "f1_score": 0.5428571428571428
}