{
    "cumulative_return": -0.6354797017824159,
    "annualized_return": -0.6354797017824159,
    "sharpe_ratio": -4.561365124988933,
    "max_drawdown": -0.6459193872548525,
    "win_rate": 0.38492063492063494,
    "total_trades": 252,
    "accuracy": 0.48412698412698413,
    "precision": 0.5698924731182796,
    "recall": 0.3706293706293706,
    "f1_score": 0.4491525423728814
}