{
    "cumulative_return": -0.5428453169577991,
    "annualized_return": -0.5822125437943906,
    "sharpe_ratio": -4.782215628273752,
    "max_drawdown": -0.5481905621310099,
    "win_rate": 0.37610619469026546,
    "total_trades": 226
}