{
    "cumulative_return": -0.6201294217400486,
    "annualized_return": -0.656926810782906,
    "sharpe_ratio": -5.475178091484738,
    "max_drawdown": -0.6395041387813665,
    "win_rate": 0.35964912280701755,
    "total_trades": 228
}