{
    "cumulative_return": 0.116810225808887,
    "annualized_return": 0.12987355259360278,
    "sharpe_ratio": 0.8524000752260564,
    "max_drawdown": -0.07244462746516467,
    "win_rate": 0.5482456140350878,
    "total_trades": 228
}