{
    "cumulative_return": 0.07348472927403527,
    "annualized_return": 0.08152743700409304,
    "sharpe_ratio": 0.5087847592567726,
    "max_drawdown": -0.15768559547049354,
    "win_rate": 0.45614035087719296,
    "total_trades": 228
}