{
    "cumulative_return": -0.15662537886324046,
    "annualized_return": -0.17161311367103105,
    "sharpe_ratio": -0.8986388066326907,
    "max_drawdown": -0.24669806524560528,
    "win_rate": 0.45614035087719296,
    "total_trades": 228
}