{
    "cumulative_return": 0.05429946336400038,
    "annualized_return": 0.07225488424331128,
    "sharpe_ratio": 0.6905438567793236,
    "max_drawdown": -0.05281531916936189,
    "win_rate": 0.5340314136125655,
    "total_trades": 191
}