{
    "cumulative_return": 0.13029092002922016,
    "annualized_return": 0.1449570914274645,
    "sharpe_ratio": 0.9212831805909989,
    "max_drawdown": -0.11642767486972659,
    "win_rate": 0.5131578947368421,
    "total_trades": 228
}