{
    "cumulative_return": -0.11796312302225864,
    "annualized_return": -0.15116736515000817,
    "sharpe_ratio": -1.4314818371077924,
    "max_drawdown": -0.16478076634343175,
    "win_rate": 0.49740932642487046,
    "total_trades": 193
}