{
    "cumulative_return": -0.2103785050376229,
    "annualized_return": -0.2103785050376229,
    "sharpe_ratio": -1.367745984055185,
    "max_drawdown": -0.2302814793379233,
    "win_rate": 0.4722222222222222,
    "total_trades": 252,
    "accuracy": 0.5674603174603174,
    "precision": 0.5628415300546448,
    "recall": 0.7803030303030303,
    "f1_score": 0.653968253968254
}