{
    "cumulative_return": 0.05957992420229141,
    "annualized_return": 0.06665803991654773,
    "sharpe_ratio": 0.5604264470178801,
    "max_drawdown": -0.08648913932875307,
    "win_rate": 0.5176991150442478,
    "total_trades": 226
}