{
    "cumulative_return": -0.6963861934833113,
    "annualized_return": -0.7321886092286404,
    "sharpe_ratio": -5.360936381056789,
    "max_drawdown": -0.6970441532579127,
    "win_rate": 0.30701754385964913,
    "total_trades": 228
}