{
    "cumulative_return": -0.061332940817510395,
    "annualized_return": -0.07932069586249235,
    "sharpe_ratio": -0.6921278449797583,
    "max_drawdown": -0.12717877088151058,
    "win_rate": 0.48186528497409326,
    "total_trades": 193
}