{
    "cumulative_return": -0.09127229225016376,
    "annualized_return": -0.10038150044752714,
    "sharpe_ratio": -0.5899713813255003,
    "max_drawdown": -0.15587384964252224,
    "win_rate": 0.4780701754385965,
    "total_trades": 228
}