{
    "cumulative_return": -0.3529920931305789,
    "annualized_return": -0.39686971739953814,
    "sharpe_ratio": -4.5935367311984345,
    "max_drawdown": -0.34428097678852165,
    "win_rate": 0.3778801843317972,
    "total_trades": 217,
    "accuracy": 0.4838709677419355,
    "precision": 0.4603174603174603,
    "recall": 0.27102803738317754,
    "f1_score": 0.3411764705882353
}