{
    "cumulative_return": 0.23049852819646,
    "annualized_return": 0.2602143215808752,
    "sharpe_ratio": 1.5387758118315802,
    "max_drawdown": -0.11642767486972663,
    "win_rate": 0.5265486725663717,
    "total_trades": 226
}