{
    "cumulative_return": -0.4545397872930893,
    "annualized_return": -0.4545397872930893,
    "sharpe_ratio": -2.389679091115023,
    "max_drawdown": -0.46322520489692676,
    "win_rate": 0.4087301587301587,
    "total_trades": 252,
    "accuracy": 0.5158730158730159,
    "precision": 0.5714285714285714,
    "recall": 0.2748091603053435,
    "f1_score": 0.3711340206185567
}