{
    "cumulative_return": -0.0649326558403901,
    "annualized_return": -0.07212701079271033,
    "sharpe_ratio": -0.4089398983049086,
    "max_drawdown": -0.14863299036200758,
    "win_rate": 0.47345132743362833,
    "total_trades": 226
}