{
    "cumulative_return": -0.4614393240525574,
    "annualized_return": -0.5015300648290651,
    "sharpe_ratio": -5.592115958278082,
    "max_drawdown": -0.4681934591781948,
    "win_rate": 0.375,
    "total_trades": 224
}