{
    "cumulative_return": -0.14820423978382213,
    "annualized_return": -0.16377919005633723,
    "sharpe_ratio": -1.0865484514442394,
    "max_drawdown": -0.2090074217757635,
    "win_rate": 0.415929203539823,
    "total_trades": 226
}