{
    "cumulative_return": -0.6209374374637711,
    "annualized_return": -0.6609654126827271,
    "sharpe_ratio": -4.421065462661279,
    "max_drawdown": -0.6230915565395263,
    "win_rate": 0.36283185840707965,
    "total_trades": 226
}