{
    "cumulative_return": -0.35407191423155226,
    "annualized_return": -0.35407191423155226,
    "sharpe_ratio": -2.2704037609087444,
    "max_drawdown": -0.38236648861746575,
    "win_rate": 0.43253968253968256,
    "total_trades": 252,
    "accuracy": 0.503968253968254,
    "precision": 0.5,
    "recall": 0.392,
    "f1_score": 0.43946188340807174
}