{
    "cumulative_return": -0.010014848452546854,
    "annualized_return": -0.011259631666412417,
    "sharpe_ratio": -0.021696485730370293,
    "max_drawdown": -0.08339108339108345,
    "win_rate": 0.45089285714285715,
    "total_trades": 224
}