{
    "cumulative_return": -0.5118692353696326,
    "annualized_return": -0.5505265336602083,
    "sharpe_ratio": -3.178630108161187,
    "max_drawdown": -0.5133186547036153,
    "win_rate": 0.3805309734513274,
    "total_trades": 226
}