{
    "cumulative_return": -0.5892442835472936,
    "annualized_return": -0.6292094697788372,
    "sharpe_ratio": -5.525015827043473,
    "max_drawdown": -0.5937593218582237,
    "win_rate": 0.336283185840708,
    "total_trades": 226
}