{
    "cumulative_return": -0.5175644093985616,
    "annualized_return": -0.5203694317828367,
    "sharpe_ratio": -6.0503779210249595,
    "max_drawdown": -0.5182964526839543,
    "win_rate": 0.384,
    "total_trades": 250,
    "accuracy": 0.5,
    "precision": 0.4927536231884058,
    "recall": 0.27419354838709675,
    "f1_score": 0.35233160621761656
}