{
    "cumulative_return": -0.17579197978939276,
    "annualized_return": -0.1939214636720754,
    "sharpe_ratio": -1.2778589931092688,
    "max_drawdown": -0.21469665727663376,
    "win_rate": 0.4424778761061947,
    "total_trades": 226
}