{
    "cumulative_return": -0.3987843630964051,
    "annualized_return": -0.3987843630964051,
    "sharpe_ratio": -1.9795698235617492,
    "max_drawdown": -0.3980971433973756,
    "win_rate": 0.4126984126984127,
    "total_trades": 252,
    "accuracy": 0.503968253968254,
    "precision": 0.5625,
    "recall": 0.20610687022900764,
    "f1_score": 0.3016759776536313
}