{
    "cumulative_return": -0.6995752314449382,
    "annualized_return": -0.6995752314449382,
    "sharpe_ratio": -6.375695275609453,
    "max_drawdown": -0.7012854090864087,
    "win_rate": 0.30952380952380953,
    "total_trades": 252,
    "accuracy": 0.5119047619047619,
    "precision": 0.4878048780487805,
    "recall": 0.6722689075630253,
    "f1_score": 0.5653710247349824
}