{
    "cumulative_return": -0.5190270938967512,
    "annualized_return": -0.5578695587985649,
    "sharpe_ratio": -4.15218482047834,
    "max_drawdown": -0.5280599061166111,
    "win_rate": 0.4026548672566372,
    "total_trades": 226
}