{
    "cumulative_return": -0.38600398201603303,
    "annualized_return": -0.41673328710557167,
    "sharpe_ratio": -2.019800272308366,
    "max_drawdown": -0.3873345693375836,
    "win_rate": 0.42543859649122806,
    "total_trades": 228
}