{
    "cumulative_return": 0.27088175031500716,
    "annualized_return": 0.30641705455636337,
    "sharpe_ratio": 2.1339790323831087,
    "max_drawdown": -0.06272046180514664,
    "win_rate": 0.5221238938053098,
    "total_trades": 226
}