{
    "cumulative_return": -0.33133777635422557,
    "annualized_return": -0.41199261820641264,
    "sharpe_ratio": -5.0098794080524165,
    "max_drawdown": -0.33195335060538345,
    "win_rate": 0.3612565445026178,
    "total_trades": 191
}