{
    "cumulative_return": -0.40169715646936943,
    "annualized_return": -0.43318795065981863,
    "sharpe_ratio": -2.738986939714658,
    "max_drawdown": -0.4188432549941946,
    "win_rate": 0.4342105263157895,
    "total_trades": 228
}