{
    "cumulative_return": -0.4406774545375285,
    "annualized_return": -0.4406774545375285,
    "sharpe_ratio": -3.630052310228261,
    "max_drawdown": -0.44831772690461963,
    "win_rate": 0.3968253968253968,
    "total_trades": 252
}