{
    "cumulative_return": -0.23528626851791767,
    "annualized_return": -0.26766736718382833,
    "sharpe_ratio": -2.736589100909434,
    "max_drawdown": -0.25510750547510075,
    "win_rate": 0.46543778801843316,
    "total_trades": 217,
    "accuracy": 0.5529953917050692,
    "precision": 0.5694444444444444,
    "recall": 0.38317757009345793,
    "f1_score": 0.4581005586592179
}