{
    "cumulative_return": -0.6977360777606734,
    "annualized_return": -0.7335043428959203,
    "sharpe_ratio": -5.3844185002424565,
    "max_drawdown": -0.6977360777606734,
    "win_rate": 0.2982456140350877,
    "total_trades": 228
}