{
    "cumulative_return": -0.4405995821769568,
    "annualized_return": -0.4737800727109793,
    "sharpe_ratio": -3.1246452391808477,
    "max_drawdown": -0.4409525513566406,
    "win_rate": 0.40350877192982454,
    "total_trades": 228
}