{
    "cumulative_return": -0.3237911350991909,
    "annualized_return": -0.3651449961020068,
    "sharpe_ratio": -4.088635277826639,
    "max_drawdown": -0.3257372198821742,
    "win_rate": 0.3824884792626728,
    "total_trades": 217
}