{
    "cumulative_return": -0.1914753855935203,
    "annualized_return": -0.21100566523134334,
    "sharpe_ratio": -1.7630206572841216,
    "max_drawdown": -0.2197106658611489,
    "win_rate": 0.48672566371681414,
    "total_trades": 226
}