{
    "cumulative_return": -0.2311621389122469,
    "annualized_return": -0.2311621389122469,
    "sharpe_ratio": -1.5333182832014591,
    "max_drawdown": -0.22061669871969303,
    "win_rate": 0.4523809523809524,
    "total_trades": 252
}