{
    "cumulative_return": -0.43692104772867024,
    "annualized_return": -0.43692104772867024,
    "sharpe_ratio": -3.51379235183638,
    "max_drawdown": -0.42856118508195984,
    "win_rate": 0.4087301587301587,
    "total_trades": 252
}