{
    "cumulative_return": -0.08766075569354759,
    "annualized_return": -0.08766075569354759,
    "sharpe_ratio": -0.49137049230511,
    "max_drawdown": -0.15263582162764372,
    "win_rate": 0.4801587301587302,
    "total_trades": 252
}