{
    "cumulative_return": -0.3237911350991909,
    "annualized_return": -0.3651449961020068,
    "sharpe_ratio": -4.08863527782664,
    "max_drawdown": -0.3257372198821742,
    "win_rate": 0.3824884792626728,
    "total_trades": 217,
    "accuracy": 0.4838709677419355,
    "precision": 0.46835443037974683,
    "recall": 0.34579439252336447,
    "f1_score": 0.3978494623655914
}