{
    "cumulative_return": -0.3060567607996044,
    "annualized_return": -0.3060567607996044,
    "sharpe_ratio": -1.875240651858946,
    "max_drawdown": -0.3316784490849846,
    "win_rate": 0.4523809523809524,
    "total_trades": 252
}