{
    "cumulative_return": -0.5032207467364878,
    "annualized_return": -0.5384904889641886,
    "sharpe_ratio": -4.112220164093143,
    "max_drawdown": -0.5065080463621664,
    "win_rate": 0.3508771929824561,
    "total_trades": 228
}