{
    "cumulative_return": -0.523116018072314,
    "annualized_return": -0.523116018072314,
    "sharpe_ratio": -2.964009881231149,
    "max_drawdown": -0.522570915705682,
    "win_rate": 0.42857142857142855,
    "total_trades": 252
}