{
    "cumulative_return": -0.20108663634926272,
    "annualized_return": -0.219745117783111,
    "sharpe_ratio": -1.4961555228470138,
    "max_drawdown": -0.22723799703737613,
    "win_rate": 0.39035087719298245,
    "total_trades": 228
}