{
    "cumulative_return": -0.4406774545375285,
    "annualized_return": -0.4406774545375285,
    "sharpe_ratio": -3.630052310228261,
    "max_drawdown": -0.44831772690461963,
    "win_rate": 0.3968253968253968,
    "total_trades": 252,
    "accuracy": 0.45634920634920634,
    "precision": 0.3611111111111111,
    "recall": 0.10236220472440945,
    "f1_score": 0.15950920245398773
}