{
    "cumulative_return": -0.2275495793163691,
    "annualized_return": -0.2590562667709594,
    "sharpe_ratio": -2.6287989675689394,
    "max_drawdown": -0.2484297966455004,
    "win_rate": 0.46543778801843316,
    "total_trades": 217
}