{
    "cumulative_return": -0.3952798211883696,
    "annualized_return": -0.3952798211883696,
    "sharpe_ratio": -2.444680914397313,
    "max_drawdown": -0.42679708053342863,
    "win_rate": 0.4722222222222222,
    "total_trades": 252
}