{
    "cumulative_return": 0.00524946709510421,
    "annualized_return": 0.00524946709510421,
    "sharpe_ratio": 0.12043760207400711,
    "max_drawdown": -0.18181054844251507,
    "win_rate": 0.43253968253968256,
    "total_trades": 252
}