{
    "cumulative_return": -0.3545480924881693,
    "annualized_return": -0.35680479259480635,
    "sharpe_ratio": -3.4486756721911025,
    "max_drawdown": -0.3767790648136037,
    "win_rate": 0.456,
    "total_trades": 250,
    "accuracy": 0.48,
    "precision": 0.425,
    "recall": 0.13709677419354838,
    "f1_score": 0.2073170731707317
}