{
    "cumulative_return": -0.27254841575029154,
    "annualized_return": -0.27254841575029154,
    "sharpe_ratio": -1.6181764528486648,
    "max_drawdown": -0.31934280296570744,
    "win_rate": 0.42857142857142855,
    "total_trades": 252,
    "accuracy": 0.49206349206349204,
    "precision": 0.47058823529411764,
    "recall": 0.192,
    "f1_score": 0.2727272727272727
}