{
    "cumulative_return": -0.2311621389122469,
    "annualized_return": -0.2311621389122469,
    "sharpe_ratio": -1.533318283201459,
    "max_drawdown": -0.22061669871969303,
    "win_rate": 0.4523809523809524,
    "total_trades": 252,
    "accuracy": 0.4801587301587302,
    "precision": 0.6666666666666666,
    "recall": 0.015151515151515152,
    "f1_score": 0.02962962962962963
}