{
    "cumulative_return": -0.1715194687529943,
    "annualized_return": -0.21782982663802264,
    "sharpe_ratio": -2.1857108435757815,
    "max_drawdown": -0.23955588869913813,
    "win_rate": 0.43523316062176165,
    "total_trades": 193
}