{
    "cumulative_return": -0.09264848956502503,
    "annualized_return": -0.11921972703624051,
    "sharpe_ratio": -1.094359758387816,
    "max_drawdown": -0.13243130712080434,
    "win_rate": 0.5129533678756477,
    "total_trades": 193
}