{
    "cumulative_return": -0.525573794220592,
    "annualized_return": -0.525573794220592,
    "sharpe_ratio": -2.986323906469245,
    "max_drawdown": -0.5250315012156619,
    "win_rate": 0.4246031746031746,
    "total_trades": 252,
    "accuracy": 0.47619047619047616,
    "precision": 0.4666666666666667,
    "recall": 0.05343511450381679,
    "f1_score": 0.0958904109589041
}