{
    "cumulative_return": -0.1027364193124396,
    "annualized_return": -0.1027364193124396,
    "sharpe_ratio": -0.44241570440834477,
    "max_drawdown": -0.1688509065274034,
    "win_rate": 0.5198412698412699,
    "total_trades": 252
}