{
    "cumulative_return": -0.309420019883344,
    "annualized_return": -0.3358148822500002,
    "sharpe_ratio": -2.484870147410565,
    "max_drawdown": -0.3410624625329277,
    "win_rate": 0.43859649122807015,
    "total_trades": 228
}