{
    "cumulative_return": -0.3450462969391649,
    "annualized_return": -0.34725991037836,
    "sharpe_ratio": -3.3261294887468176,
    "max_drawdown": -0.35601547668850786,
    "win_rate": 0.448,
    "total_trades": 250
}