{
    "cumulative_return": -0.6721925002068982,
    "annualized_return": -0.7085048053889994,
    "sharpe_ratio": -8.594669428395965,
    "max_drawdown": -0.6748888370403482,
    "win_rate": 0.30701754385964913,
    "total_trades": 228
}