{
    "cumulative_return": -0.23378920557400484,
    "annualized_return": -0.23541979103399924,
    "sharpe_ratio": -2.0413667337104666,
    "max_drawdown": -0.25408990545455107,
    "win_rate": 0.476,
    "total_trades": 250
}