{
    "cumulative_return": -0.43692104772867024,
    "annualized_return": -0.43692104772867024,
    "sharpe_ratio": -3.51379235183638,
    "max_drawdown": -0.42856118508195984,
    "win_rate": 0.4087301587301587,
    "total_trades": 252,
    "accuracy": 0.5079365079365079,
    "precision": 0.5350877192982456,
    "recall": 0.4621212121212121,
    "f1_score": 0.4959349593495935
}