{
    "cumulative_return": -0.29826709597567136,
    "annualized_return": -0.32628720402318556,
    "sharpe_ratio": -3.0166433884632675,
    "max_drawdown": -0.320464932118977,
    "win_rate": 0.4557522123893805,
    "total_trades": 226
}