{
    "cumulative_return": -0.02220409019770131,
    "annualized_return": -0.024944709021736844,
    "sharpe_ratio": 0.03867454759551067,
    "max_drawdown": -0.2847128970072411,
    "win_rate": 0.5133928571428571,
    "total_trades": 224
}