{
    "cumulative_return": -0.26981719287147166,
    "annualized_return": -0.2957608019104603,
    "sharpe_ratio": -1.225306415427622,
    "max_drawdown": -0.33702682220405916,
    "win_rate": 0.4557522123893805,
    "total_trades": 226
}