{
    "cumulative_return": -0.007672809054362295,
    "annualized_return": -0.00855173698972933,
    "sharpe_ratio": 0.054329612858149426,
    "max_drawdown": -0.21231192985850428,
    "win_rate": 0.4469026548672566,
    "total_trades": 226
}