{
    "cumulative_return": 0.040544431837845174,
    "annualized_return": 0.04531303415636079,
    "sharpe_ratio": 0.3462154125457849,
    "max_drawdown": -0.10521618295814228,
    "win_rate": 0.49557522123893805,
    "total_trades": 226
}