{
    "cumulative_return": -0.12886693243557357,
    "annualized_return": -0.12886693243557357,
    "sharpe_ratio": -0.21490521606373145,
    "max_drawdown": -0.4207089398989881,
    "win_rate": 0.49603174603174605,
    "total_trades": 252,
    "accuracy": 0.49603174603174605,
    "precision": 0.496,
    "recall": 0.992,
    "f1_score": 0.6613333333333333
}