{
    "cumulative_return": -0.39764256684701504,
    "annualized_return": -0.43176526921103064,
    "sharpe_ratio": -2.0635366821015806,
    "max_drawdown": -0.41447064488144236,
    "win_rate": 0.4823008849557522,
    "total_trades": 226
}