{
    "cumulative_return": -0.11434043163734886,
    "annualized_return": -0.12768132263203147,
    "sharpe_ratio": -0.37901715437841726,
    "max_drawdown": -0.18310376426696406,
    "win_rate": 0.5044642857142857,
    "total_trades": 224
}