{
    "cumulative_return": -0.2744797260483246,
    "annualized_return": -0.34514528348708806,
    "sharpe_ratio": -2.6283430760937496,
    "max_drawdown": -0.31087011324263336,
    "win_rate": 0.4083769633507853,
    "total_trades": 191
}