{
    "cumulative_return": -0.1033973802480741,
    "annualized_return": -0.11458493606813447,
    "sharpe_ratio": -0.41350852648482644,
    "max_drawdown": -0.2576244309219357,
    "win_rate": 0.4778761061946903,
    "total_trades": 226
}