{
    "cumulative_return": -0.05616609624951585,
    "annualized_return": -0.07343065075714328,
    "sharpe_ratio": -0.40351990566381946,
    "max_drawdown": -0.12078525093274554,
    "win_rate": 0.4607329842931937,
    "total_trades": 191
}