{
    "cumulative_return": -0.37386189310777396,
    "annualized_return": -0.37386189310777396,
    "sharpe_ratio": -1.7415366992084846,
    "max_drawdown": -0.4036570449477169,
    "win_rate": 0.4126984126984127,
    "total_trades": 252,
    "accuracy": 0.43253968253968256,
    "precision": 0.4514285714285714,
    "recall": 0.626984126984127,
    "f1_score": 0.5249169435215947
}