{
    "cumulative_return": 0.3456864396874959,
    "annualized_return": 0.348886558850825,
    "sharpe_ratio": 1.2867758542165275,
    "max_drawdown": -0.1241473563440812,
    "win_rate": 0.528,
    "total_trades": 250,
    "accuracy": 0.48,
    "precision": 0.47761194029850745,
    "recall": 0.5161290322580645,
    "f1_score": 0.49612403100775193
}