{
    "cumulative_return": -0.024094742301958516,
    "annualized_return": -0.026829199360275613,
    "sharpe_ratio": 0.11074397897488357,
    "max_drawdown": -0.2568132709500732,
    "win_rate": 0.4778761061946903,
    "total_trades": 226
}