{
    "cumulative_return": 0.7584414094018601,
    "annualized_return": 0.7584414094018601,
    "sharpe_ratio": 2.577429664118098,
    "max_drawdown": -0.08846258651527406,
    "win_rate": 0.5396825396825397,
    "total_trades": 252,
    "accuracy": 0.49603174603174605,
    "precision": 0.45384615384615384,
    "recall": 0.5130434782608696,
    "f1_score": 0.4816326530612245
}