{
    "cumulative_return": -0.01299146934951334,
    "annualized_return": -0.013094717647855969,
    "sharpe_ratio": 0.07675263493320109,
    "max_drawdown": -0.2723370506621587,
    "win_rate": 0.492,
    "total_trades": 250,
    "accuracy": 0.524,
    "precision": 0.5373134328358209,
    "recall": 0.2903225806451613,
    "f1_score": 0.3769633507853403
}