{
    "cumulative_return": -0.09858297583415343,
    "annualized_return": -0.09858297583415343,
    "sharpe_ratio": -0.37453594008409485,
    "max_drawdown": -0.15963374675651879,
    "win_rate": 0.46825396825396826,
    "total_trades": 252,
    "accuracy": 0.4722222222222222,
    "precision": 0.4883720930232558,
    "recall": 0.1590909090909091,
    "f1_score": 0.24
}