{
    "cumulative_return": -0.056694296236188935,
    "annualized_return": -0.06300694519219019,
    "sharpe_ratio": -0.3001090044007824,
    "max_drawdown": -0.15416689448266332,
    "win_rate": 0.4823008849557522,
    "total_trades": 226
}