{
    "cumulative_return": -0.09642301710730894,
    "annualized_return": -0.09642301710730894,
    "sharpe_ratio": -0.11315490651936061,
    "max_drawdown": -0.3727836636109124,
    "win_rate": 0.49603174603174605,
    "total_trades": 252,
    "accuracy": 0.49603174603174605,
    "precision": 0.49603174603174605,
    "recall": 1.0,
    "f1_score": 0.6631299734748011
}