{
    "cumulative_return": 0.2696175607695721,
    "annualized_return": 0.2696175607695721,
    "sharpe_ratio": 1.2159995689567524,
    "max_drawdown": -0.10672296324610037,
    "win_rate": 0.503968253968254,
    "total_trades": 252,
    "accuracy": 0.5119047619047619,
    "precision": 0.5882352941176471,
    "recall": 0.22727272727272727,
    "f1_score": 0.32786885245901637
}