{
    "cumulative_return": 0.9875088188669929,
    "annualized_return": 1.150937574511838,
    "sharpe_ratio": 2.290175600561097,
    "max_drawdown": -0.14790076458752957,
    "win_rate": 0.5530973451327433,
    "total_trades": 226
}