{
    "cumulative_return": 0.32628230888913645,
    "annualized_return": 0.3700756265312193,
    "sharpe_ratio": 1.485544761887806,
    "max_drawdown": -0.12465602985786112,
    "win_rate": 0.4911504424778761,
    "total_trades": 226
}