{
    "cumulative_return": -0.43176365393306637,
    "annualized_return": -0.43176365393306637,
    "sharpe_ratio": -3.33753450438304,
    "max_drawdown": -0.45135060966557855,
    "win_rate": 0.3968253968253968,
    "total_trades": 252,
    "accuracy": 0.48412698412698413,
    "precision": 0.5555555555555556,
    "recall": 0.11278195488721804,
    "f1_score": 0.1875
}