{
    "cumulative_return": -0.07925415918872669,
    "annualized_return": -0.08795923107066772,
    "sharpe_ratio": -0.36551252768847375,
    "max_drawdown": -0.22862350536045248,
    "win_rate": 0.4557522123893805,
    "total_trades": 226
}