{
    "best_params": {
        "colsample_bytree": 0.9,
        "gamma": 0.1,
        "learning_rate": 0.1,
        "max_depth": 5,
        "n_estimators": 50,
        "subsample": 0.8
    },
    "accuracy": 1.0,
    "sharpe_ratio": 8.732561163371548,
    "cv_results": {
        "mean_test_score": [
            5.0817075433945575,
            5.002411572043321,
            5.77167118280753,
            5.608242697162763,
            5.034627720657311,
            4.942678170383377,
            5.937634849600024,
            5.803368518556817,
            6.258307546889728,
            5.639802433277318,
            6.321711277514583,
            6.2637644664687855,
            6.502660857194471,
            6.1685405165128335,
            6.570533373531274,
            6.319359114626013,
            6.657799519509179,
            6.07794316884619,
            6.624495657665213,
            6.608959151748784,
            6.582572661913897,
            6.222277816322695,
            6.760409676754866,
            6.072756285657115,
            5.0817075433945575,
            5.002411572043321,
            5.77167118280753,
            5.608242697162763,
            4.994153573986293,
            4.942678170383377,
            5.937634849600024,
            5.803368518556817,
            6.421818682791938,
            5.694893077964828,
            6.321711277514583,
            5.722075973630026,
            6.111471348803555,
            6.194971110280946,
            6.528464943276936,
            6.16773871863408,
            6.580080317406192,
            6.340914357820072,
            6.702827871027985,
            6.362026265139744,
            6.439191227357221,
            6.267258467117817,
            6.440294725972691,
            6.4643115384928995,
            5.075579533580857,
            5.219195938957493,
            5.8017686540289475,
            5.618098946303168,
            5.638089649072114,
            5.504383832232968,
            5.703622036194717,
            5.873127573919233,
            6.486731523885761,
            5.769103275398115,
            6.558942672656713,
            6.251054250600056,
            6.3164767857593525,
            6.431967897378908,
            6.731457113073284,
            6.5789382102886504,
            6.516810271914491,
            6.2012149222084965,
            6.515747836501991,
            6.465769847851887,
            7.047165917733459,
            6.196606140326748,
            6.603929996179407,
            6.53753146846084,
            5.075579533580857,
            5.219195938957493,
            5.8017686540289475,
            5.618098946303168,
            5.383588297480315,
            5.504383832232968,
            5.703622036194717,
            5.909437977676003,
            6.486731523885761,
            5.769103275398115,
            6.518924004642042,
            6.251054250600056,
            6.824395484761898,
            6.123957617595148,
            6.964421890754974,
            6.687935228088496,
            6.671216987200144,
            6.125644632123809,
            6.781780508585485,
            6.447842181133161,
            7.242303150117827,
            6.295915670317862,
            6.757000852076355,
            6.5158769274067945
        ],
        "params": [
            "{'colsample_bytree': 0.8, 'gamma': 0, 'learning_rate': 0.01, 'max_depth': 3, 'n_estimators': 50, 'subsample': 0.8}",
            "{'colsample_bytree': 0.8, 'gamma': 0, 'learning_rate': 0.01, 'max_depth': 3, 'n_estimators': 50, 'subsample': 0.9}",
            "{'colsample_bytree': 0.8, 'gamma': 0, 'learning_rate': 0.01, 'max_depth': 3, 'n_estimators': 100, 'subsample': 0.8}",
            "{'colsample_bytree': 0.8, 'gamma': 0, 'learning_rate': 0.01, 'max_depth': 3, 'n_estimators': 100, 'subsample': 0.9}",
            "{'colsample_bytree': 0.8, 'gamma': 0, 'learning_rate': 0.01, 'max_depth': 5, 'n_estimators': 50, 'subsample': 0.8}",
            "{'colsample_bytree': 0.8, 'gamma': 0, 'learning_rate': 0.01, 'max_depth': 5, 'n_estimators': 50, 'subsample': 0.9}",
            "{'colsample_bytree': 0.8, 'gamma': 0, 'learning_rate': 0.01, 'max_depth': 5, 'n_estimators': 100, 'subsample': 0.8}",
            "{'colsample_bytree': 0.8, 'gamma': 0, 'learning_rate': 0.01, 'max_depth': 5, 'n_estimators': 100, 'subsample': 0.9}",
            "{'colsample_bytree': 0.8, 'gamma': 0, 'learning_rate': 0.05, 'max_depth': 3, 'n_estimators': 50, 'subsample': 0.8}",
            "{'colsample_bytree': 0.8, 'gamma': 0, 'learning_rate': 0.05, 'max_depth': 3, 'n_estimators': 50, 'subsample': 0.9}",
            "{'colsample_bytree': 0.8, 'gamma': 0, 'learning_rate': 0.05, 'max_depth': 3, 'n_estimators': 100, 'subsample': 0.8}",
            "{'colsample_bytree': 0.8, 'gamma': 0, 'learning_rate': 0.05, 'max_depth': 3, 'n_estimators': 100, 'subsample': 0.9}",
            "{'colsample_bytree': 0.8, 'gamma': 0, 'learning_rate': 0.05, 'max_depth': 5, 'n_estimators': 50, 'subsample': 0.8}",
            "{'colsample_bytree': 0.8, 'gamma': 0, 'learning_rate': 0.05, 'max_depth': 5, 'n_estimators': 50, 'subsample': 0.9}",
            "{'colsample_bytree': 0.8, 'gamma': 0, 'learning_rate': 0.05, 'max_depth': 5, 'n_estimators': 100, 'subsample': 0.8}",
            "{'colsample_bytree': 0.8, 'gamma': 0, 'learning_rate': 0.05, 'max_depth': 5, 'n_estimators': 100, 'subsample': 0.9}",
            "{'colsample_bytree': 0.8, 'gamma': 0, 'learning_rate': 0.1, 'max_depth': 3, 'n_estimators': 50, 'subsample': 0.8}",
            "{'colsample_bytree': 0.8, 'gamma': 0, 'learning_rate': 0.1, 'max_depth': 3, 'n_estimators': 50, 'subsample': 0.9}",
            "{'colsample_bytree': 0.8, 'gamma': 0, 'learning_rate': 0.1, 'max_depth': 3, 'n_estimators': 100, 'subsample': 0.8}",
            "{'colsample_bytree': 0.8, 'gamma': 0, 'learning_rate': 0.1, 'max_depth': 3, 'n_estimators': 100, 'subsample': 0.9}",
            "{'colsample_bytree': 0.8, 'gamma': 0, 'learning_rate': 0.1, 'max_depth': 5, 'n_estimators': 50, 'subsample': 0.8}",
            "{'colsample_bytree': 0.8, 'gamma': 0, 'learning_rate': 0.1, 'max_depth': 5, 'n_estimators': 50, 'subsample': 0.9}",
            "{'colsample_bytree': 0.8, 'gamma': 0, 'learning_rate': 0.1, 'max_depth': 5, 'n_estimators': 100, 'subsample': 0.8}",
            "{'colsample_bytree': 0.8, 'gamma': 0, 'learning_rate': 0.1, 'max_depth': 5, 'n_estimators': 100, 'subsample': 0.9}",
            "{'colsample_bytree': 0.8, 'gamma': 0.1, 'learning_rate': 0.01, 'max_depth': 3, 'n_estimators': 50, 'subsample': 0.8}",
            "{'colsample_bytree': 0.8, 'gamma': 0.1, 'learning_rate': 0.01, 'max_depth': 3, 'n_estimators': 50, 'subsample': 0.9}",
            "{'colsample_bytree': 0.8, 'gamma': 0.1, 'learning_rate': 0.01, 'max_depth': 3, 'n_estimators': 100, 'subsample': 0.8}",
            "{'colsample_bytree': 0.8, 'gamma': 0.1, 'learning_rate': 0.01, 'max_depth': 3, 'n_estimators': 100, 'subsample': 0.9}",
            "{'colsample_bytree': 0.8, 'gamma': 0.1, 'learning_rate': 0.01, 'max_depth': 5, 'n_estimators': 50, 'subsample': 0.8}",
            "{'colsample_bytree': 0.8, 'gamma': 0.1, 'learning_rate': 0.01, 'max_depth': 5, 'n_estimators': 50, 'subsample': 0.9}",
            "{'colsample_bytree': 0.8, 'gamma': 0.1, 'learning_rate': 0.01, 'max_depth': 5, 'n_estimators': 100, 'subsample': 0.8}",
            "{'colsample_bytree': 0.8, 'gamma': 0.1, 'learning_rate': 0.01, 'max_depth': 5, 'n_estimators': 100, 'subsample': 0.9}",
            "{'colsample_bytree': 0.8, 'gamma': 0.1, 'learning_rate': 0.05, 'max_depth': 3, 'n_estimators': 50, 'subsample': 0.8}",
            "{'colsample_bytree': 0.8, 'gamma': 0.1, 'learning_rate': 0.05, 'max_depth': 3, 'n_estimators': 50, 'subsample': 0.9}",
            "{'colsample_bytree': 0.8, 'gamma': 0.1, 'learning_rate': 0.05, 'max_depth': 3, 'n_estimators': 100, 'subsample': 0.8}",
