{
    "cumulative_return": -0.6281410822517137,
    "annualized_return": -0.6281410822517137,
    "sharpe_ratio": -4.51339057288389,
    "max_drawdown": -0.6262439589117188,
    "win_rate": 0.38095238095238093,
    "total_trades": 252,
    "accuracy": 0.503968253968254,
    "precision": 0.5607476635514018,
    "recall": 0.43478260869565216,
    "f1_score": 0.4897959183673469
}