{
    "cumulative_return": -0.1611599205519294,
    "annualized_return": -0.17794873772873077,
    "sharpe_ratio": -1.1917381768198159,
    "max_drawdown": -0.25065799790434895,
    "win_rate": 0.4424778761061947,
    "total_trades": 226
}