{
    "cumulative_return": -0.059490934071743884,
    "annualized_return": -0.06610392310066038,
    "sharpe_ratio": -0.41307971198712307,
    "max_drawdown": -0.1154231405903418,
    "win_rate": 0.48672566371681414,
    "total_trades": 226
}