{
    "cumulative_return": -0.1511170874917358,
    "annualized_return": -0.1511170874917358,
    "sharpe_ratio": -1.0105366259818689,
    "max_drawdown": -0.23492358231686536,
    "win_rate": 0.4880952380952381,
    "total_trades": 252,
    "accuracy": 0.5357142857142857,
    "precision": 0.6875,
    "recall": 0.08943089430894309,
    "f1_score": 0.15827338129496402
}