{
    "cumulative_return": -0.6109649458256496,
    "annualized_return": -0.6109649458256496,
    "sharpe_ratio": -4.286107507788817,
    "max_drawdown": -0.6093077201278821,
    "win_rate": 0.3888888888888889,
    "total_trades": 252,
    "accuracy": 0.5357142857142857,
    "precision": 0.6842105263157895,
    "recall": 0.2826086956521739,
    "f1_score": 0.4
}