{
    "cumulative_return": -0.6161910309628247,
    "annualized_return": -0.6562284311914175,
    "sharpe_ratio": -4.792768210933919,
    "max_drawdown": -0.6227180460246337,
    "win_rate": 0.3893805309734513,
    "total_trades": 226
}