{
    "cumulative_return": -0.5372638606252498,
    "annualized_return": -0.5765209268904956,
    "sharpe_ratio": -3.7715950454166594,
    "max_drawdown": -0.5400363919569172,
    "win_rate": 0.4026548672566372,
    "total_trades": 226
}