{
    "cumulative_return": 0.007558706388153702,
    "annualized_return": 0.008431948498001551,
    "sharpe_ratio": 0.13432908388733214,
    "max_drawdown": -0.22089029275483024,
    "win_rate": 0.49557522123893805,
    "total_trades": 226
}