{
    "cumulative_return": -0.3756129128027723,
    "annualized_return": -0.4628103015612848,
    "sharpe_ratio": -3.300177689408416,
    "max_drawdown": -0.3771746613950614,
    "win_rate": 0.3612565445026178,
    "total_trades": 191
}