{
    "cumulative_return": -0.2214213191083816,
    "annualized_return": -0.2435199374953131,
    "sharpe_ratio": -1.735956679653368,
    "max_drawdown": -0.253695710601978,
    "win_rate": 0.46017699115044247,
    "total_trades": 226
}