{
    "cumulative_return": -0.4711101140927454,
    "annualized_return": -0.4711101140927454,
    "sharpe_ratio": -1.9484554592236103,
    "max_drawdown": -0.47128967879903566,
    "win_rate": 0.4007936507936508,
    "total_trades": 252,
    "accuracy": 0.5,
    "precision": 0.5540540540540541,
    "recall": 0.30597014925373134,
    "f1_score": 0.3942307692307692
}