{
    "cumulative_return": -0.37831936824677825,
    "annualized_return": -0.46588031878170744,
    "sharpe_ratio": -3.3328962756099965,
    "max_drawdown": -0.3810799350810065,
    "win_rate": 0.38219895287958117,
    "total_trades": 191
}