{
    "cumulative_return": -0.6205920817672282,
    "annualized_return": -0.660620971881541,
    "sharpe_ratio": -3.439789250995825,
    "max_drawdown": -0.6422415974548967,
    "win_rate": 0.36283185840707965,
    "total_trades": 226
}