{
    "cumulative_return": -0.2944408309544002,
    "annualized_return": -0.3221898255750397,
    "sharpe_ratio": -1.1148179311661235,
    "max_drawdown": -0.373623809311576,
    "win_rate": 0.4026548672566372,
    "total_trades": 226
}