{
    "cumulative_return": -0.7096128651779066,
    "annualized_return": -0.7512004771472487,
    "sharpe_ratio": -8.057605982669305,
    "max_drawdown": -0.7182701130779753,
    "win_rate": 0.3125,
    "total_trades": 224
}