{
    "cumulative_return": 0.23764528596084333,
    "annualized_return": 0.23764528596084333,
    "sharpe_ratio": 1.345876815921268,
    "max_drawdown": -0.1113659240599265,
    "win_rate": 0.4880952380952381,
    "total_trades": 252,
    "accuracy": 0.49603174603174605,
    "precision": 0.517948717948718,
    "recall": 0.753731343283582,
    "f1_score": 0.6139817629179332
}