{
    "cumulative_return": -0.2031564571719653,
    "annualized_return": -0.22370534609711246,
    "sharpe_ratio": -1.7304644192544336,
    "max_drawdown": -0.2118734796527817,
    "win_rate": 0.43805309734513276,
    "total_trades": 226
}