{
    "cumulative_return": -0.7587061883585322,
    "annualized_return": -0.76143509616914,
    "sharpe_ratio": -8.617205890386753,
    "max_drawdown": -0.752980614783953,
    "win_rate": 0.3,
    "total_trades": 250,
    "accuracy": 0.472,
    "precision": 0.4666666666666667,
    "recall": 0.45161290322580644,
    "f1_score": 0.45901639344262296
}