{
    "cumulative_return": -0.45297585531023554,
    "annualized_return": -0.4896529013407679,
    "sharpe_ratio": -3.997323353988229,
    "max_drawdown": -0.45419695473512567,
    "win_rate": 0.3938053097345133,
    "total_trades": 226
}