{
    "cumulative_return": -0.7724973251372556,
    "annualized_return": -0.8109355739429245,
    "sharpe_ratio": -10.26864628447733,
    "max_drawdown": -0.7724973251372556,
    "win_rate": 0.25892857142857145,
    "total_trades": 224
}