{
    "cumulative_return": -0.17997974283150497,
    "annualized_return": -0.19848695564029517,
    "sharpe_ratio": -0.7720489892835335,
    "max_drawdown": -0.3247039864212263,
    "win_rate": 0.4247787610619469,
    "total_trades": 226
}