{
    "cumulative_return": 0.5613273937766552,
    "annualized_return": 0.643441875960064,
    "sharpe_ratio": 2.152775876065825,
    "max_drawdown": -0.14243634639058872,
    "win_rate": 0.5442477876106194,
    "total_trades": 226
}