{
    "cumulative_return": -0.1368649214272627,
    "annualized_return": -0.15013446734909464,
    "sharpe_ratio": -0.6722361500031783,
    "max_drawdown": -0.21502277498624478,
    "win_rate": 0.4824561403508772,
    "total_trades": 228
}