{
    "cumulative_return": 0.5541455525390915,
    "annualized_return": 0.627978668277823,
    "sharpe_ratio": 1.4735544636825317,
    "max_drawdown": -0.19562730808196382,
    "win_rate": 0.5526315789473685,
    "total_trades": 228
}