{
    "cumulative_return": -0.03165594661815396,
    "annualized_return": -0.04113167316974231,
    "sharpe_ratio": -0.16360166250462663,
    "max_drawdown": -0.2385087332754848,
    "win_rate": 0.5233160621761658,
    "total_trades": 193
}