{
    "cumulative_return": -0.1485226272462875,
    "annualized_return": -0.16281215805584826,
    "sharpe_ratio": -0.6292538808088863,
    "max_drawdown": -0.3322871256329261,
    "win_rate": 0.4649122807017544,
    "total_trades": 228
}