{
    "cumulative_return": 0.5365611521934648,
    "annualized_return": 0.6076321220757377,
    "sharpe_ratio": 2.399657762970302,
    "max_drawdown": -0.11442275292432733,
    "win_rate": 0.5482456140350878,
    "total_trades": 228
}