{
    "cumulative_return": -0.22435420343221357,
    "annualized_return": -0.2554956759673006,
    "sharpe_ratio": -1.5480394073211092,
    "max_drawdown": -0.24774992415769975,
    "win_rate": 0.4377880184331797,
    "total_trades": 217
}