{
    "cumulative_return": -0.3132635097937235,
    "annualized_return": -0.3132635097937235,
    "sharpe_ratio": -2.14903288233882,
    "max_drawdown": -0.31567862615653175,
    "win_rate": 0.44047619047619047,
    "total_trades": 252,
    "accuracy": 0.4722222222222222,
    "precision": 1.0,
    "recall": 0.007462686567164179,
    "f1_score": 0.014814814814814815
}