{
    "cumulative_return": -0.40339389181879903,
    "annualized_return": -0.4058539735060872,
    "sharpe_ratio": -2.731356249203043,
    "max_drawdown": -0.41248852033212485,
    "win_rate": 0.412,
    "total_trades": 250,
    "accuracy": 0.504,
    "precision": 0.5,
    "recall": 0.29838709677419356,
    "f1_score": 0.37373737373737376
}