{
    "cumulative_return": -0.45177610804117674,
    "annualized_return": -0.45177610804117674,
    "sharpe_ratio": -2.628667625522216,
    "max_drawdown": -0.449440763932373,
    "win_rate": 0.4603174603174603,
    "total_trades": 252,
    "accuracy": 0.5436507936507936,
    "precision": 0.6116504854368932,
    "recall": 0.45652173913043476,
    "f1_score": 0.5228215767634855
}