{
    "cumulative_return": -0.2952373696614954,
    "annualized_return": -0.29720735024433464,
    "sharpe_ratio": -1.8049520503707308,
    "max_drawdown": -0.35205494197182974,
    "win_rate": 0.416,
    "total_trades": 250
}