{
    "cumulative_return": -0.18138112425643738,
    "annualized_return": -0.20001414101382886,
    "sharpe_ratio": -1.0925110495951358,
    "max_drawdown": -0.27145716833349626,
    "win_rate": 0.4336283185840708,
    "total_trades": 226
}