{
    "cumulative_return": -0.39992219089262726,
    "annualized_return": -0.4866592568989957,
    "sharpe_ratio": -3.589583989172276,
    "max_drawdown": -0.4071202758503845,
    "win_rate": 0.37823834196891193,
    "total_trades": 193
}