{
    "cumulative_return": -0.3312048355195477,
    "annualized_return": -0.3312048355195477,
    "sharpe_ratio": -2.621553883363406,
    "max_drawdown": -0.3322978959093838,
    "win_rate": 0.4523809523809524,
    "total_trades": 252,
    "accuracy": 0.5079365079365079,
    "precision": 0.4953271028037383,
    "recall": 0.43089430894308944,
    "f1_score": 0.4608695652173913
}