{
    "cumulative_return": -0.309146298516629,
    "annualized_return": -0.309146298516629,
    "sharpe_ratio": -1.5597579521872968,
    "max_drawdown": -0.31765580582362524,
    "win_rate": 0.44841269841269843,
    "total_trades": 252
}