{
    "cumulative_return": -0.3221698294641524,
    "annualized_return": -0.3493549235527956,
    "sharpe_ratio": -2.9060363383296792,
    "max_drawdown": -0.3415542936273763,
    "win_rate": 0.40789473684210525,
    "total_trades": 228
}