{
    "cumulative_return": 0.056183499550343186,
    "annualized_return": 0.056183499550343186,
    "sharpe_ratio": 0.33237353529200153,
    "max_drawdown": -0.21075208185605526,
    "win_rate": 0.5,
    "total_trades": 252
}