{
    "cumulative_return": -0.5588897939855493,
    "annualized_return": -0.5588897939855493,
    "sharpe_ratio": -4.90970771537313,
    "max_drawdown": -0.5680212719383354,
    "win_rate": 0.36904761904761907,
    "total_trades": 252
}