{
    "cumulative_return": -0.4091717257777059,
    "annualized_return": -0.4091717257777059,
    "sharpe_ratio": -3.0395094415976347,
    "max_drawdown": -0.4048062083308714,
    "win_rate": 0.40476190476190477,
    "total_trades": 252,
    "accuracy": 0.5317460317460317,
    "precision": 0.5303030303030303,
    "recall": 0.5555555555555556,
    "f1_score": 0.5426356589147286
}