{
    "cumulative_return": -0.32109882206498597,
    "annualized_return": -0.32109882206498597,
    "sharpe_ratio": -2.5184344201340094,
    "max_drawdown": -0.3640823378590063,
    "win_rate": 0.42063492063492064,
    "total_trades": 252
}