{
    "cumulative_return": -0.16402780060098832,
    "annualized_return": -0.16402780060098832,
    "sharpe_ratio": -0.9726543559719035,
    "max_drawdown": -0.27756216339166223,
    "win_rate": 0.4722222222222222,
    "total_trades": 252
}