{
    "cumulative_return": -0.36525718646675764,
    "annualized_return": -0.41012671614960383,
    "sharpe_ratio": -2.874628621378415,
    "max_drawdown": -0.40817512586252774,
    "win_rate": 0.3870967741935484,
    "total_trades": 217
}