{
    "cumulative_return": -0.07485116703123751,
    "annualized_return": -0.08239677302956239,
    "sharpe_ratio": -0.4618584023725681,
    "max_drawdown": -0.23812243743916897,
    "win_rate": 0.4649122807017544,
    "total_trades": 228
}