{
    "cumulative_return": -0.3266772207028472,
    "annualized_return": -0.3266772207028472,
    "sharpe_ratio": -2.5750956299358725,
    "max_drawdown": -0.32777768090159265,
    "win_rate": 0.45634920634920634,
    "total_trades": 252
}