{
    "cumulative_return": -0.3978707837895935,
    "annualized_return": -0.44517530761834667,
    "sharpe_ratio": -3.232381486027686,
    "max_drawdown": -0.4193876711554607,
    "win_rate": 0.3870967741935484,
    "total_trades": 217,
    "accuracy": 0.47465437788018433,
    "precision": 0.4189189189189189,
    "recall": 0.6888888888888889,
    "f1_score": 0.5210084033613446
}