{
    "cumulative_return": -0.4169542323470201,
    "annualized_return": -0.41946518690053336,
    "sharpe_ratio": -2.861273955962906,
    "max_drawdown": -0.42584214782484864,
    "win_rate": 0.408,
    "total_trades": 250
}