{
    "cumulative_return": -0.15999280098503488,
    "annualized_return": -0.15999280098503488,
    "sharpe_ratio": -0.9334714533615079,
    "max_drawdown": -0.22693088231750694,
    "win_rate": 0.4722222222222222,
    "total_trades": 252
}