{
    "cumulative_return": -0.48732162161064885,
    "annualized_return": -0.48732162161064885,
    "sharpe_ratio": -2.9446779343521468,
    "max_drawdown": -0.4936364758231628,
    "win_rate": 0.4365079365079365,
    "total_trades": 252
}