{
    "cumulative_return": -0.309146298516629,
    "annualized_return": -0.309146298516629,
    "sharpe_ratio": -1.559757952187297,
    "max_drawdown": -0.31765580582362524,
    "win_rate": 0.44841269841269843,
    "total_trades": 252,
    "accuracy": 0.49206349206349204,
    "precision": 0.578125,
    "recall": 0.26811594202898553,
    "f1_score": 0.36633663366336633
}