{
    "cumulative_return": -0.3286724318059866,
    "annualized_return": -0.35625027135795684,
    "sharpe_ratio": -2.5321008290558176,
    "max_drawdown": -0.35738295006714227,
    "win_rate": 0.37719298245614036,
    "total_trades": 228
}