{
    "cumulative_return": -0.3132635097937235,
    "annualized_return": -0.3132635097937235,
    "sharpe_ratio": -2.1490328823388194,
    "max_drawdown": -0.31567862615653175,
    "win_rate": 0.44047619047619047,
    "total_trades": 252
}