{
    "cumulative_return": 0.8458593147990674,
    "annualized_return": 0.9807205841091922,
    "sharpe_ratio": 3.5642090184617157,
    "max_drawdown": -0.10631379403363067,
    "win_rate": 0.6283185840707964,
    "total_trades": 226
}