{
    "cumulative_return": -0.33614500181581297,
    "annualized_return": -0.37859411315383706,
    "sharpe_ratio": -2.581662790663559,
    "max_drawdown": -0.35057194379760603,
    "win_rate": 0.4423963133640553,
    "total_trades": 217,
    "accuracy": 0.4377880184331797,
    "precision": 0.6,
    "recall": 0.024390243902439025,
    "f1_score": 0.046875
}