{
    "cumulative_return": -0.31659710486079506,
    "annualized_return": -0.3483544766868627,
    "sharpe_ratio": -1.2954200802102742,
    "max_drawdown": -0.41257347709443826,
    "win_rate": 0.42857142857142855,
    "total_trades": 224
}