{
    "cumulative_return": 1.6899309587735507,
    "annualized_return": 1.6899309587735507,
    "sharpe_ratio": 4.022302277658324,
    "max_drawdown": -0.1108252409431223,
    "win_rate": 0.6626984126984127,
    "total_trades": 252,
    "accuracy": 0.5674603174603174,
    "precision": 0.6276595744680851,
    "recall": 0.44360902255639095,
    "f1_score": 0.5198237885462555
}