{
    "cumulative_return": -0.00983911840414442,
    "annualized_return": -0.00983911840414442,
    "sharpe_ratio": 0.062010786589249696,
    "max_drawdown": -0.31020051601671567,
    "win_rate": 0.5158730158730159,
    "total_trades": 252,
    "accuracy": 0.503968253968254,
    "precision": 0.5478260869565217,
    "recall": 0.4632352941176471,
    "f1_score": 0.50199203187251
}