{
    "cumulative_return": 1.2909181961578935,
    "annualized_return": 1.520151290447541,
    "sharpe_ratio": 4.0071132630932675,
    "max_drawdown": -0.16012770464057519,
    "win_rate": 0.6548672566371682,
    "total_trades": 226
}