{
    "cumulative_return": 0.8966447990124076,
    "annualized_return": 1.3268418963913633,
    "sharpe_ratio": 5.1459202086902875,
    "max_drawdown": -0.08484023591937268,
    "win_rate": 0.6387434554973822,
    "total_trades": 191
}