{
    "cumulative_return": 0.6216282582759736,
    "annualized_return": 0.714371717924762,
    "sharpe_ratio": 2.740929555433222,
    "max_drawdown": -0.17266315591498965,
    "win_rate": 0.5929203539823009,
    "total_trades": 226
}