{
    "cumulative_return": 0.8650351208672202,
    "annualized_return": 1.0036783171510133,
    "sharpe_ratio": 2.884711423382892,
    "max_drawdown": -0.13357306488830642,
    "win_rate": 0.584070796460177,
    "total_trades": 226
}