{
    "cumulative_return": 0.1425142585541237,
    "annualized_return": 0.16016103792066438,
    "sharpe_ratio": 0.835664837949824,
    "max_drawdown": -0.22923737396636498,
    "win_rate": 0.5663716814159292,
    "total_trades": 226
}