{
    "cumulative_return": -0.019040342656143183,
    "annualized_return": -0.021394751932232836,
    "sharpe_ratio": 0.07639150017362473,
    "max_drawdown": -0.3321491145707024,
    "win_rate": 0.4955357142857143,
    "total_trades": 224
}