{
    "cumulative_return": 0.015429459932400302,
    "annualized_return": 0.01721973117409248,
    "sharpe_ratio": 0.18613380259848322,
    "max_drawdown": -0.20172660909318643,
    "win_rate": 0.5132743362831859,
    "total_trades": 226
}