{
    "cumulative_return": -0.20273761834317294,
    "annualized_return": -0.2583901300959527,
    "sharpe_ratio": -1.6222295188189306,
    "max_drawdown": -0.20612756479517386,
    "win_rate": 0.4293193717277487,
    "total_trades": 191
}