{
    "cumulative_return": 0.1516394087652324,
    "annualized_return": 0.1704978776483086,
    "sharpe_ratio": 0.7234460549169723,
    "max_drawdown": -0.1767040497004406,
    "win_rate": 0.5442477876106194,
    "total_trades": 226
}