{
    "cumulative_return": 0.549379240110573,
    "annualized_return": 0.549379240110573,
    "sharpe_ratio": 1.7884282018724913,
    "max_drawdown": -0.12462638163711262,
    "win_rate": 0.5555555555555556,
    "total_trades": 252,
    "accuracy": 0.503968253968254,
    "precision": 0.4166666666666667,
    "recall": 0.04065040650406504,
    "f1_score": 0.07407407407407407
}