{
    "cumulative_return": -0.01917752604251488,
    "annualized_return": -0.01932945387762164,
    "sharpe_ratio": 0.08042725191950992,
    "max_drawdown": -0.19741507088586985,
    "win_rate": 0.488,
    "total_trades": 250,
    "accuracy": 0.456,
    "precision": 0.47058823529411764,
    "recall": 0.36923076923076925,
    "f1_score": 0.41379310344827586
}