{
    "cumulative_return": -0.16508677231202973,
    "annualized_return": -0.18223855914336307,
    "sharpe_ratio": -0.6190708399983142,
    "max_drawdown": -0.28719356430060095,
    "win_rate": 0.49557522123893805,
    "total_trades": 226
}