{
    "cumulative_return": -0.157782136401451,
    "annualized_return": -0.157782136401451,
    "sharpe_ratio": -0.6203852063217886,
    "max_drawdown": -0.21634892563889482,
    "win_rate": 0.46825396825396826,
    "total_trades": 252,
    "accuracy": 0.5317460317460317,
    "precision": 0.5330396475770925,
    "recall": 0.9097744360902256,
    "f1_score": 0.6722222222222223
}