{
    "cumulative_return": -0.2535780738641499,
    "annualized_return": -0.2782746283595203,
    "sharpe_ratio": -1.2074838453442205,
    "max_drawdown": -0.28292579756983055,
    "win_rate": 0.47345132743362833,
    "total_trades": 226
}