{
    "cumulative_return": -0.2829652141904119,
    "annualized_return": -0.3098858071526619,
    "sharpe_ratio": -1.3223233938560703,
    "max_drawdown": -0.3054052570696727,
    "win_rate": 0.49557522123893805,
    "total_trades": 226
}