{
    "cumulative_return": 0.2610161637591428,
    "annualized_return": 0.2610161637591428,
    "sharpe_ratio": 1.006491135214362,
    "max_drawdown": -0.13253190252212302,
    "win_rate": 0.5595238095238095,
    "total_trades": 252,
    "accuracy": 0.5396825396825397,
    "precision": 0.5813953488372093,
    "recall": 0.2032520325203252,
    "f1_score": 0.30120481927710846
}