{
    "cumulative_return": 0.704867164236467,
    "annualized_return": 0.704867164236467,
    "sharpe_ratio": 2.1831452676170833,
    "max_drawdown": -0.23805758504373178,
    "win_rate": 0.5833333333333334,
    "total_trades": 252,
    "accuracy": 0.5198412698412699,
    "precision": 0.5833333333333334,
    "recall": 0.3157894736842105,
    "f1_score": 0.4097560975609756
}