{
    "cumulative_return": 0.8252398906157554,
    "annualized_return": 0.8252398906157554,
    "sharpe_ratio": 2.737262636804088,
    "max_drawdown": -0.12110815885754811,
    "win_rate": 0.5595238095238095,
    "total_trades": 252,
    "accuracy": 0.45634920634920634,
    "precision": 0.4864864864864865,
    "recall": 0.5413533834586466,
    "f1_score": 0.5124555160142349
}