{
    "cumulative_return": -0.21248999823857628,
    "annualized_return": -0.21399351926365184,
    "sharpe_ratio": -0.6683862579711448,
    "max_drawdown": -0.4403560688330199,
    "win_rate": 0.532,
    "total_trades": 250,
    "accuracy": 0.524,
    "precision": 0.5846153846153846,
    "recall": 0.2923076923076923,
    "f1_score": 0.38974358974358975
}