{
    "cumulative_return": -0.6261965641018823,
    "annualized_return": -0.6261965641018823,
    "sharpe_ratio": -2.9448221973375643,
    "max_drawdown": -0.6407740364590125,
    "win_rate": 0.40476190476190477,
    "total_trades": 252,
    "accuracy": 0.4801587301587302,
    "precision": 0.5405405405405406,
    "recall": 0.42857142857142855,
    "f1_score": 0.47808764940239046
}