{
    "cumulative_return": -0.5606030108139182,
    "annualized_return": -0.6151837709756203,
    "sharpe_ratio": -4.4228774785595695,
    "max_drawdown": -0.5568489421755223,
    "win_rate": 0.39631336405529954,
    "total_trades": 217
}