{
    "cumulative_return": 0.616077998325326,
    "annualized_return": 0.8714970213370623,
    "sharpe_ratio": 3.0782955865496042,
    "max_drawdown": -0.1015995604579931,
    "win_rate": 0.6113989637305699,
    "total_trades": 193
}