{
    "cumulative_return": 0.2811614934596214,
    "annualized_return": 0.3150146797135591,
    "sharpe_ratio": 1.0243906273483894,
    "max_drawdown": -0.23459780302016908,
    "win_rate": 0.4824561403508772,
    "total_trades": 228
}