{
    "cumulative_return": -0.5126946502240002,
    "annualized_return": -0.6088330430868139,
    "sharpe_ratio": -4.417671036746261,
    "max_drawdown": -0.5126946502240002,
    "win_rate": 0.43523316062176165,
    "total_trades": 193
}