{
    "cumulative_return": -0.7225383860851888,
    "annualized_return": -0.7575664684616338,
    "sharpe_ratio": -4.478901756096768,
    "max_drawdown": -0.725483724566417,
    "win_rate": 0.41228070175438597,
    "total_trades": 228
}