{
    "cumulative_return": -0.8491248507334594,
    "annualized_return": -0.8491248507334594,
    "sharpe_ratio": -6.122169600331504,
    "max_drawdown": -0.8523629290977056,
    "win_rate": 0.3531746031746032,
    "total_trades": 252,
    "accuracy": 0.5,
    "precision": 0.5555555555555556,
    "recall": 0.5,
    "f1_score": 0.5263157894736842
}