{
    "cumulative_return": -0.45644120184421355,
    "annualized_return": -0.45644120184421355,
    "sharpe_ratio": -2.2763109988191004,
    "max_drawdown": -0.51700863699646,
    "win_rate": 0.4523809523809524,
    "total_trades": 252
}