{
    "cumulative_return": -0.23620177738058523,
    "annualized_return": -0.23620177738058523,
    "sharpe_ratio": -1.1412762125662461,
    "max_drawdown": -0.2702209425910755,
    "win_rate": 0.44841269841269843,
    "total_trades": 252,
    "accuracy": 0.4603174603174603,
    "precision": 0.45689655172413796,
    "recall": 0.42063492063492064,
    "f1_score": 0.4380165289256198
}