{
    "cumulative_return": -0.21897364699067734,
    "annualized_return": -0.21897364699067734,
    "sharpe_ratio": -1.0373448362075934,
    "max_drawdown": -0.241343139414073,
    "win_rate": 0.46825396825396826,
    "total_trades": 252
}