{
    "cumulative_return": -0.07315456278532573,
    "annualized_return": -0.07371767982834765,
    "sharpe_ratio": 0.003346480046087634,
    "max_drawdown": -0.2764180823337021,
    "win_rate": 0.52,
    "total_trades": 250
}