{
    "cumulative_return": -0.2612467769782715,
    "annualized_return": -0.28442160616887746,
    "sharpe_ratio": -1.353743895111369,
    "max_drawdown": -0.2738379142148799,
    "win_rate": 0.40789473684210525,
    "total_trades": 228
}