{
    "cumulative_return": -0.34943096648044414,
    "annualized_return": -0.3782152592649478,
    "sharpe_ratio": -1.8284106031667988,
    "max_drawdown": -0.4043186897313272,
    "win_rate": 0.3991228070175439,
    "total_trades": 228
}