{
    "cumulative_return": -0.46621343329752074,
    "annualized_return": -0.46621343329752074,
    "sharpe_ratio": -2.5773181677834565,
    "max_drawdown": -0.4897659548138067,
    "win_rate": 0.4087301587301587,
    "total_trades": 252
}