{
    "cumulative_return": -0.3383270592355587,
    "annualized_return": -0.3383270592355587,
    "sharpe_ratio": -1.8132875889122286,
    "max_drawdown": -0.32410112559047116,
    "win_rate": 0.4444444444444444,
    "total_trades": 252
}