{
    "cumulative_return": -0.4307903732577423,
    "annualized_return": -0.4307903732577423,
    "sharpe_ratio": -2.0911321476994953,
    "max_drawdown": -0.4383627516933198,
    "win_rate": 0.42857142857142855,
    "total_trades": 252
}