{
    "cumulative_return": -0.20842883512361066,
    "annualized_return": -0.23771499068197455,
    "sharpe_ratio": -1.1362746529178067,
    "max_drawdown": -0.24649068973770946,
    "win_rate": 0.5161290322580645,
    "total_trades": 217
}