{
    "cumulative_return": -0.44464871165072684,
    "annualized_return": -0.44464871165072684,
    "sharpe_ratio": -2.1900114506987642,
    "max_drawdown": -0.4639007454880733,
    "win_rate": 0.43253968253968256,
    "total_trades": 252,
    "accuracy": 0.5158730158730159,
    "precision": 0.4906832298136646,
    "recall": 0.6638655462184874,
    "f1_score": 0.5642857142857143
}