{
    "cumulative_return": -0.8410871253608704,
    "annualized_return": -0.8410871253608704,
    "sharpe_ratio": -5.924879016256558,
    "max_drawdown": -0.8444977091692089,
    "win_rate": 0.35714285714285715,
    "total_trades": 252
}