{
    "cumulative_return": -0.6407692152018141,
    "annualized_return": -0.6436994149600954,
    "sharpe_ratio": -2.4486669916196453,
    "max_drawdown": -0.6248930661381119,
    "win_rate": 0.448,
    "total_trades": 250,
    "accuracy": 0.46,
    "precision": 0.4444444444444444,
    "recall": 0.029850746268656716,
    "f1_score": 0.055944055944055944
}