{
    "cumulative_return": -0.7280189075014485,
    "annualized_return": -0.7628536343703879,
    "sharpe_ratio": -2.128509612941459,
    "max_drawdown": -0.8047128859711248,
    "win_rate": 0.4649122807017544,
    "total_trades": 228
}