{
    "cumulative_return": -0.40448725931571294,
    "annualized_return": -0.43610871930653516,
    "sharpe_ratio": -2.616019274264523,
    "max_drawdown": -0.4107577332304786,
    "win_rate": 0.45614035087719296,
    "total_trades": 228
}