{
    "cumulative_return": -0.5606030108139182,
    "annualized_return": -0.6151837709756203,
    "sharpe_ratio": -4.42287747855957,
    "max_drawdown": -0.5568489421755223,
    "win_rate": 0.39631336405529954,
    "total_trades": 217,
    "accuracy": 0.4930875576036866,
    "precision": 0.44871794871794873,
    "recall": 0.3431372549019608,
    "f1_score": 0.3888888888888889
}