{
    "cumulative_return": -0.6407692152018141,
    "annualized_return": -0.6436994149600954,
    "sharpe_ratio": -2.448666991619646,
    "max_drawdown": -0.6248930661381119,
    "win_rate": 0.448,
    "total_trades": 250
}