{
    "cumulative_return": -0.2339319177931537,
    "annualized_return": -0.2339319177931537,
    "sharpe_ratio": -1.014564909359914,
    "max_drawdown": -0.2725942569753992,
    "win_rate": 0.4246031746031746,
    "total_trades": 252
}