{
    "cumulative_return": -0.6871753852671105,
    "annualized_return": -0.6871753852671105,
    "sharpe_ratio": -3.53208530908658,
    "max_drawdown": -0.696881783352543,
    "win_rate": 0.3968253968253968,
    "total_trades": 252
}