{
    "cumulative_return": -0.7004185734083377,
    "annualized_return": -0.7392100006904021,
    "sharpe_ratio": -3.385150427159297,
    "max_drawdown": -0.7011718876675366,
    "win_rate": 0.39823008849557523,
    "total_trades": 226
}