{
    "cumulative_return": -0.7005520302263923,
    "annualized_return": -0.7393395388689052,
    "sharpe_ratio": -3.385876437988206,
    "max_drawdown": -0.7064151598983118,
    "win_rate": 0.40707964601769914,
    "total_trades": 226
}