{
    "cumulative_return": -0.5967600188796907,
    "annualized_return": -0.5967600188796907,
    "sharpe_ratio": -1.2787559177199395,
    "max_drawdown": -0.5909683796142364,
    "win_rate": 0.44841269841269843,
    "total_trades": 252
}