{
    "cumulative_return": -0.5146040416669951,
    "annualized_return": -0.5501645829240343,
    "sharpe_ratio": -3.457301533856091,
    "max_drawdown": -0.5581431576714835,
    "win_rate": 0.34210526315789475,
    "total_trades": 228
}