{
    "cumulative_return": -0.29622328698821887,
    "annualized_return": -0.32177248053550034,
    "sharpe_ratio": -1.724980874846463,
    "max_drawdown": -0.4038796988774197,
    "win_rate": 0.4517543859649123,
    "total_trades": 228
}