{
    "cumulative_return": 0.0386904868974578,
    "annualized_return": 0.042849263311551145,
    "sharpe_ratio": 0.33172337243935907,
    "max_drawdown": -0.1286032645940525,
    "win_rate": 0.4868421052631579,
    "total_trades": 228
}