{
    "cumulative_return": -0.4649544446779532,
    "annualized_return": -0.49904315578574376,
    "sharpe_ratio": -3.364079890502503,
    "max_drawdown": -0.5050329104240584,
    "win_rate": 0.3815789473684211,
    "total_trades": 228
}