{
    "cumulative_return": -0.11681893539693256,
    "annualized_return": -0.11681893539693256,
    "sharpe_ratio": -0.4177533081287907,
    "max_drawdown": -0.2039691905369322,
    "win_rate": 0.49603174603174605,
    "total_trades": 252,
    "accuracy": 0.5277777777777778,
    "precision": 0.35714285714285715,
    "recall": 0.043478260869565216,
    "f1_score": 0.07751937984496124
}