{
    "cumulative_return": -0.10577878768703708,
    "annualized_return": -0.11624087345353773,
    "sharpe_ratio": -0.5066891814516237,
    "max_drawdown": -0.26425223982165297,
    "win_rate": 0.42543859649122806,
    "total_trades": 228
}