{
    "cumulative_return": -0.16029642359953988,
    "annualized_return": -0.1836276980953293,
    "sharpe_ratio": -1.2514598226443001,
    "max_drawdown": -0.17308797905599005,
    "win_rate": 0.41935483870967744,
    "total_trades": 217
}