{
    "cumulative_return": -0.4591067997742486,
    "annualized_return": -0.4591067997742486,
    "sharpe_ratio": -2.3360131427148523,
    "max_drawdown": -0.46076474825078434,
    "win_rate": 0.4603174603174603,
    "total_trades": 252
}