{
    "cumulative_return": -0.04012674284804674,
    "annualized_return": -0.04012674284804674,
    "sharpe_ratio": -0.05916419269937938,
    "max_drawdown": -0.1775129868495436,
    "win_rate": 0.5158730158730159,
    "total_trades": 252
}