{
    "cumulative_return": -0.07856116401698854,
    "annualized_return": -0.07856116401698854,
    "sharpe_ratio": -0.40074195404689456,
    "max_drawdown": -0.22784812924739034,
    "win_rate": 0.4801587301587302,
    "total_trades": 252
}