{
    "cumulative_return": -0.2679311266902953,
    "annualized_return": -0.2679311266902953,
    "sharpe_ratio": -1.7752052792117616,
    "max_drawdown": -0.30294238237896604,
    "win_rate": 0.40476190476190477,
    "total_trades": 252,
    "accuracy": 0.48412698412698413,
    "precision": 0.509090909090909,
    "recall": 0.631578947368421,
    "f1_score": 0.5637583892617449
}