{
    "cumulative_return": -0.25837672126309463,
    "annualized_return": -0.25837672126309463,
    "sharpe_ratio": -0.6758533651658435,
    "max_drawdown": -0.3727836636109124,
    "win_rate": 0.4722222222222222,
    "total_trades": 252
}