{
    "cumulative_return": -0.17865960349586096,
    "annualized_return": -0.17865960349586096,
    "sharpe_ratio": -0.8042429869449315,
    "max_drawdown": -0.3447589898743842,
    "win_rate": 0.45634920634920634,
    "total_trades": 252
}