{
    "cumulative_return": -0.011202076960782681,
    "annualized_return": -0.012373918667742068,
    "sharpe_ratio": 0.08167459436321321,
    "max_drawdown": -0.2862093930201424,
    "win_rate": 0.4692982456140351,
    "total_trades": 228
}