{
    "cumulative_return": -0.08733703744246846,
    "annualized_return": -0.10069111879662385,
    "sharpe_ratio": -0.6170314365594965,
    "max_drawdown": -0.13377851982429634,
    "win_rate": 0.4377880184331797,
    "total_trades": 217
}