{
    "cumulative_return": -0.11735050663887248,
    "annualized_return": -0.12887238939899492,
    "sharpe_ratio": -0.20312042134889458,
    "max_drawdown": -0.2477180258949556,
    "win_rate": 0.43859649122807015,
    "total_trades": 228
}