{
    "cumulative_return": -0.06752922988407994,
    "annualized_return": -0.07499957021914794,
    "sharpe_ratio": -0.16023850796034386,
    "max_drawdown": -0.2963722993992705,
    "win_rate": 0.47345132743362833,
    "total_trades": 226
}