{
    "cumulative_return": -0.2046122855895709,
    "annualized_return": -0.2235499944961672,
    "sharpe_ratio": -0.8517837716054858,
    "max_drawdown": -0.2408738676879306,
    "win_rate": 0.4824561403508772,
    "total_trades": 228
}