{
    "cumulative_return": -0.08691475645462843,
    "annualized_return": -0.08691475645462843,
    "sharpe_ratio": -0.23389771086832212,
    "max_drawdown": -0.26962332873674344,
    "win_rate": 0.45634920634920634,
    "total_trades": 252
}