{
    "cumulative_return": -0.15569264497157986,
    "annualized_return": -0.19826316795476318,
    "sharpe_ratio": -1.3126348027592842,
    "max_drawdown": -0.1655746322842162,
    "win_rate": 0.40414507772020725,
    "total_trades": 193
}