{
    "cumulative_return": -0.17865960349586096,
    "annualized_return": -0.17865960349586096,
    "sharpe_ratio": -0.8042429869449312,
    "max_drawdown": -0.3447589898743842,
    "win_rate": 0.45634920634920634,
    "total_trades": 252,
    "accuracy": 0.4801587301587302,
    "precision": 0.6,
    "recall": 0.022727272727272728,
    "f1_score": 0.043795620437956206
}