{
    "cumulative_return": -0.4591067997742486,
    "annualized_return": -0.4591067997742486,
    "sharpe_ratio": -2.336013142714852,
    "max_drawdown": -0.46076474825078434,
    "win_rate": 0.4603174603174603,
    "total_trades": 252,
    "accuracy": 0.5119047619047619,
    "precision": 0.6,
    "recall": 0.07142857142857142,
    "f1_score": 0.1276595744680851
}