{
    "cumulative_return": -0.10100338426925604,
    "annualized_return": -0.11631053220963328,
    "sharpe_ratio": -0.7316203517218901,
    "max_drawdown": -0.1337785198242965,
    "win_rate": 0.43317972350230416,
    "total_trades": 217,
    "accuracy": 0.45622119815668205,
    "precision": 0.6,
    "recall": 0.0743801652892562,
    "f1_score": 0.1323529411764706
}