{
    "cumulative_return": -0.3120209965014905,
    "annualized_return": -0.314076336649441,
    "sharpe_ratio": -1.3279509335758617,
    "max_drawdown": -0.31292353616797086,
    "win_rate": 0.452,
    "total_trades": 250
}