{
    "cumulative_return": -0.5175239714875595,
    "annualized_return": -0.5175239714875595,
    "sharpe_ratio": -3.3397078571596293,
    "max_drawdown": -0.528890340257183,
    "win_rate": 0.4007936507936508,
    "total_trades": 252
}