{
    "cumulative_return": -0.060739535311541526,
    "annualized_return": -0.06748627383951078,
    "sharpe_ratio": -0.12929233283773153,
    "max_drawdown": -0.36220603497309567,
    "win_rate": 0.4690265486725664,
    "total_trades": 226
}