{
    "cumulative_return": -0.10550915417444329,
    "annualized_return": -0.10550915417444329,
    "sharpe_ratio": -0.5767245651924068,
    "max_drawdown": -0.19883890868036816,
    "win_rate": 0.4642857142857143,
    "total_trades": 252
}