{
    "cumulative_return": -0.23128208629291536,
    "annualized_return": -0.2328979599522112,
    "sharpe_ratio": -0.8960504112762588,
    "max_drawdown": -0.292114112009499,
    "win_rate": 0.428,
    "total_trades": 250
}