{
    "cumulative_return": -0.12232682790976124,
    "annualized_return": -0.13429912298055535,
    "sharpe_ratio": -0.5062648193862793,
    "max_drawdown": -0.17751298684954384,
    "win_rate": 0.5043859649122807,
    "total_trades": 228
}