{
    "cumulative_return": -0.2902214422625137,
    "annualized_return": -0.29216528511143414,
    "sharpe_ratio": -1.205405851349864,
    "max_drawdown": -0.29115258013084655,
    "win_rate": 0.452,
    "total_trades": 250,
    "accuracy": 0.46,
    "precision": 0.36585365853658536,
    "recall": 0.12096774193548387,
    "f1_score": 0.18181818181818182
}