{
    "cumulative_return": -0.24622426765667704,
    "annualized_return": -0.2683215357026464,
    "sharpe_ratio": -1.236300926729171,
    "max_drawdown": -0.2870140219957358,
    "win_rate": 0.4517543859649123,
    "total_trades": 228
}