{
    "cumulative_return": -0.11681893539693256,
    "annualized_return": -0.11681893539693256,
    "sharpe_ratio": -0.4177533081287905,
    "max_drawdown": -0.2039691905369322,
    "win_rate": 0.49603174603174605,
    "total_trades": 252
}