{
    "cumulative_return": -0.08836853509081877,
    "annualized_return": -0.08836853509081877,
    "sharpe_ratio": -0.4642564464042173,
    "max_drawdown": -0.22784812924738962,
    "win_rate": 0.47619047619047616,
    "total_trades": 252,
    "accuracy": 0.49603174603174605,
    "precision": 0.5254237288135594,
    "recall": 0.46616541353383456,
    "f1_score": 0.4940239043824701
}