{
    "cumulative_return": -0.3415161638944493,
    "annualized_return": -0.37241901219482576,
    "sharpe_ratio": -2.3264252040017563,
    "max_drawdown": -0.36715390552757055,
    "win_rate": 0.42920353982300885,
    "total_trades": 226
}