{
    "cumulative_return": -0.40096418753375074,
    "annualized_return": -0.4913986614415795,
    "sharpe_ratio": -4.071563630820251,
    "max_drawdown": -0.41639027976774917,
    "win_rate": 0.3769633507853403,
    "total_trades": 191
}