{
    "cumulative_return": -0.7602925757485048,
    "annualized_return": -0.796615707820385,
    "sharpe_ratio": -6.990962066359104,
    "max_drawdown": -0.7630483546825172,
    "win_rate": 0.336283185840708,
    "total_trades": 226
}