{
    "cumulative_return": -0.46392702596111457,
    "annualized_return": -0.5010320143468592,
    "sharpe_ratio": -3.568517194592959,
    "max_drawdown": -0.502752739686279,
    "win_rate": 0.42920353982300885,
    "total_trades": 226
}