{
    "cumulative_return": -0.21338560397865625,
    "annualized_return": -0.2348089259333791,
    "sharpe_ratio": -0.9757690611164185,
    "max_drawdown": -0.32107895595829095,
    "win_rate": 0.4469026548672566,
    "total_trades": 226
}