{
    "cumulative_return": -0.3296353626218319,
    "annualized_return": -0.3597800732360621,
    "sharpe_ratio": -1.88347124150967,
    "max_drawdown": -0.37615297568134065,
    "win_rate": 0.4424778761061947,
    "total_trades": 226
}