{
    "cumulative_return": 0.10646781382136683,
    "annualized_return": 0.12054972500071703,
    "sharpe_ratio": 0.63723205928756,
    "max_drawdown": -0.09628581435074252,
    "win_rate": 0.5089285714285714,
    "total_trades": 224
}