{
    "cumulative_return": -0.5534784530456716,
    "annualized_return": -0.5962870103587461,
    "sharpe_ratio": -4.254818747373502,
    "max_drawdown": -0.5591752315250544,
    "win_rate": 0.38839285714285715,
    "total_trades": 224
}