{
    "cumulative_return": -0.1240703072908429,
    "annualized_return": -0.13731813906523138,
    "sharpe_ratio": -0.37828266999464555,
    "max_drawdown": -0.2804519343777236,
    "win_rate": 0.5221238938053098,
    "total_trades": 226
}