{
    "cumulative_return": -0.3153465483899587,
    "annualized_return": -0.3153465483899587,
    "sharpe_ratio": -1.255228157489564,
    "max_drawdown": -0.39264424645211843,
    "win_rate": 0.5,
    "total_trades": 252,
    "accuracy": 0.5436507936507936,
    "precision": 0.5714285714285714,
    "recall": 0.3779527559055118,
    "f1_score": 0.4549763033175355
}