{
    "cumulative_return": -0.012863049846115637,
    "annualized_return": -0.012863049846115637,
    "sharpe_ratio": 0.05298394356538446,
    "max_drawdown": -0.23156079809566335,
    "win_rate": 0.4642857142857143,
    "total_trades": 252,
    "accuracy": 0.47619047619047616,
    "precision": 0.6,
    "recall": 0.23076923076923078,
    "f1_score": 0.3333333333333333
}