{
    "cumulative_return": 0.18507497854008026,
    "annualized_return": 0.2511176799746062,
    "sharpe_ratio": 1.4236829806093596,
    "max_drawdown": -0.1008634938536906,
    "win_rate": 0.49214659685863876,
    "total_trades": 191
}