{
    "cumulative_return": -0.5381918373414778,
    "annualized_return": -0.5381918373414778,
    "sharpe_ratio": -3.430491523352479,
    "max_drawdown": -0.5621390977399595,
    "win_rate": 0.376984126984127,
    "total_trades": 252,
    "accuracy": 0.4523809523809524,
    "precision": 0.391304347826087,
    "recall": 0.06766917293233082,
    "f1_score": 0.11538461538461539
}