{
    "cumulative_return": -0.36942285390290464,
    "annualized_return": -0.4020026470784809,
    "sharpe_ratio": -2.5049405700738694,
    "max_drawdown": -0.4222312292040525,
    "win_rate": 0.4026548672566372,
    "total_trades": 226
}