{
    "cumulative_return": 0.7502323574566174,
    "annualized_return": 0.9155994067276743,
    "sharpe_ratio": 4.129252031087742,
    "max_drawdown": -0.14779055326874246,
    "win_rate": 0.6359447004608295,
    "total_trades": 217,
    "accuracy": 0.5069124423963134,
    "precision": 0.5714285714285714,
    "recall": 0.4628099173553719,
    "f1_score": 0.5114155251141552
}