{
    "cumulative_return": -0.6814105246525264,
    "annualized_return": -0.720693490377874,
    "sharpe_ratio": -5.937792791361587,
    "max_drawdown": -0.6919836780347938,
    "win_rate": 0.3053097345132743,
    "total_trades": 226
}