{
    "cumulative_return": -0.20169413399761527,
    "annualized_return": -0.22211667198240204,
    "sharpe_ratio": -0.7434558230928909,
    "max_drawdown": -0.2812609149877368,
    "win_rate": 0.5,
    "total_trades": 226
}