{
    "cumulative_return": -0.07259069418597586,
    "annualized_return": -0.08059636197714493,
    "sharpe_ratio": -0.3203742760193515,
    "max_drawdown": -0.22022281139115135,
    "win_rate": 0.5,
    "total_trades": 226
}