{
    "cumulative_return": -0.5060100492033045,
    "annualized_return": -0.6056332066567723,
    "sharpe_ratio": -4.286936801283861,
    "max_drawdown": -0.50786134864226,
    "win_rate": 0.36649214659685864,
    "total_trades": 191
}