{
    "cumulative_return": -0.5337874931149429,
    "annualized_return": -0.5729719469769513,
    "sharpe_ratio": -4.527147914018969,
    "max_drawdown": -0.5364426818855086,
    "win_rate": 0.33185840707964603,
    "total_trades": 226
}