{
    "cumulative_return": 1.9880951361876176,
    "annualized_return": 2.407546186717869,
    "sharpe_ratio": 2.8130954043594683,
    "max_drawdown": -0.14060521631464967,
    "win_rate": 0.5022222222222222,
    "total_trades": 225
}