{
    "cumulative_return": -0.5354936773433407,
    "annualized_return": -0.5383343494223596,
    "sharpe_ratio": -2.1502466141468672,
    "max_drawdown": -0.5623216460551376,
    "win_rate": 0.408,
    "total_trades": 250,
    "accuracy": 0.532,
    "precision": 0.46923076923076923,
    "recall": 0.5596330275229358,
    "f1_score": 0.5104602510460251
}