{
    "cumulative_return": 0.05647623985855699,
    "annualized_return": 0.06317476387543675,
    "sharpe_ratio": 0.43991062798530345,
    "max_drawdown": -0.14705568069976246,
    "win_rate": 0.4646017699115044,
    "total_trades": 226
}