{
    "cumulative_return": -0.4620792796050094,
    "annualized_return": -0.4991139232221836,
    "sharpe_ratio": -4.0206955854534865,
    "max_drawdown": -0.4731162121711632,
    "win_rate": 0.35398230088495575,
    "total_trades": 226
}