{
    "cumulative_return": 0.0008538553134136428,
    "annualized_return": 0.0009916421751436921,
    "sharpe_ratio": 0.1105576773053413,
    "max_drawdown": -0.19216915008567304,
    "win_rate": 0.48847926267281105,
    "total_trades": 217,
    "accuracy": 0.5207373271889401,
    "precision": 0.5396825396825397,
    "recall": 0.3119266055045872,
    "f1_score": 0.3953488372093023
}