{
    "cumulative_return": -0.7869721300333867,
    "annualized_return": -0.8230507215932034,
    "sharpe_ratio": -3.4056534125178906,
    "max_drawdown": -0.808602765965494,
    "win_rate": 0.37777777777777777,
    "total_trades": 225
}