{
    "cumulative_return": -0.6365402544037129,
    "annualized_return": -0.7369256577616627,
    "sharpe_ratio": -6.465551751317273,
    "max_drawdown": -0.6384645485214964,
    "win_rate": 0.3193717277486911,
    "total_trades": 191
}