{
    "cumulative_return": -0.5264839500286502,
    "annualized_return": -0.5687277226230638,
    "sharpe_ratio": -2.4880823655104627,
    "max_drawdown": -0.5572896142893882,
    "win_rate": 0.41964285714285715,
    "total_trades": 224
}