{
    "cumulative_return": -0.013565648048407875,
    "annualized_return": -0.015114446859533559,
    "sharpe_ratio": 0.060424001674770945,
    "max_drawdown": -0.17022041569902524,
    "win_rate": 0.46017699115044247,
    "total_trades": 226
}