{
    "cumulative_return": -0.7015539035107096,
    "annualized_return": -0.7403117822867153,
    "sharpe_ratio": -8.126326535298034,
    "max_drawdown": -0.7015539035107096,
    "win_rate": 0.23893805309734514,
    "total_trades": 226
}