{
    "cumulative_return": -0.5982581315852549,
    "annualized_return": -0.6415401803679193,
    "sharpe_ratio": -3.0910963825930375,
    "max_drawdown": -0.6288972875270975,
    "win_rate": 0.38392857142857145,
    "total_trades": 224
}