{
    "cumulative_return": -0.5913412579407284,
    "annualized_return": -0.5913412579407284,
    "sharpe_ratio": -4.446362466993516,
    "max_drawdown": -0.6326140241141517,
    "win_rate": 0.30158730158730157,
    "total_trades": 252,
    "accuracy": 0.4801587301587302,
    "precision": 0.42201834862385323,
    "recall": 0.40350877192982454,
    "f1_score": 0.4125560538116592
}