{
    "cumulative_return": -0.371186148384697,
    "annualized_return": -0.371186148384697,
    "sharpe_ratio": -2.1902179312640304,
    "max_drawdown": -0.39296378905211443,
    "win_rate": 0.3888888888888889,
    "total_trades": 252,
    "accuracy": 0.5,
    "precision": 0.4473684210526316,
    "recall": 0.4473684210526316,
    "f1_score": 0.4473684210526316
}