{
    "cumulative_return": -0.5326411867265611,
    "annualized_return": -0.5326411867265611,
    "sharpe_ratio": -3.0442113398354818,
    "max_drawdown": -0.5253451788592141,
    "win_rate": 0.39285714285714285,
    "total_trades": 252,
    "accuracy": 0.5198412698412699,
    "precision": 0.6,
    "recall": 0.096,
    "f1_score": 0.16551724137931034
}