{
    "cumulative_return": -0.257600587202623,
    "annualized_return": -0.2826101595650281,
    "sharpe_ratio": -1.722675158739846,
    "max_drawdown": -0.3423788137219222,
    "win_rate": 0.42035398230088494,
    "total_trades": 226
}