{
    "cumulative_return": -0.45702373541651087,
    "annualized_return": -0.4938620434954645,
    "sharpe_ratio": -3.5507533154856183,
    "max_drawdown": -0.49057522776626944,
    "win_rate": 0.3185840707964602,
    "total_trades": 226
}