{
    "cumulative_return": 0.451534126803496,
    "annualized_return": 0.515111327956709,
    "sharpe_ratio": 1.6122630299678227,
    "max_drawdown": -0.1165722793247085,
    "win_rate": 0.504424778761062,
    "total_trades": 226
}