{
    "cumulative_return": 1.3906268908126456,
    "annualized_return": 1.6427580578437504,
    "sharpe_ratio": 5.226629064494249,
    "max_drawdown": -0.04548918738687244,
    "win_rate": 0.6637168141592921,
    "total_trades": 226
}