{
    "cumulative_return": -0.2609951641421061,
    "annualized_return": -0.28626678911377057,
    "sharpe_ratio": -1.6480874352545078,
    "max_drawdown": -0.2872342073325639,
    "win_rate": 0.4026548672566372,
    "total_trades": 226
}