{
    "cumulative_return": -0.4425047250901445,
    "annualized_return": -0.5374083369541878,
    "sharpe_ratio": -4.702649415416417,
    "max_drawdown": -0.448476570572641,
    "win_rate": 0.3507853403141361,
    "total_trades": 191
}