{
    "cumulative_return": -0.30893665046447427,
    "annualized_return": -0.30893665046447427,
    "sharpe_ratio": -1.551877816368426,
    "max_drawdown": -0.36324175852801666,
    "win_rate": 0.4722222222222222,
    "total_trades": 252,
    "accuracy": 0.5,
    "precision": 0.6129032258064516,
    "recall": 0.14285714285714285,
    "f1_score": 0.23170731707317074
}