{
    "cumulative_return": 0.5804083097489521,
    "annualized_return": 0.5804083097489521,
    "sharpe_ratio": 1.8251549988051938,
    "max_drawdown": -0.16964172097153873,
    "win_rate": 0.5277777777777778,
    "total_trades": 252,
    "accuracy": 0.4880952380952381,
    "precision": 0.49074074074074076,
    "recall": 0.41732283464566927,
    "f1_score": 0.451063829787234
}