{
    "cumulative_return": -0.3687136010562907,
    "annualized_return": -0.3687136010562907,
    "sharpe_ratio": -1.9652032152405594,
    "max_drawdown": -0.43970039019080914,
    "win_rate": 0.44841269841269843,
    "total_trades": 252,
    "accuracy": 0.5119047619047619,
    "precision": 0.625,
    "recall": 0.18796992481203006,
    "f1_score": 0.28901734104046245
}