{
    "cumulative_return": -0.09120391991869536,
    "annualized_return": -0.10114787694878591,
    "sharpe_ratio": -0.4343275828716194,
    "max_drawdown": -0.154261277231405,
    "win_rate": 0.46017699115044247,
    "total_trades": 226
}