{
    "cumulative_return": -0.5400592615363067,
    "annualized_return": -0.5793724935531168,
    "sharpe_ratio": -3.505625546797049,
    "max_drawdown": -0.5639888846755728,
    "win_rate": 0.415929203539823,
    "total_trades": 226
}