{
    "cumulative_return": 0.015315162720808795,
    "annualized_return": 0.0172459770090978,
    "sharpe_ratio": 0.18704680427647766,
    "max_drawdown": -0.15837229853969786,
    "win_rate": 0.4955357142857143,
    "total_trades": 224
}