{
    "cumulative_return": -0.1667720697970725,
    "annualized_return": -0.18407892218209287,
    "sharpe_ratio": -0.5748215363362522,
    "max_drawdown": -0.27958784508948914,
    "win_rate": 0.48672566371681414,
    "total_trades": 226
}