{
    "cumulative_return": 0.19085280665953896,
    "annualized_return": 0.19085280665953896,
    "sharpe_ratio": 0.7771507617911022,
    "max_drawdown": -0.21912934672861667,
    "win_rate": 0.503968253968254,
    "total_trades": 252,
    "accuracy": 0.4880952380952381,
    "precision": 0.4838709677419355,
    "recall": 0.23622047244094488,
    "f1_score": 0.31746031746031744
}