{
    "cumulative_return": -0.21560967430097822,
    "annualized_return": -0.21713209917337073,
    "sharpe_ratio": -1.0498512789211267,
    "max_drawdown": -0.26503175260132417,
    "win_rate": 0.464,
    "total_trades": 250,
    "accuracy": 0.484,
    "precision": 0.2857142857142857,
    "recall": 0.032520325203252036,
    "f1_score": 0.058394160583941604
}