{
    "cumulative_return": -0.555060826854086,
    "annualized_return": -0.5946411534717471,
    "sharpe_ratio": -4.027594342841825,
    "max_drawdown": -0.5701174075329356,
    "win_rate": 0.37610619469026546,
    "total_trades": 226
}