{
    "cumulative_return": -0.06678756507553585,
    "annualized_return": -0.06678756507553585,
    "sharpe_ratio": -0.1971347872589903,
    "max_drawdown": -0.23332107260468754,
    "win_rate": 0.4722222222222222,
    "total_trades": 252,
    "accuracy": 0.47619047619047616,
    "precision": 0.5797101449275363,
    "recall": 0.27972027972027974,
    "f1_score": 0.37735849056603776
}