{
    "cumulative_return": -0.29292003215326445,
    "annualized_return": -0.3670155532567754,
    "sharpe_ratio": -2.677552366759655,
    "max_drawdown": -0.3221457574265314,
    "win_rate": 0.38219895287958117,
    "total_trades": 191
}