{
    "cumulative_return": -0.3163736296056182,
    "annualized_return": -0.3163736296056182,
    "sharpe_ratio": -1.5899539858322276,
    "max_drawdown": -0.3901199544124975,
    "win_rate": 0.42857142857142855,
    "total_trades": 252,
    "accuracy": 0.44841269841269843,
    "precision": 0.5769230769230769,
    "recall": 0.1048951048951049,
    "f1_score": 0.17751479289940827
}