{
    "cumulative_return": -0.06012261360000681,
    "annualized_return": -0.06680329420796716,
    "sharpe_ratio": -0.25925036529101153,
    "max_drawdown": -0.17249431743722382,
    "win_rate": 0.47345132743362833,
    "total_trades": 226
}