{
    "cumulative_return": -0.2713361111451277,
    "annualized_return": -0.2713361111451277,
    "sharpe_ratio": -1.4121336474243162,
    "max_drawdown": -0.316658001067705,
    "win_rate": 0.4642857142857143,
    "total_trades": 252,
    "accuracy": 0.503968253968254,
    "precision": 0.5522388059701493,
    "recall": 0.5323741007194245,
    "f1_score": 0.5421245421245421
}