{
    "cumulative_return": -0.16720475866632278,
    "annualized_return": -0.18455135404775103,
    "sharpe_ratio": -0.7982436872422205,
    "max_drawdown": -0.21675904386341974,
    "win_rate": 0.4247787610619469,
    "total_trades": 226
}