{
    "cumulative_return": -0.31372490573420275,
    "annualized_return": -0.34281400332821377,
    "sharpe_ratio": -1.6049165764935691,
    "max_drawdown": -0.3408401771712472,
    "win_rate": 0.43805309734513276,
    "total_trades": 226
}