{
    "cumulative_return": -0.13764787402684664,
    "annualized_return": -0.13866892587060675,
    "sharpe_ratio": -0.5979258738512048,
    "max_drawdown": -0.1978611377049864,
    "win_rate": 0.472,
    "total_trades": 250,
    "accuracy": 0.508,
    "precision": 0.5,
    "recall": 0.04878048780487805,
    "f1_score": 0.08888888888888889
}