{
    "cumulative_return": 0.09788489485125296,
    "annualized_return": 0.11077580452622149,
    "sharpe_ratio": 0.5963393635809259,
    "max_drawdown": -0.11855827410661057,
    "win_rate": 0.5,
    "total_trades": 224
}