{
    "cumulative_return": -0.024244660438223153,
    "annualized_return": -0.026995894850390778,
    "sharpe_ratio": 0.03089574500755047,
    "max_drawdown": -0.2629184682503363,
    "win_rate": 0.49557522123893805,
    "total_trades": 226
}