{
    "cumulative_return": 0.10221300934386468,
    "annualized_return": 0.10221300934386468,
    "sharpe_ratio": 0.4871434437066336,
    "max_drawdown": -0.28457038133502527,
    "win_rate": 0.5,
    "total_trades": 252,
    "accuracy": 0.49603174603174605,
    "precision": 0.4939759036144578,
    "recall": 0.9919354838709677,
    "f1_score": 0.6595174262734584
}