{
    "cumulative_return": 0.15113280895295778,
    "annualized_return": 0.2040573329499702,
    "sharpe_ratio": 1.14848629321932,
    "max_drawdown": -0.12434146716795698,
    "win_rate": 0.5759162303664922,
    "total_trades": 191
}