{
    "cumulative_return": -0.3464953689236677,
    "annualized_return": -0.38033815857268694,
    "sharpe_ratio": -1.4658793798500842,
    "max_drawdown": -0.4056194101236198,
    "win_rate": 0.45535714285714285,
    "total_trades": 224
}