{
    "cumulative_return": 0.18865252118794285,
    "annualized_return": 0.21252179063537358,
    "sharpe_ratio": 1.055022030916982,
    "max_drawdown": -0.18502629832535988,
    "win_rate": 0.5221238938053098,
    "total_trades": 226
}