{
    "cumulative_return": 0.13076939847820723,
    "annualized_return": 0.14687061101741405,
    "sharpe_ratio": 0.6467335252155788,
    "max_drawdown": -0.13897364771151177,
    "win_rate": 0.5132743362831859,
    "total_trades": 226
}