{
    "cumulative_return": 0.7391518089714919,
    "annualized_return": 0.8534758806102194,
    "sharpe_ratio": 2.259666116524374,
    "max_drawdown": -0.13581289026097948,
    "win_rate": 0.5707964601769911,
    "total_trades": 226
}