{
    "cumulative_return": 0.3952731410974728,
    "annualized_return": 0.5448328187446541,
    "sharpe_ratio": 2.4598506543805745,
    "max_drawdown": -0.08862066739817993,
    "win_rate": 0.5595854922279793,
    "total_trades": 193
}