{
    "cumulative_return": 0.0929952419427551,
    "annualized_return": 0.10423391397102977,
    "sharpe_ratio": 0.5153192033953722,
    "max_drawdown": -0.16144122332936697,
    "win_rate": 0.5132743362831859,
    "total_trades": 226
}