{
    "cumulative_return": -0.4102627819606971,
    "annualized_return": -0.4102627819606971,
    "sharpe_ratio": -1.7240216082236475,
    "max_drawdown": -0.4508047248244351,
    "win_rate": 0.4523809523809524,
    "total_trades": 252,
    "accuracy": 0.5198412698412699,
    "precision": 0.512396694214876,
    "recall": 0.5,
    "f1_score": 0.5061224489795918
}