{
    "cumulative_return": 0.110920560818482,
    "annualized_return": 0.12328961057507248,
    "sharpe_ratio": 0.5901593893609788,
    "max_drawdown": -0.1863105068222993,
    "win_rate": 0.5,
    "total_trades": 228
}