{
    "cumulative_return": -0.06909571589756158,
    "annualized_return": -0.06909571589756158,
    "sharpe_ratio": -0.13575958032069765,
    "max_drawdown": -0.21917316088214592,
    "win_rate": 0.5119047619047619,
    "total_trades": 252,
    "accuracy": 0.5158730158730159,
    "precision": 0.5714285714285714,
    "recall": 0.032520325203252036,
    "f1_score": 0.06153846153846154
}