{
    "cumulative_return": 0.9655417455553468,
    "annualized_return": 1.1244461117257183,
    "sharpe_ratio": 3.2549990722682387,
    "max_drawdown": -0.1219718020162394,
    "win_rate": 0.5309734513274337,
    "total_trades": 226
}