{
    "cumulative_return": -0.2568141035690489,
    "annualized_return": -0.3212778547788686,
    "sharpe_ratio": -2.00577603660458,
    "max_drawdown": -0.3294749605615966,
    "win_rate": 0.44559585492227977,
    "total_trades": 193
}