{
    "cumulative_return": -0.3679621201832789,
    "annualized_return": -0.4004578123724961,
    "sharpe_ratio": -2.4543488421466586,
    "max_drawdown": -0.4100194209449276,
    "win_rate": 0.4336283185840708,
    "total_trades": 226
}