{
    "cumulative_return": -0.41287714781167717,
    "annualized_return": -0.5047008751220835,
    "sharpe_ratio": -4.036290226593583,
    "max_drawdown": -0.41417510197492324,
    "win_rate": 0.38219895287958117,
    "total_trades": 191
}