{
    "cumulative_return": -0.04368045307737112,
    "annualized_return": -0.048165928237951294,
    "sharpe_ratio": -0.14309102147219707,
    "max_drawdown": -0.15925665210515136,
    "win_rate": 0.5482456140350878,
    "total_trades": 228
}