{
    "cumulative_return": -0.23410357254117808,
    "annualized_return": -0.2592165020624986,
    "sharpe_ratio": -0.860082910762944,
    "max_drawdown": -0.36170255827819436,
    "win_rate": 0.47767857142857145,
    "total_trades": 224
}