{
    "cumulative_return": -0.4731698511642669,
    "annualized_return": -0.5075379247690751,
    "sharpe_ratio": -3.322717720898398,
    "max_drawdown": -0.47818728115317866,
    "win_rate": 0.42543859649122806,
    "total_trades": 228
}