{
    "cumulative_return": 0.17457139569669922,
    "annualized_return": 0.19463476431269688,
    "sharpe_ratio": 0.8003697521471638,
    "max_drawdown": -0.1389736477115116,
    "win_rate": 0.5175438596491229,
    "total_trades": 228
}