{
    "cumulative_return": -0.4907782129664692,
    "annualized_return": -0.4907782129664692,
    "sharpe_ratio": -2.82079133236578,
    "max_drawdown": -0.5138345754595994,
    "win_rate": 0.4603174603174603,
    "total_trades": 252,
    "accuracy": 0.5277777777777778,
    "precision": 0.5406976744186046,
    "recall": 0.6992481203007519,
    "f1_score": 0.6098360655737705
}