{
    "cumulative_return": 0.09325523944300707,
    "annualized_return": 0.09136049583291284,
    "sharpe_ratio": 0.4912245106906099,
    "max_drawdown": -0.20088162750002553,
    "win_rate": 0.5252918287937743,
    "total_trades": 257
}