{
    "cumulative_return": 0.3654933887265086,
    "annualized_return": 0.41101169212309774,
    "sharpe_ratio": 1.8231146869140464,
    "max_drawdown": -0.11768182880393757,
    "win_rate": 0.5482456140350878,
    "total_trades": 228
}