{
    "cumulative_return": -0.5898764181337555,
    "annualized_return": -0.6266046330046458,
    "sharpe_ratio": -3.8460364396479054,
    "max_drawdown": -0.616875226539003,
    "win_rate": 0.37719298245614036,
    "total_trades": 228
}