{
    "cumulative_return": 0.27452228166461445,
    "annualized_return": 0.3074847609851086,
    "sharpe_ratio": 1.3816214645103482,
    "max_drawdown": -0.14538293531490823,
    "win_rate": 0.5394736842105263,
    "total_trades": 228
}