{
    "cumulative_return": 0.2765124731566144,
    "annualized_return": 0.2765124731566144,
    "sharpe_ratio": 1.0628005088021926,
    "max_drawdown": -0.14866482712363724,
    "win_rate": 0.5158730158730159,
    "total_trades": 252,
    "accuracy": 0.5317460317460317,
    "precision": 0.5308641975308642,
    "recall": 0.9699248120300752,
    "f1_score": 0.6861702127659575
}