{
    "cumulative_return": 0.10792270890810984,
    "annualized_return": 0.12106300712935902,
    "sharpe_ratio": 0.6551454668887868,
    "max_drawdown": -0.1798208575875567,
    "win_rate": 0.5221238938053098,
    "total_trades": 226
}