{
    "cumulative_return": 0.22366483520034208,
    "annualized_return": 0.2499427136159491,
    "sharpe_ratio": 1.0183810731837915,
    "max_drawdown": -0.1212231814244286,
    "win_rate": 0.5482456140350878,
    "total_trades": 228
}