{
    "cumulative_return": -0.3265092287249881,
    "annualized_return": -0.3564501510137845,
    "sharpe_ratio": -1.5975568561448972,
    "max_drawdown": -0.4480262881482215,
    "win_rate": 0.43805309734513276,
    "total_trades": 226
}