{
    "cumulative_return": -0.6339170645759029,
    "annualized_return": -0.670663031468901,
    "sharpe_ratio": -4.388695194018125,
    "max_drawdown": -0.6657975276328372,
    "win_rate": 0.37719298245614036,
    "total_trades": 228
}