{
    "cumulative_return": -0.5478119489589497,
    "annualized_return": -0.6021444822148853,
    "sharpe_ratio": -5.292965655159909,
    "max_drawdown": -0.5470144979369529,
    "win_rate": 0.3640552995391705,
    "total_trades": 217,
    "accuracy": 0.43317972350230416,
    "precision": 0.5,
    "recall": 0.17073170731707318,
    "f1_score": 0.2545454545454545
}