{
    "cumulative_return": -0.06914856902070421,
    "annualized_return": -0.07679056043652044,
    "sharpe_ratio": -0.12278864907629922,
    "max_drawdown": -0.3847927966367531,
    "win_rate": 0.4911504424778761,
    "total_trades": 226
}