{
    "cumulative_return": 1.2473465326504778,
    "annualized_return": 1.2473465326504778,
    "sharpe_ratio": 1.6903701988754427,
    "max_drawdown": -0.2822190172913529,
    "win_rate": 0.5515873015873016,
    "total_trades": 252
}