{
    "cumulative_return": -0.2968394440377172,
    "annualized_return": -0.2968394440377172,
    "sharpe_ratio": -1.38052189547058,
    "max_drawdown": -0.3325077556934349,
    "win_rate": 0.4523809523809524,
    "total_trades": 252
}