{
    "cumulative_return": -0.8838206336142581,
    "annualized_return": -0.8838206336142581,
    "sharpe_ratio": -7.156148973317459,
    "max_drawdown": -0.8815267794898007,
    "win_rate": 0.3253968253968254,
    "total_trades": 252
}