{
    "cumulative_return": -0.8838206336142581,
    "annualized_return": -0.8838206336142581,
    "sharpe_ratio": -7.156148973317459,
    "max_drawdown": -0.8815267794898007,
    "win_rate": 0.3253968253968254,
    "total_trades": 252,
    "accuracy": 0.4801587301587302,
    "precision": 0.5483870967741935,
    "recall": 0.36428571428571427,
    "f1_score": 0.43776824034334766
}