{
    "cumulative_return": 0.011006785054322288,
    "annualized_return": 0.011006785054322288,
    "sharpe_ratio": 0.16444794217347825,
    "max_drawdown": -0.13083116644072418,
    "win_rate": 0.4722222222222222,
    "total_trades": 252
}