{
    "cumulative_return": -0.34970401458885525,
    "annualized_return": -0.39330879723054035,
    "sharpe_ratio": -2.198233299249798,
    "max_drawdown": -0.3691612284210372,
    "win_rate": 0.4930875576036866,
    "total_trades": 217
}