{
    "cumulative_return": 1.1843677950098286,
    "annualized_return": 1.1843677950098286,
    "sharpe_ratio": 1.6404789074411454,
    "max_drawdown": -0.28221901729135307,
    "win_rate": 0.5476190476190477,
    "total_trades": 252
}