{
    "cumulative_return": -0.34970401458885525,
    "annualized_return": -0.39330879723054035,
    "sharpe_ratio": -2.198233299249798,
    "max_drawdown": -0.3691612284210372,
    "win_rate": 0.4930875576036866,
    "total_trades": 217,
    "accuracy": 0.543778801843318,
    "precision": 0.6153846153846154,
    "recall": 0.0784313725490196,
    "f1_score": 0.1391304347826087
}