{
    "cumulative_return": -0.4783545152591582,
    "annualized_return": -0.4783545152591582,
    "sharpe_ratio": -2.4426158886574356,
    "max_drawdown": -0.5064735495855791,
    "win_rate": 0.43253968253968256,
    "total_trades": 252
}