{
    "cumulative_return": -0.12067200696938674,
    "annualized_return": -0.12067200696938674,
    "sharpe_ratio": -0.4865764618271108,
    "max_drawdown": -0.19396724194207546,
    "win_rate": 0.45634920634920634,
    "total_trades": 252,
    "accuracy": 0.5198412698412699,
    "precision": 0.5138121546961326,
    "recall": 0.7380952380952381,
    "f1_score": 0.6058631921824105
}