{
    "cumulative_return": -0.7141278984024276,
    "annualized_return": -0.7169773789569983,
    "sharpe_ratio": -3.059427228106367,
    "max_drawdown": -0.7014938250151298,
    "win_rate": 0.424,
    "total_trades": 250
}