{
    "cumulative_return": -0.5394173089299952,
    "annualized_return": -0.5394173089299952,
    "sharpe_ratio": -2.2681030793785966,
    "max_drawdown": -0.586080287123902,
    "win_rate": 0.4801587301587302,
    "total_trades": 252
}