{
    "cumulative_return": -0.4615862569352598,
    "annualized_return": -0.4615862569352598,
    "sharpe_ratio": -2.3144982565648107,
    "max_drawdown": -0.5022761513639907,
    "win_rate": 0.43253968253968256,
    "total_trades": 252
}