{
    "cumulative_return": -0.0027463619203734746,
    "annualized_return": -0.002768302376705778,
    "sharpe_ratio": 0.19054656322856414,
    "max_drawdown": -0.39720062900579367,
    "win_rate": 0.512,
    "total_trades": 250,
    "accuracy": 0.476,
    "precision": 0.5230769230769231,
    "recall": 0.2537313432835821,
    "f1_score": 0.3417085427135678
}