{
    "cumulative_return": 0.6842846731878274,
    "annualized_return": 0.6842846731878274,
    "sharpe_ratio": 2.638267871282234,
    "max_drawdown": -0.09392367295864842,
    "win_rate": 0.5079365079365079,
    "total_trades": 252
}