{
    "cumulative_return": 1.2646750501887216,
    "annualized_return": 1.2646750501887216,
    "sharpe_ratio": 3.3557054879218313,
    "max_drawdown": -0.09492476554383272,
    "win_rate": 0.5595238095238095,
    "total_trades": 252,
    "accuracy": 0.5079365079365079,
    "precision": 0.5157894736842106,
    "recall": 0.3858267716535433,
    "f1_score": 0.44144144144144143
}