{
    "cumulative_return": 2.66534115770278,
    "annualized_return": 2.66534115770278,
    "sharpe_ratio": 5.929024642992088,
    "max_drawdown": -0.11008871588766662,
    "win_rate": 0.6468253968253969,
    "total_trades": 252
}