{
    "cumulative_return": 0.03688266750550673,
    "annualized_return": 0.03688266750550673,
    "sharpe_ratio": 0.2788876893830487,
    "max_drawdown": -0.23572337149360678,
    "win_rate": 0.5158730158730159,
    "total_trades": 252,
    "accuracy": 0.5119047619047619,
    "precision": 0.5119047619047619,
    "recall": 1.0,
    "f1_score": 0.6771653543307087
}