{
    "cumulative_return": 2.66534115770278,
    "annualized_return": 2.66534115770278,
    "sharpe_ratio": 5.929024642992088,
    "max_drawdown": -0.11008871588766662,
    "win_rate": 0.6468253968253969,
    "total_trades": 252,
    "accuracy": 0.45634920634920634,
    "precision": 0.4690265486725664,
    "recall": 0.4076923076923077,
    "f1_score": 0.43621399176954734
}