{
    "cumulative_return": 0.6048174192800333,
    "annualized_return": 0.610901681092024,
    "sharpe_ratio": 2.0155269613367075,
    "max_drawdown": -0.09241452326002544,
    "win_rate": 0.532,
    "total_trades": 250,
    "accuracy": 0.508,
    "precision": 0.5084745762711864,
    "recall": 0.7142857142857143,
    "f1_score": 0.594059405940594
}