{
    "cumulative_return": -0.4512144498963748,
    "annualized_return": -0.4512144498963748,
    "sharpe_ratio": -2.206093637310979,
    "max_drawdown": -0.46098130683541644,
    "win_rate": 0.4642857142857143,
    "total_trades": 252,
    "accuracy": 0.5119047619047619,
    "precision": 0.5136986301369864,
    "recall": 0.5905511811023622,
    "f1_score": 0.5494505494505495
}