{
    "cumulative_return": 0.6048174192800333,
    "annualized_return": 0.610901681092024,
    "sharpe_ratio": 2.0155269613367075,
    "max_drawdown": -0.09241452326002544,
    "win_rate": 0.532,
    "total_trades": 250
}