{
    "cumulative_return": 1.2646750501887216,
    "annualized_return": 1.2646750501887216,
    "sharpe_ratio": 3.3557054879218313,
    "max_drawdown": -0.09492476554383272,
    "win_rate": 0.5595238095238095,
    "total_trades": 252
}