{
    "cumulative_return": 0.6195246633577765,
    "annualized_return": 0.6195246633577765,
    "sharpe_ratio": 2.156199298532552,
    "max_drawdown": -0.08803452164728326,
    "win_rate": 0.5436507936507936,
    "total_trades": 252,
    "accuracy": 0.49206349206349204,
    "precision": 0.5161290322580645,
    "recall": 0.24615384615384617,
    "f1_score": 0.3333333333333333
}