{
    "cumulative_return": -0.42793995607210433,
    "annualized_return": -0.47721960209188363,
    "sharpe_ratio": -3.4986724367292217,
    "max_drawdown": -0.44881280619025854,
    "win_rate": 0.41935483870967744,
    "total_trades": 217
}