{
    "cumulative_return": -0.4512144498963748,
    "annualized_return": -0.4512144498963748,
    "sharpe_ratio": -2.206093637310979,
    "max_drawdown": -0.46098130683541644,
    "win_rate": 0.4642857142857143,
    "total_trades": 252
}