{
    "cumulative_return": -0.40794646299771653,
    "annualized_return": -0.40794646299771653,
    "sharpe_ratio": -2.2891874272782546,
    "max_drawdown": -0.4263346142643292,
    "win_rate": 0.4246031746031746,
    "total_trades": 252
}