{
    "cumulative_return": 0.8066852874563262,
    "annualized_return": 0.8066852874563262,
    "sharpe_ratio": 2.8357114575175535,
    "max_drawdown": -0.08199423866675695,
    "win_rate": 0.5595238095238095,
    "total_trades": 252,
    "accuracy": 0.5198412698412699,
    "precision": 0.46875,
    "recall": 0.2564102564102564,
    "f1_score": 0.3314917127071823
}