{
    "cumulative_return": -0.11364173093847252,
    "annualized_return": -0.11364173093847252,
    "sharpe_ratio": -0.7234879631220293,
    "max_drawdown": -0.13828348227883586,
    "win_rate": 0.4722222222222222,
    "total_trades": 252
}