{
    "cumulative_return": -0.14832887959839025,
    "annualized_return": -0.17010058876278522,
    "sharpe_ratio": -0.9420300646234343,
    "max_drawdown": -0.23228257098731248,
    "win_rate": 0.4838709677419355,
    "total_trades": 217,
    "accuracy": 0.4930875576036866,
    "precision": 0.43670886075949367,
    "recall": 0.7666666666666667,
    "f1_score": 0.5564516129032258
}