{
    "cumulative_return": 0.01358511071865065,
    "annualized_return": 0.01358511071865065,
    "sharpe_ratio": 0.19694208788152545,
    "max_drawdown": -0.30019628218450606,
    "win_rate": 0.5277777777777778,
    "total_trades": 252
}