{
    "cumulative_return": -0.20074779688563404,
    "annualized_return": -0.20074779688563404,
    "sharpe_ratio": -1.2254074399834698,
    "max_drawdown": -0.27742989987514693,
    "win_rate": 0.503968253968254,
    "total_trades": 252,
    "accuracy": 0.5,
    "precision": 0.5,
    "recall": 0.20634920634920634,
    "f1_score": 0.29213483146067415
}