{
    "cumulative_return": -0.4241481093154832,
    "annualized_return": -0.4241481093154832,
    "sharpe_ratio": -2.3989219794728034,
    "max_drawdown": -0.4216950744511168,
    "win_rate": 0.4444444444444444,
    "total_trades": 252,
    "accuracy": 0.5357142857142857,
    "precision": 0.6153846153846154,
    "recall": 0.4057971014492754,
    "f1_score": 0.4890829694323144
}