{
    "cumulative_return": 0.04615593773366977,
    "annualized_return": 0.04615593773366977,
    "sharpe_ratio": 0.3491499221829744,
    "max_drawdown": -0.13447719142739464,
    "win_rate": 0.49603174603174605,
    "total_trades": 252
}