{
    "cumulative_return": 0.009506090562072744,
    "annualized_return": 0.011047771555915853,
    "sharpe_ratio": 0.1513981367551801,
    "max_drawdown": -0.12712344675343554,
    "win_rate": 0.45161290322580644,
    "total_trades": 217,
    "accuracy": 0.4838709677419355,
    "precision": 0.4067796610169492,
    "recall": 0.5333333333333333,
    "f1_score": 0.46153846153846156
}