{
    "cumulative_return": 0.05590111811355092,
    "annualized_return": 0.06520562548388642,
    "sharpe_ratio": 0.4401648683038152,
    "max_drawdown": -0.12712344675343554,
    "win_rate": 0.45622119815668205,
    "total_trades": 217
}