{
    "cumulative_return": -0.11364173093847252,
    "annualized_return": -0.11364173093847252,
    "sharpe_ratio": -0.7234879631220293,
    "max_drawdown": -0.13828348227883586,
    "win_rate": 0.4722222222222222,
    "total_trades": 252,
    "accuracy": 0.49603174603174605,
    "precision": 0.49193548387096775,
    "recall": 0.991869918699187,
    "f1_score": 0.6576819407008087
}