{
    "cumulative_return": -0.10718279367425965,
    "annualized_return": -0.10718279367425965,
    "sharpe_ratio": -0.675211417148412,
    "max_drawdown": -0.20083284636706414,
    "win_rate": 0.47619047619047616,
    "total_trades": 252
}