{
    "cumulative_return": -0.29523014203276865,
    "annualized_return": -0.29523014203276865,
    "sharpe_ratio": -1.9923530357141415,
    "max_drawdown": -0.29770867818202645,
    "win_rate": 0.4444444444444444,
    "total_trades": 252
}