{
    "cumulative_return": 0.02086048100104443,
    "annualized_return": 0.02086048100104443,
    "sharpe_ratio": 0.206200972898428,
    "max_drawdown": -0.10946100550733777,
    "win_rate": 0.4444444444444444,
    "total_trades": 252
}