{
    "cumulative_return": -0.20074779688563404,
    "annualized_return": -0.20074779688563404,
    "sharpe_ratio": -1.2254074399834698,
    "max_drawdown": -0.27742989987514693,
    "win_rate": 0.503968253968254,
    "total_trades": 252
}