{
    "cumulative_return": -0.28722302334821126,
    "annualized_return": -0.2891511053308945,
    "sharpe_ratio": -1.7428536597127955,
    "max_drawdown": -0.3070330789027018,
    "win_rate": 0.444,
    "total_trades": 250
}