{
    "cumulative_return": 0.20144752714113778,
    "annualized_return": 0.20321280819890442,
    "sharpe_ratio": 1.0856066851284902,
    "max_drawdown": -0.1345822784810124,
    "win_rate": 0.496,
    "total_trades": 250
}