{
    "cumulative_return": 0.04615593773366977,
    "annualized_return": 0.04615593773366977,
    "sharpe_ratio": 0.3491499221829744,
    "max_drawdown": -0.13447719142739464,
    "win_rate": 0.49603174603174605,
    "total_trades": 252,
    "accuracy": 0.5,
    "precision": 0.5,
    "recall": 1.0,
    "f1_score": 0.6666666666666666
}