{
    "cumulative_return": -0.4424057641252841,
    "annualized_return": -0.4424057641252841,
    "sharpe_ratio": -2.549339662115779,
    "max_drawdown": -0.4502609515109348,
    "win_rate": 0.4365079365079365,
    "total_trades": 252,
    "accuracy": 0.45634920634920634,
    "precision": 0.5054945054945055,
    "recall": 0.3333333333333333,
    "f1_score": 0.4017467248908297
}