{
    "cumulative_return": -0.4742973049891648,
    "annualized_return": -0.5148983756407566,
    "sharpe_ratio": -3.794401410102957,
    "max_drawdown": -0.5019154163445998,
    "win_rate": 0.38392857142857145,
    "total_trades": 224
}