{
    "cumulative_return": 0.012533164703798283,
    "annualized_return": 0.012533164703798283,
    "sharpe_ratio": 0.15790272604624833,
    "max_drawdown": -0.1638609584353764,
    "win_rate": 0.4880952380952381,
    "total_trades": 252,
    "accuracy": 0.5119047619047619,
    "precision": 0.5,
    "recall": 0.032520325203252036,
    "f1_score": 0.061068702290076333
}