{
    "cumulative_return": -0.27316983458772326,
    "annualized_return": -0.29936536775996725,
    "sharpe_ratio": -2.0262756484901883,
    "max_drawdown": -0.27479230757286194,
    "win_rate": 0.4336283185840708,
    "total_trades": 226
}