{
    "cumulative_return": -0.22514581850122262,
    "annualized_return": -0.2563779893861734,
    "sharpe_ratio": -1.5547417482587031,
    "max_drawdown": -0.23504933386413002,
    "win_rate": 0.46543778801843316,
    "total_trades": 217,
    "accuracy": 0.48847926267281105,
    "precision": 0.4406779661016949,
    "recall": 0.8666666666666667,
    "f1_score": 0.5842696629213483
}