{
    "cumulative_return": 1.1581989806167217,
    "annualized_return": 1.3579076226049716,
    "sharpe_ratio": 2.9956347763501965,
    "max_drawdown": -0.10769208717586994,
    "win_rate": 0.5265486725663717,
    "total_trades": 226
}