{
    "cumulative_return": 0.8023749751974143,
    "annualized_return": 0.8023749751974143,
    "sharpe_ratio": 3.6490065706135133,
    "max_drawdown": -0.05823900015366507,
    "win_rate": 0.5674603174603174,
    "total_trades": 252,
    "accuracy": 0.4722222222222222,
    "precision": 0.5058823529411764,
    "recall": 0.3208955223880597,
    "f1_score": 0.3926940639269406
}