{
    "cumulative_return": 0.05339076307582902,
    "annualized_return": 0.05971308895965288,
    "sharpe_ratio": 0.4810520185753612,
    "max_drawdown": -0.11254045638903717,
    "win_rate": 0.504424778761062,
    "total_trades": 226
}