{
    "cumulative_return": -0.02298334286454462,
    "annualized_return": -0.025593331251082763,
    "sharpe_ratio": -0.11262535351828075,
    "max_drawdown": -0.1154231405903418,
    "win_rate": 0.4911504424778761,
    "total_trades": 226
}