{
    "cumulative_return": -0.27543412175363813,
    "annualized_return": -0.27543412175363813,
    "sharpe_ratio": -1.342768554214176,
    "max_drawdown": -0.36314147089187565,
    "win_rate": 0.4801587301587302,
    "total_trades": 252,
    "accuracy": 0.503968253968254,
    "precision": 0.5355191256830601,
    "recall": 0.7101449275362319,
    "f1_score": 0.6105919003115264
}