{
    "cumulative_return": -0.2961673422278206,
    "annualized_return": -0.2961673422278206,
    "sharpe_ratio": -2.271429390566584,
    "max_drawdown": -0.3440352952622083,
    "win_rate": 0.4642857142857143,
    "total_trades": 252,
    "accuracy": 0.4880952380952381,
    "precision": 0.39285714285714285,
    "recall": 0.08943089430894309,
    "f1_score": 0.1456953642384106
}