{
    "cumulative_return": 1.2119269248267233,
    "annualized_return": 1.4234533800351152,
    "sharpe_ratio": 3.090102722433908,
    "max_drawdown": -0.10047491837340468,
    "win_rate": 0.5530973451327433,
    "total_trades": 226
}