{
    "cumulative_return": 0.11877402926814384,
    "annualized_return": 0.13331309345158493,
    "sharpe_ratio": 0.8870954508986855,
    "max_drawdown": -0.1061452616600705,
    "win_rate": 0.5088495575221239,
    "total_trades": 226
}