{
    "cumulative_return": 0.6797827168490844,
    "annualized_return": 0.826351034935231,
    "sharpe_ratio": 3.5036208730442837,
    "max_drawdown": -0.07363064607951242,
    "win_rate": 0.5806451612903226,
    "total_trades": 217,
    "accuracy": 0.511520737327189,
    "precision": 0.4215686274509804,
    "recall": 0.4777777777777778,
    "f1_score": 0.4479166666666667
}