{
    "cumulative_return": -0.5022252554117963,
    "annualized_return": -0.5049955296203376,
    "sharpe_ratio": -3.7703700063014596,
    "max_drawdown": -0.5413075781299067,
    "win_rate": 0.4,
    "total_trades": 250,
    "accuracy": 0.524,
    "precision": 0.5229357798165137,
    "recall": 0.4596774193548387,
    "f1_score": 0.4892703862660944
}