{
    "cumulative_return": -0.18932587993701455,
    "annualized_return": -0.20866640956287819,
    "sharpe_ratio": -0.916543767580946,
    "max_drawdown": -0.26769321745820684,
    "win_rate": 0.4690265486725664,
    "total_trades": 226
}