{
    "cumulative_return": 0.22199325535125003,
    "annualized_return": 0.2505054087359979,
    "sharpe_ratio": 1.5287535026299548,
    "max_drawdown": -0.12518806658134102,
    "win_rate": 0.5265486725663717,
    "total_trades": 226
}