{
    "cumulative_return": -0.14046597815383088,
    "annualized_return": -0.14046597815383088,
    "sharpe_ratio": -0.7986781790325272,
    "max_drawdown": -0.24972963050531108,
    "win_rate": 0.47619047619047616,
    "total_trades": 252,
    "accuracy": 0.503968253968254,
    "precision": 0.5384615384615384,
    "recall": 0.05555555555555555,
    "f1_score": 0.10071942446043165
}