{
    "cumulative_return": -0.07902806935052342,
    "annualized_return": -0.08770951081852763,
    "sharpe_ratio": -0.4561178190600758,
    "max_drawdown": -0.15239280715732878,
    "win_rate": 0.4690265486725664,
    "total_trades": 226
}