{
    "cumulative_return": -0.15028741939048196,
    "annualized_return": -0.1660592337511798,
    "sharpe_ratio": -0.6848920742151335,
    "max_drawdown": -0.27696320903387356,
    "win_rate": 0.5132743362831859,
    "total_trades": 226
}