{
    "cumulative_return": 0.3823587257112109,
    "annualized_return": 0.4394558631269312,
    "sharpe_ratio": 2.0178938699310978,
    "max_drawdown": -0.08327448319698529,
    "win_rate": 0.5178571428571429,
    "total_trades": 224
}